index,ds,open,high,low,Close,volume,amount,outstanding_share,turnover
0,2006-10-27,1.38,1.4,1.32,1.33,2582539562.0,8725310440.0,6830780000.0,0.37807388936548975
1,2006-10-30,1.33,1.35,1.32,1.33,351921002.0,1153127879.0,6830780000.0,0.051519885283964645
2,2006-10-31,1.33,1.35,1.33,1.34,230126187.0,761050767.0,6830780000.0,0.0336895913790226
3,2006-11-01,1.34,1.34,1.33,1.34,132892401.0,437264838.0,6830780000.0,0.019454937942665406
4,2006-11-02,1.34,1.34,1.32,1.33,175155427.0,573399417.0,6830780000.0,0.025642082895364803
5,2006-11-03,1.33,1.37,1.33,1.36,400016130.0,1331710304.0,6830780000.0,0.058560827606803326
6,2006-11-06,1.35,1.37,1.35,1.37,209993801.0,706248019.0,6830780000.0,0.03074228726441197
7,2006-11-07,1.37,1.39,1.37,1.38,296792452.0,1010942170.0,6830780000.0,0.043449276949338145
8,2006-11-08,1.38,1.38,1.36,1.36,151822699.0,512250494.0,6830780000.0,0.022226260983372322
9,2006-11-09,1.36,1.38,1.36,1.38,177948204.0,601893735.0,6830780000.0,0.026050934739517303
10,2006-11-10,1.38,1.43,1.38,1.4,759690218.0,2640424952.0,6830780000.0,0.11121573495267012
11,2006-11-13,1.4,1.46,1.4,1.43,463375150.0,1636941479.0,6830780000.0,0.06783634519044678
12,2006-11-14,1.45,1.47,1.43,1.46,431911750.0,1548647107.0,6830780000.0,0.06323022407397105
13,2006-11-15,1.46,1.48,1.46,1.48,344605663.0,1249336119.0,6830780000.0,0.05044894770436173
14,2006-11-16,1.5,1.59,1.49,1.54,687712580.0,2604463502.0,6830780000.0,0.10067848474112766
15,2006-11-17,1.54,1.56,1.52,1.54,314841698.0,1197434893.0,6830780000.0,0.04609161735555822
16,2006-11-20,1.54,1.59,1.54,1.59,318049415.0,1233700067.0,6830780000.0,0.046561214824661315
17,2006-11-21,1.59,1.61,1.57,1.59,233060114.0,912571812.0,6830780000.0,0.03411910704194836
18,2006-11-22,1.59,1.6,1.55,1.58,283457074.0,1097899219.0,6830780000.0,0.041497028743423155
19,2006-11-23,1.59,1.63,1.59,1.61,302943550.0,1202109376.0,6830780000.0,0.04434977411071649
20,2006-11-24,1.59,1.6,1.57,1.59,189227337.0,737365901.0,6830780000.0,0.02770215656191533
21,2006-11-27,1.58,1.58,1.53,1.55,300467637.0,1145692124.0,6830780000.0,0.04398730994117802
22,2006-11-28,1.53,1.55,1.51,1.52,242436322.0,908464791.0,6830780000.0,0.03549174794093793
23,2006-11-29,1.49,1.54,1.48,1.54,244311148.0,912399759.0,6830780000.0,0.03576621527848942
24,2006-11-30,1.54,1.55,1.53,1.55,231829092.0,878972599.0,6830780000.0,0.03393889014138941
25,2006-12-01,1.55,1.55,1.52,1.53,274203442.0,1031906089.0,6830780000.0,0.04014233250082714
26,2006-12-04,1.53,1.61,1.51,1.59,410693928.0,1587058253.0,6830780000.0,0.06012401629096531
27,2006-12-05,1.59,1.61,1.57,1.57,266225582.0,1044606237.0,6830780000.0,0.03897440438720029
28,2006-12-06,1.57,1.59,1.53,1.56,263484725.0,1008236043.0,6830780000.0,0.03857315343196531
29,2006-12-07,1.56,1.6,1.55,1.56,336873997.0,1315713903.0,6830780000.0,0.049317061448326545
30,2006-12-08,1.55,1.61,1.55,1.57,386868807.0,1511314644.0,6830780000.0,0.05663610993180867
31,2006-12-11,1.57,1.66,1.56,1.66,458576445.0,1823478544.0,6830780000.0,0.06713383317864138
32,2006-12-12,1.66,1.76,1.66,1.75,543092050.0,2294872535.0,6830780000.0,0.07950659368329825
33,2006-12-13,1.76,1.78,1.71,1.74,299058098.0,1284249186.0,6830780000.0,0.043780958836326156
34,2006-12-14,1.74,1.74,1.7,1.73,184842589.0,785511153.0,6830780000.0,0.027060246267629758
35,2006-12-15,1.74,1.76,1.73,1.75,173307488.0,746397041.0,6830780000.0,0.025371551711517573
36,2006-12-18,1.75,1.85,1.74,1.85,280665330.0,1244248740.0,6830780000.0,0.04108832812650971
37,2006-12-19,1.86,1.96,1.85,1.92,334221447.0,1572281193.0,6830780000.0,0.04892873829928646
38,2006-12-20,1.9,1.93,1.87,1.9,207182738.0,970275189.0,6830780000.0,0.030330758419975463
39,2006-12-21,1.9,1.94,1.88,1.89,195124148.0,918152016.0,6830780000.0,0.02856542708153388
40,2006-12-22,1.88,1.94,1.87,1.92,193603438.0,909864988.0,6830780000.0,0.02834280096855703
41,2006-12-25,1.95,2.11,1.95,2.11,441375154.0,2256254726.0,6830780000.0,0.06461563013301555
42,2006-12-26,2.11,2.31,2.1,2.24,579603067.0,3128020235.0,6830780000.0,0.08485166657394909
43,2006-12-27,2.22,2.31,2.14,2.3,402659574.0,2212671749.0,6830780000.0,0.05894781767235953
44,2006-12-28,2.3,2.45,2.27,2.37,516210384.0,3014590539.0,6830780000.0,0.07557122085618334
45,2006-12-29,2.39,2.58,2.36,2.52,674291702.0,4066299688.0,6830780000.0,0.09871371966305459
46,2007-01-04,2.56,2.75,2.39,2.45,967834954.0,6194157171.0,6830780000.0,0.1416873261911524
47,2007-01-05,2.38,2.38,2.21,2.21,808749594.0,4495265602.0,6830780000.0,0.11839783948538819
48,2007-01-08,2.17,2.25,2.14,2.25,644985062.0,3498360831.0,6830780000.0,0.09442333994068028
49,2007-01-09,2.25,2.35,2.2,2.35,644456371.0,3586835363.0,6830780000.0,0.09434594160549747
50,2007-01-10,2.43,2.43,2.27,2.31,782410090.0,4509619117.0,6830780000.0,0.11454183709620278
51,2007-01-11,2.3,2.3,2.2,2.24,554847840.0,3064577904.0,6830780000.0,0.08122759626279868
52,2007-01-12,2.21,2.24,2.14,2.16,424071763.0,2291842093.0,6830780000.0,0.06208248003888282
53,2007-01-15,2.16,2.26,2.15,2.26,400715166.0,2178581110.0,6830780000.0,0.058663163796813834
54,2007-01-16,2.28,2.3,2.18,2.24,429182673.0,2361786718.0,6830780000.0,0.06283069766556675
55,2007-01-17,2.24,2.29,2.2,2.21,427397760.0,2349392909.0,6830780000.0,0.0625693932464521
56,2007-01-18,2.19,2.22,2.07,2.13,477883239.0,2506958356.0,6830780000.0,0.06996027379010888
57,2007-01-19,2.13,2.16,2.11,2.15,309055619.0,1628590366.0,6830780000.0,0.04524455757614797
58,2007-01-22,2.17,2.23,2.17,2.22,379154999.0,2061637253.0,6830780000.0,0.05550683801849862
59,2007-01-23,2.25,2.29,2.17,2.28,501221801.0,2765682162.0,6830780000.0,0.07337694977733143
60,2007-01-24,2.29,2.3,2.24,2.24,354176544.0,1973832513.0,6830780000.0,0.05185008798409552
61,2007-01-25,2.21,2.21,2.13,2.14,334956123.0,1787675204.0,6830780000.0,0.049036292048638665
62,2007-01-26,2.09,2.18,1.99,2.13,418654653.0,2148738253.0,6830780000.0,0.061289435906294744
63,2007-01-29,2.1,2.18,2.07,2.16,670128658.0,3530236211.0,9180780000.0,0.07299256250558231
64,2007-01-30,2.17,2.19,2.09,2.1,423492130.0,2222308739.0,9180780000.0,0.04612812092218744
65,2007-01-31,2.1,2.14,2.02,2.03,507815113.0,2609019237.0,9180780000.0,0.05531285065103401
66,2007-02-01,2.02,2.06,2.0,2.03,249356089.0,1243631524.0,9180780000.0,0.02716066488903993
67,2007-02-02,2.04,2.05,1.95,1.96,360404402.0,1762491166.0,9180780000.0,0.039256403268567594
68,2007-02-05,1.95,1.97,1.9,1.9,240420240.0,1140243105.0,9180780000.0,0.026187343559044004
69,2007-02-06,1.91,1.99,1.85,1.98,493833988.0,2331107702.0,9180780000.0,0.05378998167911659
70,2007-02-07,1.99,2.01,1.96,1.98,469095591.0,2298275594.0,9180780000.0,0.051095396142811396
71,2007-02-08,1.99,1.99,1.94,1.96,231885906.0,1119563161.0,9180780000.0,0.025257756530490873
72,2007-02-09,1.96,1.96,1.92,1.94,192423912.0,919395223.0,9180780000.0,0.020959429590949787
73,2007-02-12,1.94,2.0,1.94,2.0,210599752.0,1026997621.0,9180780000.0,0.02293920037295306
74,2007-02-13,2.0,2.02,1.98,1.99,239474109.0,1180270547.0,9180780000.0,0.026084287936319138
75,2007-02-14,1.99,2.06,1.97,2.04,299094780.0,1490040929.0,9180780000.0,0.032578362622783685
76,2007-02-15,2.06,2.11,2.06,2.1,337329183.0,1730560271.0,9180780000.0,0.036742976413768766
77,2007-02-16,2.11,2.12,2.07,2.09,285213515.0,1473264480.0,9180780000.0,0.031066370722313354
78,2007-02-26,2.07,2.08,2.02,2.07,372495517.0,1883782914.0,9180780000.0,0.040573406290097355
79,2007-02-27,2.07,2.07,1.88,1.9,424913647.0,2087123731.0,9180780000.0,0.04628295711257649
80,2007-02-28,1.9,2.0,1.89,1.99,295281167.0,1415592338.0,9180780000.0,0.03216297166471694
81,2007-03-01,1.95,1.97,1.91,1.93,276189308.0,1314956363.0,9180780000.0,0.0300834251555968
82,2007-03-02,1.93,1.96,1.91,1.95,178987594.0,854683521.0,9180780000.0,0.019495902744646968
83,2007-03-05,1.94,1.96,1.88,1.9,248823553.0,1174220766.0,9180780000.0,0.027102659360097942
84,2007-03-06,1.9,2.01,1.89,1.98,331717963.0,1604126145.0,9180780000.0,0.036131784336407145
85,2007-03-07,1.98,2.01,1.98,1.99,265019310.0,1303665323.0,9180780000.0,0.028866753151692993
86,2007-03-08,1.99,2.0,1.97,2.0,168915216.0,828417162.0,9180780000.0,0.018398787031167287
87,2007-03-09,2.0,2.07,2.0,2.05,429776506.0,2154512419.0,9180780000.0,0.04681263530985385
88,2007-03-12,2.07,2.09,2.05,2.07,323012294.0,1650213418.0,9180780000.0,0.035183534950189416
89,2007-03-13,2.07,2.07,2.02,2.04,273393795.0,1373963434.0,9180780000.0,0.029778928914536672
90,2007-03-14,2.02,2.02,1.99,2.0,233738711.0,1151162094.0,9180780000.0,0.02545956999296356
91,2007-03-15,1.99,2.04,1.99,2.01,172562551.0,856079083.0,9180780000.0,0.018796066456227032
92,2007-03-16,2.02,2.06,1.99,2.01,309942531.0,1544522348.0,9180780000.0,0.03375993445001405
93,2007-03-19,1.98,2.14,1.97,2.1,603477485.0,3089249191.0,9180780000.0,0.06573270299473465
94,2007-03-20,2.11,2.12,2.07,2.09,241745004.0,1247608656.0,9180780000.0,0.02633164110238999
95,2007-03-22,2.12,2.13,2.09,2.11,366076249.0,1895658061.0,9180780000.0,0.03987419903319762
96,2007-03-23,2.11,2.11,2.04,2.09,253250014.0,1297432734.0,9180780000.0,0.027584803687704097
97,2007-03-26,2.09,2.11,2.07,2.11,281909566.0,1458037649.0,9180780000.0,0.030706494001598993
98,2007-03-27,2.1,2.11,2.08,2.09,247263052.0,1273611583.0,9180780000.0,0.026932684586712677
99,2007-03-28,2.09,2.16,2.07,2.15,662173916.0,3474670923.0,9180780000.0,0.0721261064963979
100,2007-03-29,2.16,2.36,2.15,2.27,1016163015.0,5661815199.0,9180780000.0,0.11068373438858137
101,2007-03-30,2.25,2.27,2.21,2.23,380298863.0,2095766421.0,9180780000.0,0.04142337176144075
102,2007-04-02,2.24,2.3,2.24,2.27,322933572.0,1803909487.0,9180780000.0,0.035174960297491065
103,2007-04-03,2.28,2.28,2.24,2.28,298932112.0,1668147403.0,9180780000.0,0.032560644302553815
104,2007-04-04,2.28,2.29,2.23,2.24,316655771.0,1758955303.0,9180780000.0,0.034491162079910424
105,2007-04-05,2.23,2.26,2.19,2.25,427800224.0,2330204910.0,9180780000.0,0.04659737233655528
106,2007-04-06,2.22,2.24,2.2,2.21,311855662.0,1702310104.0,9180780000.0,0.033968318813869844
107,2007-04-09,2.21,2.24,2.18,2.22,432905393.0,2358550469.0,9180780000.0,0.047153443716111264
108,2007-04-10,2.22,2.26,2.2,2.26,573743562.0,3152522779.0,9180780000.0,0.06249398874605425
109,2007-04-11,2.26,2.29,2.24,2.27,451336530.0,2516592242.0,9180780000.0,0.04916102226608197
110,2007-04-12,2.27,2.29,2.25,2.26,390973486.0,2176121266.0,9180780000.0,0.04258608593169644
111,2007-04-13,2.26,2.26,2.21,2.21,398201568.0,2188009876.0,9180780000.0,0.04337339180331083
112,2007-04-16,2.21,2.25,2.19,2.24,406288037.0,2224255140.0,9180780000.0,0.044254195939778536
113,2007-04-17,2.24,2.26,2.18,2.22,427240151.0,2340240185.0,9180780000.0,0.04653636738926322
114,2007-04-18,2.22,2.22,2.17,2.2,487436351.0,2633073433.0,9180780000.0,0.053093130540106614
115,2007-04-19,2.21,2.24,2.07,2.12,549341091.0,2948321531.0,9180780000.0,0.05983599334697052
116,2007-04-20,2.12,2.17,2.12,2.16,350662568.0,1854201632.0,9180780000.0,0.038195291467609506
117,2007-04-23,2.16,2.21,2.13,2.2,559577137.0,3002621049.0,9180780000.0,0.06095093630388703
118,2007-04-24,2.21,2.22,2.17,2.19,459986161.0,2478146027.0,9180780000.0,0.05010316781362804
119,2007-04-25,2.18,2.28,2.16,2.24,726100936.0,3992683234.0,9180780000.0,0.07908924252623416
120,2007-04-26,2.28,2.3,2.22,2.24,515702519.0,2866865458.0,9180780000.0,0.05617197220715451
121,2007-04-27,2.25,2.26,2.19,2.2,429371208.0,2345108596.0,9180780000.0,0.04676848895191912
122,2007-04-30,2.18,2.23,2.17,2.2,382064407.0,2068177400.0,9180780000.0,0.04161568047595084
123,2007-05-08,2.24,2.25,2.2,2.22,484761643.0,2655550035.0,9180780000.0,0.052801792767063364
124,2007-05-09,2.23,2.41,2.22,2.35,1213637382.0,6910161134.0,9180780000.0,0.1321932757347415
125,2007-05-10,2.36,2.38,2.32,2.34,716819683.0,4146445548.0,9180780000.0,0.0780782986848612
126,2007-05-11,2.32,2.33,2.28,2.32,483402817.0,2746214635.0,9180780000.0,0.05265378508144188
127,2007-05-14,2.29,2.35,2.28,2.33,449555336.0,2579265253.0,9180780000.0,0.04896700890338294
128,2007-05-15,2.34,2.35,2.23,2.24,522961779.0,2935441696.0,9180780000.0,0.05696267408651552
129,2007-05-16,2.24,2.26,2.21,2.25,329372236.0,1812933755.0,9180780000.0,0.03587628022891301
130,2007-05-17,2.25,2.27,2.23,2.26,381648830.0,2117526012.0,9180780000.0,0.04157041449637177
131,2007-05-18,2.25,2.25,2.22,2.23,338941081.0,1862680120.0,9180780000.0,0.03691854951322219
132,2007-05-21,2.16,2.22,2.15,2.21,388372162.0,2102312226.0,9180780000.0,0.042302741379272785
133,2007-05-22,2.21,2.24,2.2,2.22,402029718.0,2193073185.0,9180780000.0,0.04379036617803716
134,2007-05-23,2.23,2.24,2.2,2.24,420857635.0,2310618812.0,9180780000.0,0.0458411632780657
135,2007-05-24,2.25,2.3,2.23,2.26,575702112.0,3208312252.0,9180780000.0,0.062707320293047
136,2007-05-25,2.24,2.25,2.22,2.23,400441852.0,2202624239.0,9180780000.0,0.043617410721093416
137,2007-05-28,2.24,2.26,2.22,2.24,447428514.0,2471286892.0,9180780000.0,0.04873534863050852
138,2007-05-29,2.25,2.29,2.24,2.27,515733510.0,2872024706.0,9180780000.0,0.05617534784626143
139,2007-05-30,2.17,2.24,2.12,2.16,687928864.0,3694367578.0,9180780000.0,0.07493141802766214
140,2007-05-31,2.17,2.28,2.1,2.22,684299712.0,3710892969.0,9180780000.0,0.07453611915327456
141,2007-06-01,2.23,2.29,2.2,2.2,556144840.0,3069340175.0,9180780000.0,0.060577079507405686
142,2007-06-04,2.2,2.2,2.01,2.02,533738683.0,2742126337.0,9180780000.0,0.05813652903130235
143,2007-06-05,2.02,2.09,1.92,2.06,408971384.0,2024174327.0,9180780000.0,0.04454647470040672
144,2007-06-06,2.07,2.07,2.02,2.04,257772162.0,1297019407.0,9180780000.0,0.028077370550214687
145,2007-06-07,2.04,2.06,2.03,2.06,286689928.0,1442320651.0,9180780000.0,0.031227186361071718
146,2007-06-08,2.06,2.06,2.02,2.04,257747822.0,1293774583.0,9180780000.0,0.028074719359357268
147,2007-06-11,2.04,2.06,2.02,2.05,237023742.0,1192958324.0,9180780000.0,0.025817386104448642
148,2007-06-13,2.07,2.16,2.07,2.14,526798301.0,2728065006.0,9180780000.0,0.05738056036633053
149,2007-06-14,2.13,2.13,2.08,2.08,243979501.0,1264682639.0,9180780000.0,0.026575029681573898
150,2007-06-15,2.07,2.12,2.05,2.09,212114730.0,1088573827.0,9180780000.0,0.02310421663518786
151,2007-06-18,2.11,2.15,2.1,2.13,337063093.0,1765904550.0,9180780000.0,0.03671399303762861
152,2007-06-19,2.11,2.18,2.1,2.13,269834922.0,1424322792.0,9180780000.0,0.02939128505421108
153,2007-06-20,2.12,2.13,2.07,2.07,239209967.0,1240195176.0,9180780000.0,0.026055516742586143
154,2007-06-21,2.08,2.11,2.04,2.1,196501598.0,1003338216.0,9180780000.0,0.021403584227048248
155,2007-06-22,2.09,2.12,2.04,2.05,235773372.0,1195765316.0,9180780000.0,0.02568119179416128
156,2007-06-25,2.06,2.09,2.01,2.02,209230540.0,1050922188.0,9180780000.0,0.022790061410904085
157,2007-06-26,1.99,2.04,1.99,2.03,163163472.0,806172687.0,9180780000.0,0.017772288629070734
158,2007-06-27,2.04,2.09,2.01,2.08,251313062.0,1268700679.0,9180780000.0,0.02737382466413529
159,2007-06-28,2.08,2.14,2.04,2.05,301673337.0,1558042790.0,9180780000.0,0.03285922732055446
160,2007-06-29,2.01,2.08,2.0,2.04,225323173.0,1130892238.0,9180780000.0,0.024542922605704526
161,2007-07-02,2.04,2.07,2.01,2.06,141741454.0,710747658.0,9180780000.0,0.01543893372894242
162,2007-07-03,2.07,2.12,2.07,2.12,359928323.0,1866678821.0,9180780000.0,0.03920454721712099
163,2007-07-04,2.12,2.16,2.08,2.09,222879241.0,1164644170.0,9180780000.0,0.024276721694670822
164,2007-07-05,2.08,2.1,2.02,2.03,156626261.0,792449059.0,9180780000.0,0.017060234642372434
165,2007-07-06,2.03,2.1,2.02,2.1,174773827.0,888243170.0,9180780000.0,0.019036925729622102
166,2007-07-09,2.11,2.17,2.09,2.14,401041075.0,2116363912.0,9180780000.0,0.04368268001193799
167,2007-07-10,2.17,2.23,2.17,2.18,451588115.0,2445633975.0,9180780000.0,0.049188425711105155
168,2007-07-11,2.2,2.23,2.18,2.2,176689159.0,960542153.0,9180780000.0,0.019245549833456416
169,2007-07-12,2.2,2.22,2.17,2.19,120832429.0,651493610.0,9180780000.0,0.013161455671522463
170,2007-07-13,2.19,2.21,2.17,2.19,84888193.0,456441185.0,9180780000.0,0.009246294214652786
171,2007-07-16,2.2,2.21,2.14,2.14,98489375.0,527516937.0,9180780000.0,0.010727778576547962
172,2007-07-17,2.14,2.21,2.11,2.2,159931578.0,849207204.0,9180780000.0,0.01742026037003392
173,2007-07-18,2.18,2.23,2.16,2.2,263883354.0,1434725413.0,9180780000.0,0.028743021181206824
174,2007-07-19,2.2,2.25,2.2,2.21,174995634.0,958857465.0,9180780000.0,0.019061085659388417
175,2007-07-20,2.22,2.3,2.21,2.28,414944446.0,2299649360.0,9180780000.0,0.04519707976882138
176,2007-07-23,2.33,2.41,2.33,2.34,572887865.0,3320754551.0,9180780000.0,0.062400783484627666
177,2007-07-24,2.34,2.37,2.31,2.32,324067894.0,1866739852.0,9180780000.0,0.035298514287457054
178,2007-07-25,2.31,2.38,2.3,2.38,266417905.0,1535998615.0,9180780000.0,0.029019092604332095
179,2007-07-26,2.38,2.39,2.32,2.35,251446738.0,1456884441.0,9180780000.0,0.02738838508274896
180,2007-07-27,2.32,2.34,2.29,2.31,285230257.0,1617942672.0,9180780000.0,0.03106819431464429
181,2007-07-30,2.3,2.34,2.29,2.33,275464048.0,1571774392.0,9180780000.0,0.030004427510516535
182,2007-07-31,2.32,2.36,2.31,2.34,253205558.0,1455639107.0,9180780000.0,0.027579961397615455
183,2007-08-01,2.34,2.35,2.24,2.25,294609408.0,1657370271.0,9180780000.0,0.03208980152013228
184,2007-08-02,2.25,2.3,2.22,2.27,198202093.0,1104259675.0,9180780000.0,0.021588807595868762
185,2007-08-03,2.28,2.38,2.27,2.37,557861807.0,3221501413.0,9180780000.0,0.060764097059291255
186,2007-08-06,2.39,2.41,2.33,2.36,301612544.0,1760248896.0,9180780000.0,0.032852605552033703
187,2007-08-07,2.36,2.38,2.32,2.36,279634760.0,1612701491.0,9180780000.0,0.030458714836865713
188,2007-08-08,2.36,2.6,2.36,2.59,1375365533.0,8593423833.0,9180780000.0,0.14980922459747428
189,2007-08-09,2.6,2.69,2.57,2.66,796375200.0,5151880458.0,9180780000.0,0.08674374072791201
190,2007-08-10,2.64,2.76,2.6,2.72,510828065.0,3358999046.0,9180780000.0,0.05564103104529245
191,2007-08-13,2.76,2.94,2.75,2.89,597967470.0,4176618833.0,9180780000.0,0.06513253449053348
192,2007-08-14,2.87,2.9,2.8,2.87,330949913.0,2311289195.0,9180780000.0,0.03604812586730104
193,2007-08-15,2.85,2.95,2.82,2.89,370565634.0,2624424891.0,9180780000.0,0.04036319724467856
194,2007-08-16,2.88,2.88,2.71,2.76,386017261.0,2638028221.0,9180780000.0,0.04204623801027799
195,2007-08-17,2.72,2.76,2.62,2.63,596741459.0,3921887099.0,9180780000.0,0.06499899344064447
196,2007-08-20,2.72,2.89,2.71,2.89,527465139.0,3631065562.0,9180780000.0,0.05745319449981374
197,2007-08-21,2.89,2.91,2.84,2.87,385694096.0,2720531741.0,9180780000.0,0.042011037842100564
198,2007-08-22,2.79,2.86,2.79,2.82,363603036.0,2520012169.0,9180780000.0,0.039604808741740896
199,2007-08-23,2.83,2.9,2.81,2.83,277393399.0,1943907150.0,9180780000.0,0.03021457860878923
200,2007-08-24,2.87,2.91,2.8,2.84,369236187.0,2591885242.0,9180780000.0,0.04021838961395437
201,2007-08-27,2.85,2.91,2.82,2.87,337545523.0,2377335036.0,9180780000.0,0.03676654086036263
202,2007-08-28,2.85,2.85,2.74,2.8,348529179.0,2384157775.0,9180780000.0,0.037962915896034975
203,2007-08-29,2.76,2.82,2.71,2.73,252771483.0,1712499282.0,9180780000.0,0.02753268055655402
204,2007-08-30,2.79,2.8,2.74,2.77,159731959.0,1085607097.0,9180780000.0,0.017398517228383644
205,2007-08-31,2.81,2.81,2.76,2.78,216482495.0,1476602559.0,9180780000.0,0.02357996760623825
206,2007-09-03,2.8,2.86,2.77,2.81,331735783.0,2292213821.0,9180780000.0,0.036133725347955184
207,2007-09-04,2.81,2.82,2.74,2.8,323659689.0,2207507006.0,9180780000.0,0.0352540512897597
208,2007-09-05,2.8,2.83,2.74,2.77,238484732.0,1622967240.0,9180780000.0,0.02597652182058605
209,2007-09-06,2.79,2.83,2.75,2.83,331928319.0,2279582073.0,9180780000.0,0.03615469698653056
210,2007-09-07,2.85,2.9,2.76,2.77,428138589.0,2970719670.0,9180780000.0,0.046634228137478514
211,2007-09-10,2.73,2.77,2.69,2.77,300633771.0,2009658043.0,9180780000.0,0.03274599445798723
212,2007-09-11,2.75,2.79,2.6,2.61,338830576.0,2246866624.0,9180780000.0,0.036906512954237004
213,2007-09-12,2.6,2.65,2.54,2.6,241820667.0,1534576489.0,9180780000.0,0.026339882558998256
214,2007-09-13,2.61,2.68,2.61,2.63,237531637.0,1543528112.0,9180780000.0,0.02587270765664791
215,2007-09-14,2.65,2.66,2.6,2.64,165063216.0,1060872146.0,9180780000.0,0.017979214837954945
216,2007-09-17,2.64,2.7,2.63,2.66,203160159.0,1326330112.0,9180780000.0,0.022128856044911216
217,2007-09-18,2.66,2.68,2.59,2.66,194579646.0,1253424077.0,9180780000.0,0.021194239051583852
218,2007-09-19,2.67,2.7,2.62,2.64,160071468.0,1042742490.0,9180780000.0,0.01743549763745564
219,2007-09-20,2.67,2.71,2.64,2.68,230036766.0,1510569402.0,9180780000.0,0.025056342271571698
220,2007-09-21,2.69,2.74,2.68,2.72,255638738.0,1702592599.0,9180780000.0,0.027844991166327916
221,2007-09-24,2.74,2.75,2.7,2.72,182333913.0,1217889320.0,9180780000.0,0.019860394541640253
222,2007-09-25,2.74,2.75,2.6,2.64,191207296.0,1250966494.0,9180780000.0,0.020826911874590178
223,2007-09-26,2.65,2.67,2.58,2.59,145507202.0,931875142.0,9180780000.0,0.015849111077707995
224,2007-09-27,2.58,2.68,2.57,2.68,148383009.0,960091841.0,9180780000.0,0.016162353198747818
225,2007-09-28,2.7,2.73,2.68,2.69,190864368.0,1265607173.0,9180780000.0,0.02078955905707358
226,2007-10-08,2.81,2.96,2.77,2.96,975824823.0,6944585403.0,9180780000.0,0.10628996915294779
227,2007-10-09,2.97,3.06,2.94,2.97,596085800.0,4404076634.0,9180780000.0,0.06492757695969188
228,2007-10-10,2.98,3.2,2.98,3.09,524572616.0,4000683335.0,9180780000.0,0.057138131618446365
229,2007-10-11,3.15,3.26,3.12,3.17,350476764.0,2733912110.0,9180780000.0,0.038175053100063396
230,2007-10-12,3.17,3.2,2.99,3.11,332506166.0,2518738468.0,9180780000.0,0.03621763793490314
231,2007-10-15,3.11,3.23,3.04,3.2,276746611.0,2129624152.0,9180780000.0,0.03014412838560558
232,2007-10-16,3.22,3.44,3.2,3.32,414132368.0,3393960060.0,9180780000.0,0.04510862562875921
233,2007-10-17,3.27,3.29,3.2,3.24,186023258.0,1475587674.0,9180780000.0,0.020262249830624413
234,2007-10-18,3.22,3.27,3.09,3.11,229315215.0,1779060095.0,9180780000.0,0.024977748622666048
235,2007-10-19,3.14,3.17,3.09,3.1,163860464.0,1258773952.0,9180780000.0,0.017848207232936637
236,2007-10-22,3.05,3.13,2.98,3.03,129533262.0,969170949.0,9180780000.0,0.01410917830511133
237,2007-10-23,3.02,3.22,3.02,3.2,234203696.0,1801092340.0,9180780000.0,0.02551021765035215
238,2007-10-24,3.22,3.33,3.2,3.24,262515040.0,2109289787.0,9180780000.0,0.0285939800321977
239,2007-10-25,3.19,3.27,3.04,3.1,252115929.0,1962686145.0,9180780000.0,0.02746127551253815
240,2007-10-29,3.26,3.4,3.25,3.33,303866545.0,2484625719.0,12065390000.0,0.025184974957295207
241,2007-10-30,3.36,3.57,3.28,3.55,332667885.0,2824856681.0,12065390000.0,0.027572078896745154
242,2007-10-31,3.61,3.62,3.49,3.56,296567889.0,2587239350.0,12065390000.0,0.024580049961087043
243,2007-11-01,3.55,3.66,3.5,3.6,256415433.0,2269256752.0,12065390000.0,0.0212521462629886
244,2007-11-02,3.53,3.61,3.48,3.52,257433623.0,2229500240.0,12065390000.0,0.02133653557821173
245,2007-11-05,3.5,3.54,3.36,3.37,197734659.0,1668156232.0,12065390000.0,0.016388584123679384
246,2007-11-06,3.36,3.4,3.3,3.32,195897316.0,1604561975.0,12065390000.0,0.016236302017589153
247,2007-11-07,3.34,3.48,3.32,3.48,212564009.0,1766565984.0,12065390000.0,0.017617665819339448
248,2007-11-08,3.42,3.46,3.35,3.36,235440836.0,1962452181.0,12065390000.0,0.01951373606655069
249,2007-11-09,3.3,3.46,3.29,3.4,213383690.0,1775109718.0,12065390000.0,0.017685602371742645
250,2007-11-12,3.33,3.41,3.2,3.33,199306791.0,1620396127.0,12065390000.0,0.016518885091986252
251,2007-11-13,3.36,3.39,3.21,3.26,184010135.0,1490739331.0,12065390000.0,0.015251072281956903
252,2007-11-14,3.31,3.4,3.26,3.4,165735406.0,1358833005.0,12065390000.0,0.013736431727445196
253,2007-11-15,3.37,3.46,3.32,3.4,180303421.0,1508402366.0,12065390000.0,0.01494385353478006
254,2007-11-16,3.35,3.39,3.31,3.35,106450075.0,874680073.0,12065390000.0,0.008822762877950899
255,2007-11-19,3.37,3.37,3.27,3.3,100835460.0,818715387.0,12065390000.0,0.008357414057896181
256,2007-11-20,3.28,3.37,3.19,3.32,177697862.0,1421748347.0,12065390000.0,0.01472790038283056
257,2007-11-21,3.33,3.33,3.23,3.24,118876122.0,953796968.0,12065390000.0,0.009852654742200624
258,2007-11-22,3.19,3.22,3.13,3.16,105503231.0,820767749.0,12065390000.0,0.008744286840292772
259,2007-11-23,3.14,3.24,3.11,3.22,99959077.0,783593243.0,12065390000.0,0.008284777947501076
260,2007-11-26,3.25,3.28,3.16,3.17,92137930.0,727848307.0,12065390000.0,0.0076365480104663005
261,2007-11-27,3.15,3.19,3.12,3.14,57625475.0,445933147.0,12065390000.0,0.004776097167186473
262,2007-11-28,3.13,3.16,3.05,3.07,116498088.0,886258437.0,12065390000.0,0.009655559248395618
263,2007-11-29,3.1,3.29,3.1,3.26,199263573.0,1569363459.0,12065390000.0,0.01651530311079874
264,2007-11-30,3.27,3.31,3.23,3.25,134747583.0,1082895005.0,12065390000.0,0.011168108366161392
265,2007-12-03,3.25,3.33,3.18,3.29,111312052.0,897176817.0,12065390000.0,0.009225731783224578
266,2007-12-04,3.3,3.37,3.28,3.32,139208513.0,1138860716.0,12065390000.0,0.01153783781543738
267,2007-12-05,3.33,3.43,3.31,3.41,154119582.0,1278230183.0,12065390000.0,0.012773692520507004
268,2007-12-06,3.42,3.43,3.37,3.39,83364905.0,694838153.0,12065390000.0,0.006909424809309935
269,2007-12-07,3.4,3.41,3.35,3.4,93407852.0,775395079.0,12065390000.0,0.007741801301076882
270,2007-12-10,3.32,3.39,3.3,3.39,160833696.0,1324558820.0,12065390000.0,0.01333016968369858
271,2007-12-11,3.39,3.41,3.29,3.34,151448951.0,1237574210.0,12065390000.0,0.012552346090760431
272,2007-12-12,3.33,3.35,3.22,3.3,186397828.0,1494489455.0,12065390000.0,0.0154489683300747
273,2007-12-14,3.19,3.26,3.15,3.25,147151724.0,1158424889.0,12065390000.0,0.012196184623953308
274,2007-12-17,3.26,3.26,3.1,3.12,185745523.0,1435806318.0,12065390000.0,0.015394904184614007
275,2007-12-18,3.1,3.19,3.06,3.13,109473417.0,840546356.0,12065390000.0,0.009073342593981628
276,2007-12-19,3.18,3.23,3.15,3.21,103305409.0,810771343.0,12065390000.0,0.008562127622894909
277,2007-12-20,3.23,3.24,3.15,3.21,90267954.0,710906634.0,12065390000.0,0.007481561225952911
278,2007-12-21,3.17,3.33,3.17,3.26,185753502.0,1488816311.0,12065390000.0,0.015395565497675583
279,2007-12-24,3.28,3.33,3.22,3.32,178530941.0,1441531877.0,12065390000.0,0.014796947384212196
280,2007-12-25,3.33,3.33,3.26,3.29,108956552.0,879745337.0,12065390000.0,0.009030503945583192
281,2007-12-26,3.29,3.32,3.17,3.24,241337427.0,1914864295.0,12065390000.0,0.02000245553604152
282,2007-12-27,3.23,3.35,3.22,3.34,273778589.0,2222043134.0,12065390000.0,0.022691234100182422
283,2007-12-28,3.35,3.41,3.29,3.31,228819907.0,1883685888.0,12065390000.0,0.018964982234308217
284,2008-01-02,3.31,3.35,3.24,3.29,187910714.0,1513663506.0,12065390000.0,0.015574358889352106
285,2008-01-03,3.28,3.28,3.19,3.28,242067049.0,1917345748.0,12065390000.0,0.020062927845680912
286,2008-01-04,3.26,3.32,3.23,3.26,194791982.0,1559883203.0,12065390000.0,0.016144690059749417
287,2008-01-07,3.26,3.26,3.21,3.24,240926323.0,1911404941.0,12065390000.0,0.019968382538815572
288,2008-01-08,3.26,3.34,3.25,3.29,308740867.0,2512994056.0,12065390000.0,0.025588967037120224
289,2008-01-09,3.3,3.33,3.27,3.31,152811433.0,1237693975.0,12065390000.0,0.012665270911259395
290,2008-01-10,3.32,3.35,3.26,3.31,223278531.0,1809586577.0,12065390000.0,0.018505703586871206
291,2008-01-11,3.32,3.39,3.32,3.38,317611371.0,2625331274.0,12065390000.0,0.026324169463233266
292,2008-01-14,3.41,3.42,3.34,3.37,202168811.0,1675283157.0,12065390000.0,0.016756094166869035
293,2008-01-15,3.37,3.38,3.29,3.3,186379134.0,1520122635.0,12065390000.0,0.015447418939628144
294,2008-01-16,3.26,3.27,3.21,3.22,226774924.0,1801721039.0,12065390000.0,0.018795490572621358
295,2008-01-17,3.19,3.26,3.09,3.14,233191496.0,1805850493.0,12065390000.0,0.019327306949878952
296,2008-01-18,3.25,3.37,3.15,3.2,112066739.0,877352880.0,12065390000.0,0.009288281522603081
297,2008-01-21,3.21,3.24,3.05,3.08,160260852.0,1224036358.0,12065390000.0,0.013282691400775275
298,2008-01-22,3.03,3.04,2.77,2.81,260140827.0,1835377257.0,12065390000.0,0.021560913240268237
299,2008-01-23,2.83,2.9,2.76,2.87,319214507.0,2236274337.0,12065390000.0,0.026457040095678633
300,2008-01-24,2.93,2.95,2.73,2.83,242717773.0,1680658334.0,12065390000.0,0.020116860955178405
301,2008-01-25,2.84,2.93,2.76,2.87,203766553.0,1423244401.0,12065390000.0,0.016888517735439965
302,2008-01-28,2.85,2.85,2.67,2.69,199364249.0,1349134866.0,12065390000.0,0.01652364730854121
303,2008-01-29,2.69,2.76,2.68,2.71,84746495.0,564321409.0,12065390000.0,0.007023933333278079
304,2008-01-30,2.73,2.78,2.59,2.63,141820093.0,931307825.0,12065390000.0,0.011754289998085433
305,2008-01-31,2.63,2.68,2.6,2.66,91421754.0,596071670.0,12065390000.0,0.007577190128126816
306,2008-02-01,2.65,2.76,2.64,2.74,128518744.0,854823415.0,12065390000.0,0.010651851618555223
307,2008-02-04,2.8,2.96,2.8,2.94,231000862.0,1637840642.0,12065390000.0,0.019145743486120217
308,2008-02-05,2.94,2.94,2.84,2.89,102664935.0,726584237.0,12065390000.0,0.008509044050793219
309,2008-02-13,2.84,2.87,2.8,2.81,93457579.0,647194414.0,12065390000.0,0.007745922759231156
310,2008-02-14,2.83,2.86,2.8,2.82,106734257.0,737844753.0,12065390000.0,0.00884631636441093
311,2008-02-15,2.81,2.81,2.72,2.76,117168070.0,793690968.0,12065390000.0,0.009711088493616866
312,2008-02-18,2.79,2.8,2.76,2.77,118378753.0,806332917.0,12065390000.0,0.009811431955369864
313,2008-02-19,2.78,2.84,2.72,2.84,174090076.0,1183334281.0,12065390000.0,0.014428880956189563
314,2008-02-20,2.83,2.84,2.7,2.75,172286659.0,1166723327.0,12065390000.0,0.01427941069455691
315,2008-02-21,2.76,2.76,2.67,2.69,183436035.0,1212292249.0,12065390000.0,0.015203489899621976
316,2008-02-22,2.67,2.67,2.58,2.63,188982879.0,1216001612.0,12065390000.0,0.01566322174417901
317,2008-02-25,2.63,2.64,2.52,2.54,142220529.0,891276751.0,12065390000.0,0.011787478813366165
318,2008-02-26,2.6,2.63,2.53,2.61,106211698.0,673986416.0,12065390000.0,0.008803005787628913
319,2008-02-27,2.61,2.69,2.59,2.66,103559144.0,677073343.0,12065390000.0,0.008583157610321754
320,2008-02-28,2.67,2.67,2.58,2.63,73462488.0,475233178.0,12065390000.0,0.006088695682443751
321,2008-02-29,2.63,2.68,2.61,2.66,53953312.0,352275853.0,12065390000.0,0.004471742065527928
322,2008-03-03,2.65,2.72,2.58,2.68,120433312.0,787558241.0,12065390000.0,0.00998171729218865
323,2008-03-04,2.69,2.69,2.58,2.59,194269364.0,1246163389.0,12065390000.0,0.016101374592947266
324,2008-03-05,2.59,2.62,2.55,2.59,67592732.0,427256544.0,12065390000.0,0.00560220034329599
325,2008-03-06,2.6,2.69,2.55,2.6,134417963.0,864497618.0,12065390000.0,0.01114078890114617
326,2008-03-07,2.56,2.61,2.55,2.59,53611685.0,339440590.0,12065390000.0,0.004443427439975003
327,2008-03-10,2.57,2.57,2.48,2.51,138604703.0,857160937.0,12065390000.0,0.011487793017880069
328,2008-03-11,2.49,2.51,2.45,2.51,77608042.0,473305921.0,12065390000.0,0.006432286233598749
329,2008-03-12,2.56,2.58,2.45,2.46,67408550.0,413218659.0,12065390000.0,0.005586935026551151
330,2008-03-13,2.45,2.45,2.34,2.37,144908264.0,849968347.0,12065390000.0,0.012010242851660824
331,2008-03-14,2.36,2.39,2.28,2.34,101051145.0,574339559.0,12065390000.0,0.008375290396746397
332,2008-03-17,2.3,2.32,2.25,2.26,79463054.0,444623699.0,12065390000.0,0.006586032776395956
333,2008-03-18,2.26,2.3,2.2,2.22,96357161.0,530473821.0,12065390000.0,0.007986245036422361
334,2008-03-19,2.27,2.34,2.25,2.3,108229731.0,609412265.0,12065390000.0,0.008970263787577525
335,2008-03-20,2.28,2.39,2.16,2.3,136725169.0,766867715.0,12065390000.0,0.011332014050105301
336,2008-03-21,2.32,2.35,2.26,2.32,139717995.0,794002387.0,12065390000.0,0.011580064548265741
337,2008-03-24,2.34,2.36,2.23,2.25,90665593.0,507591387.0,12065390000.0,0.00751451822112671
338,2008-03-25,2.23,2.34,2.21,2.33,118513551.0,664459313.0,12065390000.0,0.00982260424238255
339,2008-03-26,2.34,2.4,2.32,2.32,94459747.0,545612640.0,12065390000.0,0.007828984143902517
340,2008-03-27,2.3,2.34,2.23,2.28,105979509.0,594197760.0,12065390000.0,0.0087837615692489
341,2008-03-28,2.29,2.49,2.27,2.46,326408105.0,1932610256.0,12065390000.0,0.027053257706547405
342,2008-03-31,2.38,2.52,2.36,2.49,204289932.0,1232041737.0,12065390000.0,0.01693189627521365
343,2008-04-01,2.48,2.52,2.4,2.44,142661983.0,860674302.0,12065390000.0,0.011824067270100677
344,2008-04-02,2.49,2.6,2.49,2.52,340046964.0,2130768698.0,12065390000.0,0.028183669487683364
345,2008-04-03,2.47,2.6,2.46,2.59,146070954.0,910099150.0,12065390000.0,0.01210660857212241
346,2008-04-07,2.56,2.63,2.53,2.61,176937244.0,1127595390.0,12065390000.0,0.014664859072106247
347,2008-04-08,2.61,2.62,2.51,2.56,208150305.0,1306168220.0,12065390000.0,0.01725185054109316
348,2008-04-09,2.54,2.54,2.43,2.45,185109292.0,1132051344.0,12065390000.0,0.015342172279553335
349,2008-04-10,2.48,2.53,2.45,2.52,118028153.0,722385808.0,12065390000.0,0.009782373632348395
350,2008-04-11,2.55,2.56,2.47,2.49,122454736.0,752197602.0,12065390000.0,0.010149256343972304
351,2008-04-14,2.45,2.51,2.33,2.36,170998539.0,1009288327.0,12065390000.0,0.014172649122821557
352,2008-04-15,2.36,2.39,2.25,2.39,136515279.0,776297856.0,12065390000.0,0.011314618010690081
353,2008-04-16,2.39,2.41,2.33,2.35,76375517.0,444628408.0,12065390000.0,0.006330132469816558
354,2008-04-17,2.35,2.4,2.29,2.36,76133260.0,439584442.0,12065390000.0,0.006310053798509622
355,2008-04-18,2.34,2.4,2.27,2.34,89963950.0,516137139.0,12065390000.0,0.007456364858491935
356,2008-04-21,2.49,2.52,2.36,2.44,273104611.0,1635954811.0,12065390000.0,0.022635373659699354
357,2008-04-22,2.39,2.51,2.35,2.5,197760615.0,1185800219.0,12065390000.0,0.01639073540101066
358,2008-04-23,2.47,2.6,2.45,2.57,338654751.0,2123343844.0,12065390000.0,0.028068280511446376
359,2008-04-24,2.74,2.82,2.63,2.77,860217974.0,5779572931.0,12065390000.0,0.07129632560572016
360,2008-04-25,2.71,2.72,2.63,2.64,487966021.0,3198217033.0,12065390000.0,0.04044345197295736
361,2008-04-28,2.59,2.67,2.57,2.59,312004462.0,2002586709.0,14950000000.0,0.020869863678929765
362,2008-04-29,2.57,2.66,2.57,2.63,170582789.0,1101334208.0,14950000000.0,0.01141022
363,2008-04-30,2.67,2.73,2.63,2.71,340544804.0,2261831921.0,14950000000.0,0.022778916655518396
364,2008-05-05,2.73,2.77,2.67,2.71,194240707.0,1294798992.0,14950000000.0,0.012992689431438127
365,2008-05-06,2.69,2.69,2.63,2.64,155849851.0,1015390565.0,14950000000.0,0.010424739197324414
366,2008-05-07,2.63,2.65,2.55,2.56,145939079.0,932556282.0,14950000000.0,0.009761811304347827
367,2008-05-08,2.54,2.57,2.5,2.57,143511719.0,893070947.0,14950000000.0,0.009599446086956521
368,2008-05-09,2.58,2.58,2.47,2.5,143498428.0,886804536.0,14950000000.0,0.009598557056856187
369,2008-05-12,2.45,2.54,2.44,2.51,123968259.0,760335808.0,14950000000.0,0.008292191237458195
370,2008-05-13,2.44,2.49,2.44,2.47,150173140.0,909160671.0,14950000000.0,0.010045026086956522
371,2008-05-14,2.49,2.56,2.49,2.56,175994869.0,1097898325.0,14950000000.0,0.011772232040133779
372,2008-05-15,2.56,2.6,2.52,2.53,106868890.0,674611640.0,14950000000.0,0.007148420735785953
373,2008-05-16,2.51,2.57,2.51,2.53,76783377.0,478808876.0,14950000000.0,0.005136011839464883
374,2008-05-19,2.52,2.54,2.49,2.53,76396430.0,473691567.0,14950000000.0,0.005110129096989967
375,2008-05-20,2.52,2.54,2.44,2.45,138337415.0,840505650.0,14950000000.0,0.009253338795986622
376,2008-05-21,2.44,2.49,2.39,2.47,111926248.0,666083560.0,14950000000.0,0.0074867055518394645
377,2008-05-22,2.45,2.45,2.41,2.44,54575975.0,326182475.0,14950000000.0,0.003650566889632107
378,2008-05-23,2.43,2.47,2.4,2.44,83157688.0,498322047.0,14950000000.0,0.005562387157190636
379,2008-05-26,2.42,2.42,2.36,2.36,82320057.0,480713026.0,14950000000.0,0.005506358327759198
380,2008-05-27,2.36,2.39,2.36,2.36,41291291.0,240221220.0,14950000000.0,0.002761959264214047
381,2008-05-28,2.38,2.44,2.35,2.41,73543103.0,433897464.0,14950000000.0,0.004919271103678929
382,2008-05-29,2.4,2.41,2.37,2.37,64024078.0,376426978.0,14950000000.0,0.004282547023411371
383,2008-05-30,2.37,2.42,2.37,2.39,58607255.0,344428836.0,14950000000.0,0.003920217725752509
384,2008-06-02,2.39,2.44,2.37,2.41,74188142.0,438836318.0,14950000000.0,0.004962417525083612
385,2008-06-03,2.41,2.43,2.38,2.41,53380923.0,314439388.0,14950000000.0,0.0035706303010033446
386,2008-06-04,2.39,2.4,2.36,2.37,45279808.0,263515154.0,14950000000.0,0.0030287496989966555
387,2008-06-06,2.38,2.39,2.36,2.39,50372750.0,294099621.0,14950000000.0,0.0033694147157190637
388,2008-06-10,2.28,2.28,2.18,2.19,120911557.0,660538066.0,14950000000.0,0.008087729565217392
389,2008-06-11,2.19,2.21,2.12,2.14,69400793.0,366828035.0,14950000000.0,0.004642193511705686
390,2008-06-12,2.12,2.14,2.05,2.12,82531126.0,424635392.0,14950000000.0,0.005520476655518395
391,2008-06-13,2.12,2.12,2.05,2.07,54965328.0,281150145.0,14950000000.0,0.003676610568561873
392,2008-06-16,2.08,2.14,2.04,2.11,85886932.0,443180574.0,14950000000.0,0.005744945284280936
393,2008-06-17,2.11,2.14,2.08,2.1,61631131.0,320376501.0,14950000000.0,0.004122483678929766
394,2008-06-18,2.11,2.22,2.08,2.21,103267417.0,535647250.0,14950000000.0,0.006907519531772576
395,2008-06-19,2.21,2.21,2.09,2.09,77050728.0,393063675.0,14950000000.0,0.005153894849498328
396,2008-06-20,2.11,2.23,2.05,2.16,133101112.0,690234186.0,14950000000.0,0.008903084414715719
397,2008-06-23,2.13,2.17,2.1,2.13,69574334.0,354765741.0,14950000000.0,0.00465380160535117
398,2008-06-24,2.13,2.18,2.12,2.17,62262914.0,321809359.0,14950000000.0,0.004164743411371238
399,2008-06-25,2.16,2.21,2.16,2.21,95225922.0,501121745.0,14950000000.0,0.006369626889632107
400,2008-06-26,2.21,2.21,2.12,2.16,142025433.0,734275530.0,14950000000.0,0.009500028963210703
401,2008-06-27,2.09,2.11,2.05,2.09,146187994.0,728792864.0,14950000000.0,0.009778461137123745
402,2008-06-30,2.08,2.11,2.05,2.07,79282603.0,394780588.0,14950000000.0,0.005303184147157191
403,2008-07-01,2.08,2.09,2.0,2.01,86187049.0,417793972.0,14950000000.0,0.00576502
404,2008-07-02,2.01,2.03,1.96,1.98,78967011.0,375096351.0,14950000000.0,0.005282074314381271
405,2008-07-03,1.95,2.02,1.9,1.98,93883634.0,439790911.0,14950000000.0,0.006279841739130434
406,2008-07-04,2.01,2.03,1.96,2.01,120842176.0,578494105.0,14950000000.0,0.008083088695652173
407,2008-07-07,2.01,2.11,2.0,2.08,129065635.0,634693940.0,14950000000.0,0.008633152842809364
408,2008-07-08,2.07,2.09,2.02,2.05,98074722.0,482959522.0,14950000000.0,0.006560182073578595
409,2008-07-09,2.07,2.18,2.06,2.14,201555887.0,1026862375.0,14950000000.0,0.013481999130434782
410,2008-07-10,2.12,2.17,2.1,2.13,120724918.0,620077893.0,14950000000.0,0.008075245351170568
411,2008-07-11,2.12,2.14,2.08,2.1,78572917.0,394862188.0,14950000000.0,0.005255713511705686
412,2008-07-14,2.09,2.13,2.08,2.11,39926531.0,201546018.0,14950000000.0,0.0026706709698996653
413,2008-07-15,2.11,2.12,2.02,2.04,103826027.0,512525442.0,14950000000.0,0.0069448847491638795
414,2008-07-16,2.01,2.03,1.96,1.99,63748213.0,303219384.0,14950000000.0,0.004264094515050167
415,2008-07-17,2.03,2.05,1.97,1.99,66049476.0,317798480.0,14950000000.0,0.004418025150501673
416,2008-07-18,2.02,2.07,1.99,2.05,92584781.0,449700367.0,14950000000.0,0.006192961939799331
417,2008-07-21,2.04,2.11,2.03,2.11,100870995.0,504674360.0,14950000000.0,0.006747223745819398
418,2008-07-22,2.11,2.11,2.07,2.09,48788169.0,244049483.0,14950000000.0,0.003263422675585284
419,2008-07-23,2.11,2.13,2.1,2.11,77631880.0,393375821.0,14950000000.0,0.0051927678929765885
420,2008-07-24,2.13,2.17,2.13,2.16,158086556.0,813495203.0,14950000000.0,0.010574351571906355
421,2008-07-25,2.14,2.18,2.13,2.15,176224383.0,910224526.0,14950000000.0,0.011787584147157191
422,2008-07-28,2.18,2.23,2.18,2.2,168599728.0,893214573.0,14950000000.0,0.011277573779264215
423,2008-07-29,2.17,2.18,2.12,2.15,84058840.0,432516846.0,14950000000.0,0.005622664882943143
424,2008-07-30,2.18,2.19,2.13,2.14,63532754.0,327857268.0,14950000000.0,0.0042496825418060205
425,2008-07-31,2.16,2.16,2.1,2.12,54049666.0,274943763.0,14950000000.0,0.0036153622742474915
426,2008-08-01,2.1,2.2,2.08,2.15,86549747.0,441603741.0,14950000000.0,0.005789280735785953
427,2008-08-04,2.14,2.15,2.1,2.11,39543506.0,201099176.0,14950000000.0,0.002645050568561873
428,2008-08-05,2.12,2.14,2.1,2.11,48178075.0,244622388.0,14950000000.0,0.003222613712374582
429,2008-08-06,2.13,2.16,2.11,2.14,56099978.0,287180182.0,14950000000.0,0.003752506889632107
430,2008-08-07,2.15,2.17,2.12,2.16,46486571.0,238865597.0,14950000000.0,0.0031094696321070235
431,2008-08-08,2.15,2.15,2.07,2.09,75935067.0,383594174.0,14950000000.0,0.0050792686956521735
432,2008-08-11,2.09,2.11,2.02,2.04,88240933.0,435640458.0,14950000000.0,0.005902403545150502
433,2008-08-12,2.02,2.06,2.01,2.04,40149511.0,195228669.0,14950000000.0,0.0026855860200668898
434,2008-08-13,2.01,2.02,1.96,1.98,62070672.0,294267267.0,14950000000.0,0.004151884414715719
435,2008-08-14,1.98,1.98,1.94,1.96,42826099.0,200778014.0,14950000000.0,0.002864622006688963
436,2008-08-15,1.96,1.99,1.94,1.97,33798308.0,159332674.0,14950000000.0,0.002260756387959866
437,2008-08-18,1.98,1.98,1.9,1.9,52323942.0,240974482.0,14950000000.0,0.0034999292307692307
438,2008-08-19,1.89,1.93,1.88,1.92,50600380.0,231376222.0,14950000000.0,0.0033846408026755852
439,2008-08-20,1.91,2.09,1.88,2.05,109996070.0,531653905.0,14950000000.0,0.007357596655518395
440,2008-08-21,2.03,2.06,1.98,1.99,55985584.0,269743528.0,14950000000.0,0.003744855117056856
441,2008-08-22,2.01,2.03,1.97,2.02,50184285.0,241420795.0,14950000000.0,0.0033568083612040135
442,2008-08-25,2.02,2.07,2.0,2.04,53517747.0,260924923.0,14950000000.0,0.0035797824080267557
443,2008-08-26,2.01,2.06,1.99,2.01,42048467.0,203374102.0,14950000000.0,0.0028126064882943143
444,2008-08-27,2.0,2.04,1.99,2.01,39691426.0,192037043.0,14950000000.0,0.0026549448829431437
445,2008-08-28,2.02,2.06,2.01,2.03,47176900.0,229926629.0,14950000000.0,0.003155645484949833
446,2008-08-29,2.05,2.08,2.03,2.06,54575367.0,268278918.0,14950000000.0,0.003650526220735786
447,2008-09-01,2.03,2.05,1.97,2.0,52589471.0,252653544.0,14950000000.0,0.0035176903678929765
448,2008-09-02,1.97,1.98,1.91,1.96,67974549.0,316891563.0,14950000000.0,0.004546792575250836
449,2008-09-03,1.96,1.97,1.91,1.94,33090488.0,153089524.0,14950000000.0,0.002213410568561873
450,2008-09-04,1.94,1.94,1.9,1.94,30153670.0,138600851.0,14950000000.0,0.0020169678929765887
451,2008-09-05,1.9,1.92,1.87,1.88,58843881.0,266177023.0,14950000000.0,0.003936045551839465
452,2008-09-08,1.89,1.93,1.88,1.89,61669413.0,280476859.0,14950000000.0,0.004125044347826087
453,2008-09-09,1.92,1.92,1.88,1.89,57334446.0,259291637.0,14950000000.0,0.00383508
454,2008-09-10,1.88,1.92,1.84,1.88,41372372.0,185693276.0,14950000000.0,0.0027673827424749163
455,2008-09-11,1.88,1.88,1.79,1.8,80431750.0,350224229.0,14950000000.0,0.00538005016722408
456,2008-09-12,1.8,1.81,1.74,1.76,53594829.0,227388475.0,14950000000.0,0.0035849383946488294
457,2008-09-16,1.67,1.68,1.59,1.59,220747781.0,844738270.0,14950000000.0,0.014765737859531773
458,2008-09-17,1.55,1.59,1.43,1.43,265321582.0,935595305.0,14950000000.0,0.017747263010033446
459,2008-09-18,1.36,1.51,1.31,1.44,390741401.0,1291043157.0,14950000000.0,0.02613654856187291
460,2008-09-19,1.58,1.58,1.58,1.58,49848828.0,188428570.0,14950000000.0,0.0033343697658862878
461,2008-09-22,1.74,1.74,1.74,1.74,113151305.0,470709429.0,14950000000.0,0.0075686491638795985
462,2008-09-23,1.75,1.86,1.72,1.82,1133013379.0,4851303835.0,14950000000.0,0.07578684809364548
463,2008-09-24,1.68,1.81,1.66,1.79,460417545.0,1916169673.0,14950000000.0,0.030797160200668895
464,2008-09-25,1.77,1.87,1.75,1.83,506407925.0,2216787225.0,14950000000.0,0.033873439799331106
465,2008-09-26,1.84,1.84,1.77,1.82,234365921.0,1014429860.0,14950000000.0,0.01567665023411371
466,2008-10-06,1.79,1.79,1.69,1.7,231572858.0,961699523.0,14950000000.0,0.015489823277591973
467,2008-10-07,1.64,1.75,1.62,1.74,172159868.0,704218429.0,14950000000.0,0.011515710234113713
468,2008-10-08,1.68,1.74,1.67,1.7,186826220.0,757731208.0,14950000000.0,0.01249673712374582
469,2008-10-09,1.74,1.74,1.67,1.7,127640272.0,518131213.0,14950000000.0,0.008537810836120402
470,2008-10-10,1.62,1.7,1.61,1.67,178049857.0,706593100.0,14950000000.0,0.011909689431438128
471,2008-10-13,1.65,1.8,1.63,1.8,286493591.0,1187069020.0,14950000000.0,0.019163450903010033
472,2008-10-14,1.84,1.85,1.73,1.74,351626841.0,1519660727.0,14950000000.0,0.023520190033444816
473,2008-10-15,1.72,1.76,1.7,1.73,105465485.0,436362270.0,14950000000.0,0.007054547491638796
474,2008-10-16,1.67,1.7,1.66,1.67,135641600.0,542708658.0,14950000000.0,0.009073016722408027
475,2008-10-17,1.68,1.7,1.65,1.67,104897715.0,418633532.0,14950000000.0,0.007016569565217391
476,2008-10-20,1.67,1.7,1.63,1.69,105914055.0,422334021.0,14950000000.0,0.007084552173913044
477,2008-10-21,1.7,1.7,1.66,1.66,118917716.0,477477743.0,14950000000.0,0.007954362274247492
478,2008-10-22,1.65,1.68,1.63,1.63,98995141.0,389715155.0,14950000000.0,0.0066217485618729095
479,2008-10-23,1.6,1.6,1.52,1.59,124914240.0,469950368.0,14950000000.0,0.008355467558528428
480,2008-10-24,1.59,1.59,1.53,1.55,142862832.0,531288288.0,14950000000.0,0.009556042274247492
481,2008-10-28,1.41,1.62,1.41,1.59,294857952.0,1071797376.0,14950000000.0,0.01972293993311037
482,2008-10-29,1.59,1.59,1.48,1.5,185702896.0,681808448.0,14950000000.0,0.01242159839464883
483,2008-10-30,1.5,1.57,1.45,1.52,164447888.0,597845312.0,14950000000.0,0.01099985872909699
484,2008-10-31,1.5,1.53,1.49,1.51,100197584.0,362157280.0,14950000000.0,0.006702179531772576
485,2008-11-03,1.5,1.55,1.5,1.53,93719160.0,345208928.0,14950000000.0,0.006268840133779264
486,2008-11-04,1.52,1.55,1.5,1.54,103668584.0,379698944.0,14950000000.0,0.006934353444816054
487,2008-11-05,1.55,1.63,1.55,1.55,231910576.0,881929984.0,14950000000.0,0.015512413110367893
488,2008-11-06,1.52,1.55,1.52,1.54,106972824.0,391143200.0,14950000000.0,0.007155372842809365
489,2008-11-07,1.51,1.59,1.5,1.57,125990304.0,470536992.0,14950000000.0,0.00842744508361204
490,2008-11-10,1.61,1.68,1.6,1.67,271210016.0,1068083520.0,14950000000.0,0.018141138193979934
491,2008-11-11,1.66,1.68,1.62,1.64,175914784.0,694161920.0,14950000000.0,0.011766875183946488
492,2008-11-12,1.61,1.67,1.61,1.65,100451504.0,395158368.0,14950000000.0,0.006719164147157191
493,2008-11-13,1.63,1.71,1.61,1.69,252072832.0,1001900608.0,14950000000.0,0.016861058996655517
494,2008-11-14,1.7,1.73,1.68,1.71,218079120.0,890066304.0,14950000000.0,0.014587232107023411
495,2008-11-17,1.71,1.74,1.69,1.73,182031840.0,749222976.0,14950000000.0,0.012176042809364549
496,2008-11-18,1.73,1.74,1.63,1.67,196917888.0,795291072.0,14950000000.0,0.01317176508361204
497,2008-11-19,1.65,1.73,1.63,1.73,197416960.0,800742528.0,14950000000.0,0.013205147826086956
498,2008-11-20,1.68,1.73,1.66,1.7,173912304.0,704557440.0,14950000000.0,0.011632930033444816
499,2008-11-21,1.66,1.73,1.63,1.69,190452448.0,761637504.0,14950000000.0,0.012739294180602007
500,2008-11-24,1.67,1.68,1.63,1.65,82391008.0,326834720.0,14950000000.0,0.005511104214046823
501,2008-11-25,1.68,1.69,1.63,1.65,72469352.0,286050336.0,14950000000.0,0.004847448294314381
502,2008-11-26,1.65,1.66,1.64,1.65,51043152.0,201162368.0,14950000000.0,0.003414257658862876
503,2008-11-27,1.75,1.75,1.64,1.65,232208176.0,938818496.0,14950000000.0,0.015532319464882944
504,2008-11-28,1.64,1.65,1.56,1.6,168705008.0,645606208.0,14950000000.0,0.01128461591973244
505,2008-12-01,1.59,1.6,1.55,1.59,118964648.0,447800128.0,14950000000.0,0.007957501538461538
506,2008-12-02,1.56,1.58,1.52,1.57,160076432.0,596019456.0,14950000000.0,0.01070745364548495
507,2008-12-03,1.59,1.62,1.58,1.62,174551808.0,669018560.0,14950000000.0,0.011675706220735787
508,2008-12-04,1.66,1.7,1.64,1.65,300583072.0,1200071168.0,14950000000.0,0.02010589110367893
509,2008-12-05,1.64,1.68,1.63,1.67,125687664.0,499233728.0,14950000000.0,0.00840720160535117
510,2008-12-08,1.68,1.73,1.67,1.71,255821120.0,1040298560.0,14950000000.0,0.017111780602006688
511,2008-12-09,1.72,1.72,1.66,1.66,188115440.0,759211392.0,14950000000.0,0.012582972575250836
512,2008-12-10,1.65,1.71,1.65,1.7,189625184.0,763247104.0,14950000000.0,0.012683958795986622
513,2008-12-11,1.69,1.7,1.65,1.66,175152688.0,701219840.0,14950000000.0,0.011715898862876254
514,2008-12-12,1.65,1.65,1.57,1.6,181007216.0,696869184.0,14950000000.0,0.012107506086956522
515,2008-12-15,1.61,1.63,1.57,1.59,131938400.0,503112192.0,14950000000.0,0.008825311036789298
516,2008-12-16,1.58,1.59,1.54,1.58,123269288.0,460121312.0,14950000000.0,0.008245437324414715
517,2008-12-17,1.6,1.6,1.56,1.58,137055264.0,518034496.0,14950000000.0,0.00916757618729097
518,2008-12-18,1.58,1.62,1.55,1.61,180781600.0,687253376.0,14950000000.0,0.012092414715719063
519,2008-12-19,1.59,1.62,1.59,1.6,156041520.0,598622848.0,14950000000.0,0.010437559866220737
520,2008-12-22,1.6,1.6,1.56,1.58,100995752.0,380292416.0,14950000000.0,0.006755568695652174
521,2008-12-23,1.58,1.58,1.52,1.54,166311984.0,615800000.0,14950000000.0,0.011124547424749163
522,2008-12-24,1.52,1.55,1.51,1.52,86970496.0,317223552.0,14950000000.0,0.005817424481605351
523,2008-12-25,1.52,1.54,1.5,1.52,87309344.0,317469344.0,14950000000.0,0.005840089899665552
524,2008-12-26,1.52,1.55,1.51,1.52,73994624.0,270554592.0,14950000000.0,0.004949473177257525
525,2008-12-29,1.52,1.53,1.5,1.52,77651696.0,282022528.0,14950000000.0,0.005194093377926421
526,2008-12-30,1.53,1.53,1.49,1.49,105932424.0,381536000.0,14950000000.0,0.007085780869565217
527,2008-12-31,1.49,1.5,1.47,1.48,98683216.0,350787840.0,14950000000.0,0.006600884013377927
528,2009-01-05,1.5,1.51,1.48,1.5,147089312.0,527817024.0,14950000000.0,0.009838749966555184
529,2009-01-06,1.51,1.55,1.5,1.55,185695152.0,682649728.0,14950000000.0,0.012421080401337792
530,2009-01-07,1.55,1.55,1.5,1.51,104754160.0,383604096.0,14950000000.0,0.007006967224080268
531,2009-01-08,1.49,1.49,1.46,1.48,205953408.0,723241984.0,14950000000.0,0.013776147692307693
532,2009-01-09,1.47,1.51,1.47,1.5,136040592.0,486973600.0,14950000000.0,0.009099705150501671
533,2009-01-12,1.49,1.5,1.48,1.49,76190368.0,271820992.0,14950000000.0,0.005096345685618729
534,2009-01-13,1.47,1.48,1.45,1.45,102313896.0,357750592.0,14950000000.0,0.006843738862876254
535,2009-01-14,1.45,1.5,1.45,1.49,112609008.0,398705280.0,14950000000.0,0.007532375117056856
536,2009-01-15,1.48,1.48,1.45,1.46,243105824.0,851264512.0,14950000000.0,0.01626125913043478
537,2009-01-16,1.47,1.51,1.46,1.49,455748704.0,1626993664.0,14950000000.0,0.03048486314381271
538,2009-01-19,1.5,1.57,1.5,1.54,362710816.0,1336977024.0,14950000000.0,0.02426159304347826
539,2009-01-20,1.53,1.54,1.51,1.54,125306624.0,457669888.0,14950000000.0,0.008381713979933111
540,2009-01-21,1.51,1.57,1.51,1.54,142557664.0,526037952.0,14950000000.0,0.009535629698996656
541,2009-01-22,1.54,1.57,1.53,1.54,96291152.0,356459424.0,14950000000.0,0.006440879732441471
542,2009-01-23,1.54,1.56,1.52,1.53,98195512.0,360498272.0,14950000000.0,0.006568261672240803
543,2009-02-02,1.54,1.55,1.52,1.53,64775504.0,237003232.0,14950000000.0,0.004332809632107024
544,2009-02-03,1.53,1.56,1.52,1.56,179275888.0,662821120.0,14950000000.0,0.011991698193979933
545,2009-02-04,1.56,1.61,1.56,1.6,308277536.0,1173124864.0,14950000000.0,0.020620570969899665
546,2009-02-05,1.6,1.63,1.57,1.59,236513136.0,909261440.0,14950000000.0,0.015820276655518394
547,2009-02-06,1.59,1.64,1.59,1.64,248757872.0,965062720.0,14950000000.0,0.01663932254180602
548,2009-02-09,1.66,1.68,1.63,1.64,300632160.0,1185262592.0,14950000000.0,0.0201091745819398
549,2009-02-10,1.64,1.65,1.61,1.65,296804992.0,1159060736.0,14950000000.0,0.019853176722408026
550,2009-02-11,1.63,1.68,1.61,1.65,324494560.0,1271816576.0,14950000000.0,0.021705321739130434
551,2009-02-12,1.65,1.66,1.6,1.63,225035648.0,874566464.0,14950000000.0,0.015052551705685618
552,2009-02-13,1.63,1.66,1.59,1.66,331861504.0,1301039104.0,14950000000.0,0.02219809391304348
553,2009-02-16,1.66,1.71,1.66,1.71,456663680.0,1845383296.0,14950000000.0,0.030546065551839464
554,2009-02-17,1.71,1.73,1.67,1.68,319110624.0,1298459008.0,14950000000.0,0.021345192240802675
555,2009-02-18,1.65,1.66,1.59,1.6,252644208.0,984731712.0,14950000000.0,0.0168992781270903
556,2009-02-19,1.61,1.63,1.58,1.6,242476416.0,928617472.0,14950000000.0,0.016219158260869566
557,2009-02-20,1.59,1.6,1.57,1.6,180244576.0,683852736.0,14950000000.0,0.01205649337792642
558,2009-02-23,1.59,1.61,1.56,1.61,312854400.0,1191897088.0,14950000000.0,0.020926715719063547
559,2009-02-24,1.59,1.6,1.54,1.55,275734272.0,1032774400.0,14950000000.0,0.018443764013377925
560,2009-02-25,1.57,1.58,1.51,1.55,308064064.0,1139746304.0,14950000000.0,0.020606291906354515
561,2009-02-26,1.55,1.59,1.53,1.53,291104192.0,1084075136.0,14950000000.0,0.019471852307692307
562,2009-02-27,1.52,1.58,1.52,1.56,264211072.0,983189760.0,14950000000.0,0.017672981404682275
563,2009-03-02,1.55,1.55,1.52,1.55,107824944.0,395889824.0,14950000000.0,0.007212370836120401
564,2009-03-03,1.52,1.52,1.51,1.52,127347536.0,461889696.0,14950000000.0,0.00851822983277592
565,2009-03-04,1.52,1.62,1.52,1.6,546147264.0,2055186432.0,14950000000.0,0.03653158956521739
566,2009-03-05,1.61,1.65,1.58,1.63,771306560.0,2977786112.0,14950000000.0,0.05159241204013378
567,2009-03-06,1.6,1.62,1.58,1.59,296488544.0,1135178112.0,14950000000.0,0.019832009632107024
568,2009-03-09,1.6,1.63,1.54,1.55,258886912.0,981570688.0,14950000000.0,0.017316850301003345
569,2009-03-10,1.53,1.56,1.52,1.55,128089704.0,471363840.0,14950000000.0,0.008567873177257525
570,2009-03-11,1.59,1.6,1.54,1.55,171294496.0,642069312.0,14950000000.0,0.011457825819397994
571,2009-03-12,1.54,1.55,1.52,1.54,120905056.0,443067648.0,14950000000.0,0.008087294715719064
572,2009-03-13,1.55,1.56,1.53,1.54,114822224.0,424606784.0,14950000000.0,0.0076804163210702344
573,2009-03-16,1.53,1.55,1.52,1.54,125300672.0,461255520.0,14950000000.0,0.008381315852842809
574,2009-03-17,1.55,1.58,1.54,1.57,261914624.0,978639040.0,14950000000.0,0.017519372842809366
575,2009-03-18,1.58,1.59,1.56,1.57,201072416.0,757472896.0,14950000000.0,0.013449659933110368
576,2009-03-19,1.57,1.58,1.55,1.57,215691808.0,809272256.0,14950000000.0,0.014427545685618728
577,2009-03-20,1.57,1.6,1.57,1.58,241650496.0,913853760.0,14950000000.0,0.016163912775919734
578,2009-03-23,1.58,1.6,1.57,1.6,230087712.0,873828736.0,14950000000.0,0.015390482408026755
579,2009-03-24,1.61,1.63,1.59,1.6,293845280.0,1130922496.0,14950000000.0,0.019655202675585286
580,2009-03-25,1.59,1.6,1.57,1.57,213669408.0,810009344.0,14950000000.0,0.014292268093645486
581,2009-03-26,1.59,1.67,1.59,1.67,735865088.0,2876124672.0,14950000000.0,0.049221745016722405
582,2009-03-27,1.68,1.68,1.64,1.65,431999840.0,1713183616.0,14950000000.0,0.028896310367892978
583,2009-03-30,1.66,1.67,1.64,1.64,234638512.0,925620160.0,14950000000.0,0.0156948837458194
584,2009-03-31,1.62,1.65,1.61,1.65,224811072.0,876170240.0,14950000000.0,0.015037529899665551
585,2009-04-01,1.65,1.68,1.64,1.66,335059680.0,1326970880.0,14950000000.0,0.02241201872909699
586,2009-04-02,1.66,1.7,1.66,1.67,406592960.0,1632256384.0,14950000000.0,0.027196853511705685
587,2009-04-03,1.68,1.72,1.68,1.7,511698752.0,2083231232.0,14950000000.0,0.03422734127090301
588,2009-04-07,1.71,1.75,1.7,1.72,333880032.0,1377054464.0,14950000000.0,0.022333112508361203
589,2009-04-08,1.71,1.72,1.65,1.66,291413472.0,1172040832.0,14950000000.0,0.019492539933110366
590,2009-04-09,1.66,1.68,1.65,1.67,201211088.0,802833664.0,14950000000.0,0.013458935652173914
591,2009-04-10,1.69,1.71,1.68,1.7,264093424.0,1072532608.0,14950000000.0,0.017665111973244146
592,2009-04-13,1.71,1.75,1.7,1.72,429107648.0,1770227840.0,14950000000.0,0.0287028527090301
593,2009-04-14,1.72,1.75,1.72,1.73,246531040.0,1020858944.0,14950000000.0,0.016490370568561872
594,2009-04-15,1.73,1.73,1.7,1.72,194231248.0,797713664.0,14950000000.0,0.012992056722408028
595,2009-04-16,1.72,1.73,1.69,1.72,279549632.0,1146016768.0,14950000000.0,0.01869897204013378
596,2009-04-17,1.72,1.74,1.7,1.72,285822912.0,1176855808.0,14950000000.0,0.019118589431438127
597,2009-04-20,1.72,1.74,1.71,1.74,215951408.0,895289344.0,14950000000.0,0.014444910234113713
598,2009-04-21,1.71,1.73,1.7,1.72,227177136.0,932988608.0,14950000000.0,0.015195795050167224
599,2009-04-22,1.73,1.77,1.71,1.72,438886048.0,1827950592.0,14950000000.0,0.02935692628762542
600,2009-04-23,1.7,1.71,1.68,1.7,309129408.0,1251668224.0,14950000000.0,0.02067755237458194
601,2009-04-24,1.7,1.71,1.68,1.68,171742848.0,694875392.0,14950000000.0,0.011487815919732441
602,2009-04-27,1.68,1.68,1.65,1.67,201589632.0,803725376.0,14950000000.0,0.013484256321070235
603,2009-04-28,1.67,1.69,1.66,1.68,182492224.0,731323968.0,14950000000.0,0.012206837725752508
604,2009-04-29,1.68,1.73,1.67,1.72,323292288.0,1314627840.0,14950000000.0,0.021624902207357858
605,2009-04-30,1.73,1.73,1.7,1.71,289376416.0,1185400064.0,14950000000.0,0.019356282006688964
606,2009-05-04,1.71,1.76,1.71,1.75,408992000.0,1705748992.0,14950000000.0,0.02735732441471572
607,2009-05-05,1.76,1.79,1.75,1.76,306172256.0,1297196160.0,14950000000.0,0.020479749565217392
608,2009-05-06,1.75,1.78,1.74,1.77,277284032.0,1169830144.0,14950000000.0,0.018547426889632106
609,2009-05-07,1.78,1.82,1.77,1.79,395577600.0,1700484096.0,14950000000.0,0.026460040133779263
610,2009-05-08,1.79,1.83,1.78,1.82,348954272.0,1513004928.0,14950000000.0,0.02334142287625418
611,2009-05-11,1.83,1.88,1.8,1.8,487367744.0,2155304704.0,14950000000.0,0.032599849096989965
612,2009-05-12,1.79,1.81,1.78,1.8,245275968.0,1052732608.0,14950000000.0,0.01640641926421405
613,2009-05-13,1.81,1.82,1.78,1.82,251701680.0,1084654976.0,14950000000.0,0.01683623277591973
614,2009-05-14,1.79,1.8,1.78,1.79,236539360.0,1012987904.0,14950000000.0,0.01582203076923077
615,2009-05-15,1.8,1.8,1.78,1.79,198204672.0,848495296.0,14950000000.0,0.013257837591973244
616,2009-05-18,1.78,1.8,1.76,1.8,180449120.0,769386432.0,14950000000.0,0.01207017525083612
617,2009-05-19,1.82,1.83,1.8,1.81,198770000.0,861885888.0,14950000000.0,0.013295652173913044
618,2009-05-20,1.82,1.82,1.79,1.79,120918256.0,521193760.0,14950000000.0,0.008088177658862876
619,2009-05-21,1.78,1.79,1.76,1.77,178370208.0,757567808.0,14950000000.0,0.011931117591973244
620,2009-05-22,1.76,1.78,1.76,1.78,154848736.0,655700032.0,14950000000.0,0.010357774983277591
621,2009-05-26,1.78,1.78,1.76,1.77,174457968.0,738633088.0,14950000000.0,0.011669429297658863
622,2009-05-27,1.78,1.82,1.77,1.81,322611296.0,1383972480.0,14950000000.0,0.021579350903010032
623,2009-06-01,1.83,1.89,1.83,1.88,464676384.0,2072378496.0,14950000000.0,0.03108203237458194
624,2009-06-02,1.89,1.91,1.87,1.88,322287104.0,1458716544.0,14950000000.0,0.021557665819397994
625,2009-06-03,1.88,1.96,1.88,1.96,390322912.0,1798320512.0,14950000000.0,0.026108555986622074
626,2009-06-04,1.96,1.99,1.92,1.94,404108288.0,1820903168.0,14950000000.0,0.027030654715719065
627,2009-06-05,1.95,1.98,1.93,1.94,255268624.0,1153080064.0,14950000000.0,0.017074824347826086
628,2009-06-08,1.94,2.05,1.92,2.01,441248512.0,2032472448.0,14950000000.0,0.029514950635451506
629,2009-06-09,2.01,2.08,1.99,2.04,442348832.0,2073686528.0,14950000000.0,0.029588550635451506
630,2009-06-10,2.04,2.07,2.01,2.04,226947584.0,1069302080.0,14950000000.0,0.015180440401337793
631,2009-06-11,2.04,2.09,2.03,2.07,305880672.0,1455348224.0,14950000000.0,0.020460245618729098
632,2009-06-12,2.07,2.09,2.0,2.03,248185488.0,1177318784.0,14950000000.0,0.016601035986622072
633,2009-06-15,2.03,2.15,2.01,2.14,389982016.0,1875180544.0,14950000000.0,0.026085753578595317
634,2009-06-16,2.11,2.14,2.09,2.11,256490304.0,1254679808.0,14950000000.0,0.017156542073578595
635,2009-06-17,2.1,2.14,2.07,2.14,185807568.0,902288320.0,14950000000.0,0.012428599866220736
636,2009-06-18,2.14,2.23,2.13,2.2,394872736.0,1997121536.0,14950000000.0,0.02641289204013378
637,2009-06-19,2.2,2.26,2.17,2.25,372150080.0,1917625472.0,14950000000.0,0.02489298193979933
638,2009-06-22,2.26,2.34,2.26,2.32,376733056.0,2005732608.0,14950000000.0,0.02519953551839465
639,2009-06-23,2.28,2.49,2.26,2.35,579571136.0,3156399872.0,14950000000.0,0.03876730006688963
640,2009-06-24,2.34,2.36,2.29,2.32,283448384.0,1517638144.0,14950000000.0,0.0189597581270903
641,2009-06-25,2.32,2.38,2.3,2.36,210540096.0,1142432256.0,14950000000.0,0.014082949565217391
642,2009-06-26,2.37,2.42,2.36,2.4,223211136.0,1234719488.0,14950000000.0,0.014930510769230769
643,2009-06-29,2.41,2.43,2.39,2.41,192859296.0,1071560384.0,14950000000.0,0.012900287357859532
644,2009-06-30,2.41,2.42,2.34,2.35,200509056.0,1098479872.0,14950000000.0,0.013411976989966556
645,2009-07-01,2.34,2.39,2.29,2.37,321943232.0,1746411648.0,14950000000.0,0.021534664347826086
646,2009-07-02,2.37,2.44,2.36,2.38,296200544.0,1639792128.0,14950000000.0,0.0198127454180602
647,2009-07-03,2.36,2.39,2.36,2.37,216994320.0,1189954432.0,14950000000.0,0.014514670234113713
648,2009-07-06,2.37,2.41,2.35,2.4,318756896.0,1749717888.0,14950000000.0,0.021321531505016724
649,2009-07-07,2.4,2.4,2.34,2.35,311682336.0,1700465792.0,14950000000.0,0.020848316789297657
650,2009-07-08,2.32,2.33,2.22,2.29,508605184.0,2668095488.0,14950000000.0,0.03402041364548495
651,2009-07-09,2.26,2.29,2.23,2.28,265734352.0,1388149248.0,14950000000.0,0.01777487304347826
652,2009-07-10,2.28,2.29,2.25,2.27,209207664.0,1095990400.0,14950000000.0,0.013993823678929766
653,2009-07-13,2.26,2.26,2.23,2.23,239313824.0,1241232640.0,14950000000.0,0.01600761364548495
654,2009-07-14,2.25,2.27,2.24,2.27,281498272.0,1469828352.0,14950000000.0,0.01882931585284281
655,2009-07-15,2.28,2.3,2.26,2.28,353455200.0,1857952896.0,14950000000.0,0.02364248829431438
656,2009-07-16,2.29,2.33,2.26,2.3,374084704.0,1984088704.0,14950000000.0,0.02502238822742475
657,2009-07-17,2.3,2.31,2.24,2.27,325600960.0,1703607680.0,14950000000.0,0.021779328428093644
658,2009-07-20,2.28,2.29,2.25,2.28,320270784.0,1677453312.0,14950000000.0,0.02142279491638796
659,2009-07-21,2.29,2.29,2.23,2.24,363792096.0,1900367616.0,14950000000.0,0.024333919464882944
660,2009-07-22,2.24,2.27,2.23,2.26,276594368.0,1435833216.0,14950000000.0,0.018501295518394648
661,2009-07-23,2.26,2.29,2.23,2.28,459267168.0,2405261824.0,14950000000.0,0.030720211906354516
662,2009-07-24,2.29,2.29,2.24,2.26,424452064.0,2219148032.0,14950000000.0,0.028391442408026754
663,2009-07-27,2.26,2.29,2.26,2.29,454658080.0,2397944832.0,14950000000.0,0.030411911705685617
664,2009-07-28,2.3,2.3,2.26,2.3,374380160.0,1975233664.0,14950000000.0,0.02504215117056856
665,2009-07-29,2.29,2.36,2.16,2.24,667444213.0,3544481005.0,14950000000.0,0.044645097859531774
666,2009-07-30,2.26,2.34,2.24,2.31,584862656.0,3099112192.0,14950000000.0,0.039121247892976586
667,2009-07-31,2.34,2.36,2.32,2.35,513816768.0,2778590976.0,14950000000.0,0.0343690145819398
668,2009-08-03,2.36,2.36,2.32,2.34,381386784.0,2051365120.0,14950000000.0,0.025510821672240804
669,2009-08-04,2.34,2.34,2.27,2.29,415207648.0,2201285888.0,14950000000.0,0.027773086822742474
670,2009-08-05,2.29,2.3,2.25,2.26,409137600.0,2138384512.0,14950000000.0,0.0273670635451505
671,2009-08-06,2.25,2.27,2.2,2.24,340129056.0,1751472896.0,14950000000.0,0.022751107424749163
672,2009-08-07,2.24,2.25,2.2,2.2,230874128.0,1185802496.0,14950000000.0,0.015443085484949833
673,2009-08-10,2.22,2.23,2.17,2.2,235633200.0,1197034112.0,14950000000.0,0.01576141806020067
674,2009-08-11,2.2,2.22,2.19,2.21,163923984.0,833892480.0,14950000000.0,0.010964814983277593
675,2009-08-12,2.2,2.21,2.11,2.12,329176800.0,1636862592.0,14950000000.0,0.022018515050167223
676,2009-08-13,2.13,2.17,2.08,2.16,378137696.0,1854534272.0,14950000000.0,0.02529349137123746
677,2009-08-14,2.14,2.16,2.09,2.09,236610624.0,1156339328.0,14950000000.0,0.015826797591973245
678,2009-08-17,2.07,2.1,2.01,2.03,287174176.0,1361843456.0,14950000000.0,0.01920897498327759
679,2009-08-18,2.01,2.07,2.0,2.06,202823216.0,954619968.0,14950000000.0,0.013566770301003344
680,2009-08-19,2.06,2.08,1.98,1.99,214070720.0,1006870592.0,14950000000.0,0.014319111705685618
681,2009-08-20,2.0,2.06,2.0,2.06,214020160.0,1003037120.0,14950000000.0,0.014315729765886288
682,2009-08-21,2.07,2.12,2.06,2.1,297602368.0,1441831936.0,14950000000.0,0.019906512909698998
683,2009-08-24,2.11,2.12,2.08,2.1,165906864.0,802227584.0,14950000000.0,0.011097449096989967
684,2009-08-25,2.09,2.09,2.0,2.04,177421376.0,833460672.0,14950000000.0,0.011867650568561873
685,2009-08-26,2.03,2.07,2.01,2.05,152585360.0,722186304.0,14950000000.0,0.010206378595317726
686,2009-08-27,2.04,2.07,2.02,2.04,132358624.0,623677376.0,14950000000.0,0.008853419665551839
687,2009-08-28,2.03,2.05,2.0,2.0,145142576.0,673409472.0,14950000000.0,0.009708533511705685
688,2009-08-31,1.98,1.98,1.93,1.94,193968320.0,873774464.0,14950000000.0,0.012974469565217391
689,2009-09-01,1.93,1.99,1.93,1.97,151480336.0,689017984.0,14950000000.0,0.010132463946488294
690,2009-09-03,2.02,2.07,2.0,2.06,264940016.0,1247809792.0,14950000000.0,0.017721740200668898
691,2009-09-04,2.04,2.1,2.04,2.08,186458752.0,892290368.0,14950000000.0,0.012472157324414715
692,2009-09-07,2.1,2.12,2.07,2.08,158595248.0,765971840.0,14950000000.0,0.01060837779264214
693,2009-09-08,2.08,2.13,2.06,2.12,251777664.0,1221426944.0,14950000000.0,0.01684131531772575
694,2009-09-09,2.12,2.16,2.08,2.11,213658432.0,1042442112.0,14950000000.0,0.014291533913043478
695,2009-09-10,2.1,2.14,2.09,2.12,142455840.0,699031040.0,14950000000.0,0.00952881872909699
696,2009-09-11,2.12,2.23,2.11,2.2,283284928.0,1423727232.0,14950000000.0,0.018948824615384614
697,2009-09-14,2.2,2.21,2.17,2.2,143712496.0,726553600.0,14950000000.0,0.009612875986622074
698,2009-09-15,2.2,2.2,2.16,2.18,135503968.0,681660672.0,14950000000.0,0.009063810568561873
699,2009-09-16,2.17,2.17,2.12,2.15,165318960.0,819481216.0,14950000000.0,0.01105812441471572
700,2009-09-17,2.19,2.23,2.19,2.21,253303264.0,1291242624.0,14950000000.0,0.016943362140468227
701,2009-09-18,2.21,2.21,2.14,2.16,195077456.0,978963648.0,14950000000.0,0.013048659264214047
702,2009-09-21,2.14,2.16,2.11,2.15,137628144.0,676989440.0,14950000000.0,0.009205895919732442
703,2009-09-22,2.14,2.16,2.12,2.13,132222240.0,652752960.0,14950000000.0,0.008844296989966555
704,2009-09-23,2.13,2.15,2.1,2.13,123716704.0,606464960.0,14950000000.0,0.008275364816053512
705,2009-09-24,2.12,2.16,2.1,2.14,189526176.0,929887424.0,14950000000.0,0.01267733618729097
706,2009-09-25,2.12,2.14,2.1,2.12,119245240.0,582946176.0,14950000000.0,0.007976270234113712
707,2009-09-28,2.12,2.13,2.04,2.04,98311904.0,473506112.0,14950000000.0,0.0065760470903010034
708,2009-09-29,2.04,2.07,2.02,2.05,111617024.0,526885440.0,14950000000.0,0.007466021672240803
709,2009-09-30,2.07,2.07,2.04,2.07,132574976.0,629569408.0,14950000000.0,0.008867891371237458
710,2009-10-09,2.12,2.15,2.09,2.14,224176416.0,1096699776.0,14950000000.0,0.014995077993311037
711,2009-10-12,2.17,2.2,2.14,2.15,193240384.0,972215168.0,14950000000.0,0.012925778193979933
712,2009-10-13,2.14,2.17,2.13,2.16,96933312.0,482989952.0,14950000000.0,0.006483833578595318
713,2009-10-14,2.16,2.19,2.16,2.17,162418832.0,815097344.0,14950000000.0,0.010864135919732442
714,2009-10-15,2.19,2.2,2.16,2.17,116716936.0,588484736.0,14950000000.0,0.007807152909698997
715,2009-10-16,2.17,2.18,2.12,2.14,127711032.0,632042816.0,14950000000.0,0.008542543946488294
716,2009-10-19,2.14,2.17,2.13,2.16,153272320.0,763197504.0,14950000000.0,0.010252329096989967
717,2009-10-20,2.19,2.22,2.18,2.21,257619760.0,1308857472.0,14950000000.0,0.017232090969899666
718,2009-10-21,2.21,2.24,2.2,2.23,236498640.0,1214266240.0,14950000000.0,0.01581930702341137
719,2009-10-22,2.22,2.23,2.2,2.21,94278960.0,481747264.0,14950000000.0,0.006306284949832776
720,2009-10-23,2.22,2.26,2.22,2.25,236260384.0,1223803904.0,14950000000.0,0.01580337016722408
721,2009-10-26,2.26,2.28,2.24,2.26,137286944.0,715459008.0,14950000000.0,0.009183073177257525
722,2009-10-27,2.25,2.25,2.2,2.2,158426192.0,814316736.0,250962348064.0,0.0006312747438894635
723,2009-10-28,2.2,2.21,2.16,2.19,124468248.0,627598976.0,250962348064.0,0.0004959638326632899
724,2009-10-29,2.16,2.17,2.13,2.14,128109120.0,635945792.0,250962348064.0,0.0005104714750570066
725,2009-10-30,2.18,2.22,2.16,2.19,155006784.0,783912064.0,250962348064.0,0.0006176495605646407
726,2009-11-02,2.15,2.27,2.14,2.25,316462656.0,1628008704.0,250962348064.0,0.0012609965536316077
727,2009-11-03,2.26,2.27,2.24,2.25,144900144.0,754700672.0,250962348064.0,0.0005773780215151948
728,2009-11-04,2.25,2.27,2.23,2.25,151807056.0,790010752.0,250962348064.0,0.0006048997276726405
729,2009-11-05,2.25,2.3,2.25,2.28,234721040.0,1237654784.0,250962348064.0,0.0009352838854541711
730,2009-11-06,2.29,2.3,2.26,2.27,152940096.0,805175680.0,250962348064.0,0.0006094145085102466
731,2009-11-09,2.27,2.29,2.25,2.28,133359464.0,700264384.0,250962348064.0,0.0005313923185241751
732,2009-11-10,2.31,2.33,2.3,2.31,216986544.0,1160489216.0,250962348064.0,0.0008646179224648649
733,2009-11-11,2.31,2.32,2.27,2.32,142338640.0,757528512.0,250962348064.0,0.0005671712952083993
734,2009-11-12,2.31,2.32,2.29,2.3,157660592.0,839136640.0,250962348064.0,0.0006282240870642223
735,2009-11-13,2.29,2.31,2.27,2.31,129646176.0,686588928.0,250962348064.0,0.0005165961228850866
736,2009-11-16,2.33,2.38,2.31,2.37,245164176.0,1329023488.0,250962348064.0,0.0009768962471513004
737,2009-11-17,2.38,2.43,2.38,2.38,236076368.0,1310261504.0,250962348064.0,0.0009406844087217266
738,2009-11-18,2.39,2.43,2.38,2.41,163705376.0,910440128.0,250962348064.0,0.0006523105049935703
739,2009-11-19,2.42,2.42,2.37,2.4,167886720.0,930456512.0,250962348064.0,0.0006689717453439901
740,2009-11-20,2.39,2.39,2.36,2.37,192333088.0,1053734464.0,250962348064.0,0.0007663822461166627
741,2009-11-23,2.37,2.39,2.34,2.37,164510544.0,897033472.0,250962348064.0,0.0006555188269040534
742,2009-11-24,2.39,2.39,2.29,2.3,241037488.0,1310285952.0,250962348064.0,0.0009604527924584568
743,2009-11-25,2.3,2.32,2.25,2.31,258108896.0,1361034496.0,250962348064.0,0.0010284765742396445
744,2009-11-26,2.31,2.32,2.23,2.24,279010080.0,1463583744.0,250962348064.0,0.0011117607169058177
745,2009-11-30,2.21,2.26,2.21,2.26,218959440.0,1131547648.0,250962348064.0,0.0008724792451501981
746,2009-12-01,2.25,2.28,2.24,2.28,161864576.0,844329216.0,250962348064.0,0.0006449755401504354
747,2009-12-02,2.3,2.33,2.29,2.31,197370320.0,1051815040.0,250962348064.0,0.0007864539104075761
748,2009-12-03,2.3,2.31,2.25,2.28,164116928.0,862804544.0,250962348064.0,0.0006539504003929194
749,2009-12-04,2.27,2.35,2.25,2.34,368880128.0,1972598400.0,250962348064.0,0.001469862434925612
750,2009-12-07,2.34,2.36,2.32,2.33,163857088.0,882595968.0,250962348064.0,0.0006529150259552618
751,2009-12-08,2.33,2.33,2.27,2.29,134061104.0,711350720.0,250962348064.0,0.0005341881164014769
752,2009-12-09,2.27,2.29,2.25,2.26,86031344.0,450637152.0,250962348064.0,0.00034280578207716015
753,2009-12-10,2.27,2.29,2.25,2.27,100696568.0,526955072.0,250962348064.0,0.0004012417351718455
754,2009-12-11,2.27,2.29,2.26,2.26,69805456.0,366073088.0,250962348064.0,0.00027815111126629373
755,2009-12-14,2.26,2.32,2.22,2.3,216924176.0,1138052480.0,250962348064.0,0.0008643694070979937
756,2009-12-15,2.29,2.3,2.27,2.28,104267984.0,551298880.0,250962348064.0,0.0004154726189181564
757,2009-12-16,2.27,2.3,2.26,2.26,109354728.0,574997824.0,250962348064.0,0.0004357415717680189
758,2009-12-17,2.27,2.29,2.23,2.24,99537856.0,517252000.0,250962348064.0,0.00039662466010485374
759,2009-12-18,2.23,2.26,2.2,2.22,123014080.0,633650944.0,250962348064.0,0.0004901694654555477
760,2009-12-21,2.21,2.24,2.2,2.23,93113072.0,477177472.0,250962348064.0,0.0003710240708150151
761,2009-12-22,2.23,2.23,2.17,2.2,91750752.0,466281792.0,250962348064.0,0.00036559568679442653
762,2009-12-23,2.2,2.2,2.16,2.2,78963744.0,398710624.0,250962348064.0,0.0003146437886366237
763,2009-12-24,2.2,2.24,2.18,2.23,96284048.0,492816480.0,250962348064.0,0.0003836593367202868
764,2009-12-25,2.23,2.24,2.22,2.23,59737104.0,307356288.0,250962348064.0,0.00023803213693540174
765,2009-12-28,2.23,2.27,2.23,2.26,108945904.0,567796864.0,250962348064.0,0.00043411254652517354
766,2009-12-29,2.26,2.29,2.25,2.29,111083528.0,583810496.0,250962348064.0,0.00044263025452595647
767,2009-12-30,2.28,2.35,2.27,2.33,358841952.0,1924411648.0,250962348064.0,0.001429863701739389
768,2009-12-31,2.33,2.36,2.32,2.36,220230480.0,1196542336.0,250962348064.0,0.0008775439092713509
769,2010-01-04,2.35,2.38,2.32,2.32,166346192.0,904593984.0,250962348064.0,0.0006628332627712691
770,2010-01-05,2.33,2.36,2.3,2.34,143390144.0,772546432.0,250962348064.0,0.0005713611826879819
771,2010-01-06,2.34,2.34,2.31,2.31,102730592.0,550835963.0,250962348064.0,0.00040934663224382093
772,2010-01-07,2.31,2.33,2.25,2.26,157980288.0,833977728.0,250962348064.0,0.0006294979673991261
773,2010-01-08,2.25,2.27,2.24,2.26,99199224.0,516282336.0,250962348064.0,0.00039527532622025984
774,2010-01-11,2.39,2.4,2.27,2.29,235722000.0,1273893504.0,250962348064.0,0.0009392723722041626
775,2010-01-12,2.29,2.32,2.26,2.31,168643664.0,890835739.0,250962348064.0,0.0006719879109395038
776,2010-01-13,2.25,2.27,2.17,2.2,393952672.0,2020445184.0,250962348064.0,0.0015697680350820389
777,2010-01-14,2.22,2.23,2.18,2.2,176060384.0,894015232.0,250962348064.0,0.0007015410293941838
778,2010-01-15,2.21,2.22,2.19,2.2,143088832.0,726721088.0,250962348064.0,0.0005701605563696341
779,2010-01-18,2.19,2.2,2.16,2.2,186260320.0,939760704.0,250962348064.0,0.0007421843214205989
780,2010-01-19,2.2,2.22,2.19,2.19,166794416.0,848102784.0,250962348064.0,0.0006646192836762284
781,2010-01-20,2.2,2.21,2.13,2.13,225794912.0,1130087168.0,250962348064.0,0.0008997162870918715
782,2010-01-21,2.16,2.18,2.15,2.17,205141968.0,1026393920.0,250962348064.0,0.0008174212967902462
783,2010-01-22,2.16,2.23,2.14,2.2,340087680.0,1713807360.0,250962348064.0,0.001355134276609778
784,2010-01-25,2.17,2.23,2.17,2.18,147374112.0,747377216.0,250962348064.0,0.0005872359464951168
785,2010-01-26,2.18,2.19,2.15,2.16,159091808.0,794795264.0,250962348064.0,0.0006339269983217907
786,2010-01-27,2.17,2.17,2.1,2.12,150884544.0,742756352.0,250962348064.0,0.0006012238296460379
787,2010-01-28,2.11,2.13,2.08,2.1,120944304.0,589244544.0,250962348064.0,0.000481922108766519
788,2010-01-29,2.1,2.12,2.09,2.1,98124856.0,477027648.0,250962348064.0,0.00039099433344071344
789,2010-02-01,2.1,2.1,2.06,2.08,105520856.0,506044800.0,250962348064.0,0.0004204648897096319
790,2010-02-02,2.08,2.11,2.07,2.08,106766512.0,515763840.0,250962348064.0,0.0004254284071839039
791,2010-02-03,2.08,2.14,2.07,2.13,195595152.0,951851968.0,250962348064.0,0.0007793804668663669
792,2010-02-04,2.11,2.13,2.1,2.11,76574800.0,374262528.0,250962348064.0,0.0003051246555139499
793,2010-02-05,2.08,2.09,2.07,2.09,114036400.0,548363648.0,250962348064.0,0.00045439644982489015
794,2010-02-08,2.08,2.09,2.07,2.08,48388224.0,232385232.0,250962348064.0,0.00019281069201528236
795,2010-02-09,2.08,2.1,2.07,2.09,48680140.0,234305840.0,250962348064.0,0.0001939738784544113
796,2010-02-10,2.1,2.11,2.09,2.1,51232804.0,248427152.0,250962348064.0,0.00020414538035376802
797,2010-02-11,2.1,2.11,2.1,2.1,38228748.0,185747456.0,250962348064.0,0.0001523286193921447
798,2010-02-12,2.11,2.13,2.1,2.13,67715752.0,331776960.0,250962348064.0,0.00026982434824339164
799,2010-02-22,2.12,2.13,2.11,2.11,48480780.0,237251584.0,250962348064.0,0.0001931794963427602
800,2010-02-23,2.12,2.12,2.07,2.09,66213092.0,319386880.0,250962348064.0,0.00026383675683140504
801,2010-02-24,2.08,2.1,2.07,2.09,139728224.0,672756096.0,250962348064.0,0.0005567696711395398
802,2010-02-25,2.1,2.12,2.09,2.11,180950352.0,881760704.0,250962348064.0,0.0007210258964976465
803,2010-02-26,2.11,2.12,2.1,2.11,77536992.0,377512896.0,250962348064.0,0.00030895866490787953
804,2010-03-01,2.11,2.13,2.1,2.13,128403480.0,628611648.0,250962348064.0,0.0005116444000087804
805,2010-03-02,2.13,2.14,2.12,2.13,95949432.0,471230560.0,250962348064.0,0.00038232600523617645
806,2010-03-03,2.13,2.13,2.12,2.13,78346352.0,384525920.0,250962348064.0,0.00031218369051926563
807,2010-03-04,2.13,2.13,2.09,2.1,85572376.0,417085216.0,250962348064.0,0.0003409769499693136
808,2010-03-05,2.1,2.11,2.09,2.1,56453764.0,273871360.0,250962348064.0,0.00022494913852815586
809,2010-03-08,2.1,2.11,2.09,2.1,54568512.0,264954944.0,250962348064.0,0.00021743704751313542
810,2010-03-09,2.1,2.14,2.09,2.13,122518128.0,600686272.0,250962348064.0,0.00048819326462771074
811,2010-03-10,2.12,2.15,2.1,2.11,76288312.0,374479392.0,250962348064.0,0.00030398309781730717
812,2010-03-11,2.12,2.15,2.11,2.12,125416960.0,616806400.0,250962348064.0,0.0004997441288205368
813,2010-03-12,2.12,2.13,2.1,2.1,78446592.0,382842272.0,250962348064.0,0.00031258311298551717
814,2010-03-15,2.1,2.1,2.08,2.09,60974964.0,294412800.0,250962348064.0,0.00024296458998881483
815,2010-03-16,2.09,2.11,2.07,2.09,89537144.0,431687136.0,250962348064.0,0.0003567752082761291
816,2010-03-17,2.09,2.11,2.08,2.11,90600784.0,439231296.0,250962348064.0,0.00036101345360737197
817,2010-03-18,2.11,2.11,2.1,2.1,85366288.0,414986624.0,250962348064.0,0.0003401557590552589
818,2010-03-19,2.1,2.11,2.09,2.1,70184160.0,339939488.0,250962348064.0,0.00027966011850551285
819,2010-03-22,2.1,2.12,2.1,2.11,99128024.0,482808608.0,250962348064.0,0.0003949916183232416
820,2010-03-23,2.11,2.12,2.1,2.1,67565040.0,328299808.0,250962348064.0,0.00026922381194317515
821,2010-03-24,2.11,2.13,2.1,2.11,84896616.0,414505952.0,250962348064.0,0.00033828427513098424
822,2010-03-25,2.11,2.11,2.09,2.11,81430696.0,394318848.0,250962348064.0,0.0003244737572316373
823,2010-03-26,2.11,2.14,2.1,2.12,164804208.0,807514560.0,250962348064.0,0.0006566889785314406
824,2010-03-29,2.14,2.19,2.12,2.17,295873984.0,1478974464.0,250962348064.0,0.0011789576654923021
825,2010-03-30,2.17,2.18,2.16,2.17,112067544.0,561118144.0,250962348064.0,0.0004465512251719159
826,2010-03-31,2.18,2.18,2.15,2.16,86044864.0,429269056.0,250962348064.0,0.00034285965470030183
827,2010-04-01,2.16,2.18,2.16,2.17,91374960.0,457807136.0,250962348064.0,0.00036409828288942254
828,2010-04-02,2.17,2.18,2.16,2.17,85242400.0,426608832.0,250962348064.0,0.0003396621073144471
829,2010-04-06,2.17,2.19,2.16,2.16,116640320.0,585553280.0,250962348064.0,0.00046477218953280825
830,2010-04-07,2.16,2.17,2.15,2.16,93114728.0,464345728.0,250962348064.0,0.0003710306694144176
831,2010-04-09,2.15,2.16,2.14,2.15,117500840.0,583652672.0,250962348064.0,0.00046820107042525413
832,2010-04-12,2.16,2.16,2.12,2.13,144288672.0,710869376.0,250962348064.0,0.0005749415125937686
833,2010-04-13,2.13,2.17,2.13,2.16,162396640.0,806018624.0,250962348064.0,0.0006470956350734568
834,2010-04-14,2.16,2.16,2.13,2.14,100900432.0,499285184.0,250962348064.0,0.0004020540641987799
835,2010-04-15,2.14,2.15,2.12,2.14,80535016.0,397453472.0,250962348064.0,0.0003209047756417313
836,2010-04-16,2.14,2.14,2.12,2.12,80162496.0,393426752.0,250962348064.0,0.0003194204095490735
837,2010-04-19,2.1,2.1,2.0,2.02,303450848.0,1436341376.0,250962348064.0,0.0012091489035742304
838,2010-04-20,2.03,2.03,1.99,2.0,163004480.0,753533312.0,250962348064.0,0.0006495176717044059
839,2010-04-21,2.0,2.02,1.99,2.01,127176480.0,588267648.0,250962348064.0,0.0005067552203789856
840,2010-04-22,2.0,2.0,1.95,1.98,218451712.0,993020288.0,250962348064.0,0.0008704561209488318
841,2010-04-23,1.97,1.98,1.95,1.97,121768576.0,553201728.0,250962348064.0,0.0004852065536498199
842,2010-04-26,1.97,1.98,1.95,1.96,80639448.0,365416832.0,250962348064.0,0.0003213209018088859
843,2010-04-27,1.96,1.96,1.91,1.93,149979584.0,666878848.0,250962348064.0,0.0005976178703976441
844,2010-04-28,1.91,1.94,1.91,1.94,125138616.0,555295936.0,250962348064.0,0.0004986350222069462
845,2010-04-29,1.94,1.97,1.94,1.94,114781432.0,518800736.0,250962348064.0,0.00045736515013291407
846,2010-04-30,1.95,1.97,1.93,1.97,145697728.0,655610432.0,250962348064.0,0.0005805561237530516
847,2010-05-04,1.94,1.95,1.93,1.94,96374432.0,431759840.0,250962348064.0,0.000384019486363041
848,2010-05-05,1.93,1.95,1.91,1.95,87596224.0,389864256.0,250962348064.0,0.00034904129912611973
849,2010-05-06,1.94,1.94,1.89,1.91,123193168.0,543953216.0,250962348064.0,0.0004908830705097781
850,2010-05-07,1.88,1.93,1.86,1.9,119465208.0,522469312.0,250962348064.0,0.0004760284119175287
851,2010-05-10,1.9,1.92,1.88,1.92,72407744.0,318036640.0,250962348064.0,0.0002885203480066846
852,2010-05-11,1.94,1.95,1.91,1.92,134201680.0,595767552.0,250962348064.0,0.0005347482641729831
853,2010-05-12,1.91,2.0,1.89,1.97,207200432.0,935505216.0,250962348064.0,0.00082562357898867
854,2010-05-13,1.96,2.01,1.96,1.98,170363264.0,782988416.0,250962348064.0,0.0006788399348118717
855,2010-05-14,1.98,1.98,1.94,1.96,83589808.0,378284608.0,250962348064.0,0.0003330770876381945
856,2010-05-17,1.94,1.94,1.9,1.9,95370520.0,422405216.0,250962348064.0,0.00038001923689237545
857,2010-05-19,1.92,1.94,1.9,1.9,129359120.0,571688320.0,250962348064.0,0.000515452301900726
858,2010-05-20,1.91,1.94,1.9,1.91,80670592.0,357347552.0,250962348064.0,0.0003214450001058626
859,2010-05-21,1.88,1.94,1.87,1.93,108238344.0,479009024.0,250962348064.0,0.00043129315945193995
860,2010-05-24,1.94,1.98,1.94,1.97,134762480.0,610106496.0,250962348064.0,0.0005369828623281493
861,2010-05-25,1.95,1.97,1.94,1.95,111632600.0,504151008.0,250962348064.0,0.0004448181205713442
862,2010-05-26,1.95,1.97,1.94,1.96,130062416.0,587667520.0,250962348064.0,0.0005182546983774303
863,2010-05-27,1.96,1.97,1.93,1.97,109111816.0,472066336.0,250962348064.0,0.0004347736496798097
864,2010-05-28,1.98,1.98,1.94,1.95,69012808.0,300502656.0,250962348064.0,0.0002749926773174774
865,2010-05-31,1.94,1.95,1.91,1.92,89306000.0,384460832.0,250962348064.0,0.00035585417768415733
866,2010-06-01,1.91,1.92,1.89,1.9,99081544.0,419871936.0,250962348064.0,0.0003948064112578847
867,2010-06-02,1.89,1.9,1.87,1.89,82243064.0,344483584.0,250962348064.0,0.00032771076870474015
868,2010-06-03,1.9,1.92,1.88,1.9,81931968.0,346490048.0,250962348064.0,0.0003264711564585212
869,2010-06-04,1.89,1.9,1.89,1.9,33240560.0,139837664.0,250962348064.0,0.00013245237883860987
870,2010-06-07,1.88,1.88,1.85,1.85,56233860.0,232834352.0,250962348064.0,0.00022407289553116284
871,2010-06-08,1.85,1.86,1.84,1.84,46333316.0,190296544.0,250962348064.0,0.00018462257927306353
872,2010-06-09,1.85,1.9,1.84,1.89,117518120.0,490366528.0,250962348064.0,0.0004682699253755417
873,2010-06-10,1.88,1.88,1.85,1.86,57717224.0,239369616.0,250962348064.0,0.0002299835989153283
874,2010-06-11,1.87,1.89,1.86,1.88,51852072.0,216661776.0,250962348064.0,0.00020661295369605313
875,2010-06-17,1.89,1.91,1.88,1.9,74255656.0,312829152.0,250962348064.0,0.00029588365176222946
876,2010-06-18,1.9,1.93,1.87,1.88,97463400.0,412058784.0,250962348064.0,0.0003883586552001221
877,2010-06-21,1.89,1.93,1.88,1.93,84125592.0,357674400.0,250962348064.0,0.00033521200550190274
878,2010-06-22,1.92,1.93,1.91,1.92,42226384.0,180353936.0,250962348064.0,0.00016825784555231965
879,2010-06-23,1.91,1.93,1.89,1.91,40663704.0,172344464.0,250962348064.0,0.00016203109475860502
880,2010-06-24,1.9,1.93,1.89,1.92,47088384.0,200625184.0,250962348064.0,0.0001876312696436503
881,2010-06-25,1.91,1.93,1.91,1.92,55942808.0,238593392.0,250962348064.0,0.0002229131518395483
882,2010-06-28,1.92,1.93,1.9,1.92,48092312.0,204807888.0,250962348064.0,0.00019163158286889944
883,2010-06-29,1.92,1.92,1.85,1.85,85486408.0,357118816.0,250962348064.0,0.00034063439659163294
884,2010-06-30,1.84,1.86,1.81,1.83,84940320.0,345194656.0,250962348064.0,0.00033845842077608653
885,2010-07-01,1.82,1.84,1.81,1.82,37000856.0,150160576.0,250962348064.0,0.00014743588544431416
886,2010-07-02,1.82,1.84,1.8,1.83,84917168.0,343801088.0,250962348064.0,0.0003383661678936179
887,2010-07-05,1.82,1.84,1.81,1.83,54744592.0,221688144.0,250962348064.0,0.00021813866670564912
888,2010-07-06,1.82,1.87,1.82,1.86,107026016.0,440787232.0,250962348064.0,0.0004264624427753059
889,2010-07-07,1.86,1.87,1.84,1.85,44371896.0,182633056.0,250962348064.0,0.00017680698456281718
890,2010-07-08,1.86,1.87,1.84,1.86,24039732.0,99176112.0,250962348064.0,9.579019396913447e-05
891,2010-07-09,1.86,1.9,1.84,1.89,75745504.0,316428512.0,250962348064.0,0.0003018201916913987
892,2010-07-12,1.89,1.96,1.87,1.93,134236000.0,576872448.0,250962348064.0,0.0005348850177548043
893,2010-07-13,1.93,1.93,1.91,1.91,55642340.0,237018736.0,250962348064.0,0.00022171588857548537
894,2010-07-14,1.91,1.93,1.89,1.91,65807376.0,279849184.0,250962348064.0,0.0002622201159164239
895,2010-07-15,1.91,1.93,1.88,1.88,36620196.0,155096512.0,250962348064.0,0.00014591908420725
896,2010-07-16,1.88,1.89,1.85,1.87,30827356.0,127848232.0,250962348064.0,0.00012283657782855324
897,2010-07-19,1.86,1.91,1.85,1.89,37603688.0,157163840.0,250962348064.0,0.00014983796689059655
898,2010-07-20,1.89,1.93,1.89,1.91,54333552.0,230734624.0,250962348064.0,0.0002165008114529752
899,2010-07-21,1.91,1.92,1.89,1.9,59911088.0,253021584.0,250962348064.0,0.00023872540427746387
900,2010-07-22,1.89,1.92,1.89,1.92,69843200.0,296688704.0,250962348064.0,0.0002783015083290052
901,2010-07-23,1.92,1.96,1.91,1.94,161955136.0,697799744.0,250962348064.0,0.0006453363910936093
902,2010-07-26,1.95,1.95,1.93,1.95,54222372.0,233628416.0,250962348064.0,0.00021605779679018743
903,2010-07-27,1.93,1.94,1.93,1.93,47853816.0,205406416.0,250962348064.0,0.0001906812570457637
904,2010-07-28,1.93,1.97,1.91,1.96,117374696.0,507686720.0,250962348064.0,0.00046769842928815484
905,2010-07-29,1.95,1.97,1.94,1.96,81180696.0,353272352.0,250962348064.0,0.00032347759186289346
906,2010-07-30,1.95,1.96,1.93,1.94,50007068.0,215759408.0,250962348064.0,0.00019926123733607752
907,2010-08-02,1.93,1.97,1.93,1.97,96785704.0,420814176.0,250962348064.0,0.0003856582660571771
908,2010-08-03,1.96,1.97,1.93,1.93,89161680.0,385272064.0,250962348064.0,0.0003552791113400889
909,2010-08-04,1.93,1.94,1.92,1.93,59328360.0,253866624.0,250962348064.0,0.00023640343046547438
910,2010-08-05,1.93,1.93,1.89,1.9,69963984.0,296635904.0,250962348064.0,0.0002787827916805986
911,2010-08-06,1.9,1.92,1.89,1.92,66822316.0,282827072.0,250962348064.0,0.0002662643082338355
912,2010-08-09,1.91,1.92,1.9,1.91,45427792.0,192419984.0,250962348064.0,0.00018101437267559786
913,2010-08-10,1.91,1.91,1.87,1.88,81932608.0,344997152.0,250962348064.0,0.00032647370664186517
914,2010-08-11,1.87,1.89,1.87,1.89,45576628.0,190044016.0,250962348064.0,0.0001816074337508873
915,2010-08-12,1.87,1.87,1.85,1.85,59969496.0,248171648.0,250962348064.0,0.00023895814038489422
916,2010-08-13,1.85,1.86,1.84,1.86,94293456.0,388253216.0,250962348064.0,0.0003757275014654925
917,2010-08-16,1.85,1.89,1.84,1.89,97355120.0,403559488.0,250962348064.0,0.00038792719605561173
918,2010-08-17,1.88,1.89,1.87,1.87,114412328.0,476535136.0,250962348064.0,0.00045589439564385474
919,2010-08-18,1.88,1.9,1.86,1.87,108215920.0,451348416.0,250962348064.0,0.0004312038074030251
920,2010-08-19,1.87,1.89,1.86,1.88,117333944.0,488702112.0,250962348064.0,0.0004675360463637266
921,2010-08-20,1.88,1.89,1.86,1.87,109054736.0,453317088.0,250962348064.0,0.00043454620520281807
922,2010-08-23,1.87,1.88,1.86,1.87,85922128.0,356744800.0,250962348064.0,0.00034237059328950925
923,2010-08-24,1.87,1.88,1.85,1.86,99081296.0,410408096.0,250962348064.0,0.00039480542306183895
924,2010-08-25,1.86,1.86,1.83,1.84,106692784.0,437130656.0,250962348064.0,0.0004251346260626769
925,2010-08-26,1.84,1.86,1.84,1.85,85442504.0,351658368.0,250962348064.0,0.0003404594540142356
926,2010-08-27,1.86,1.87,1.84,1.84,79390504.0,327162272.0,250962348064.0,0.0003163442827676842
927,2010-08-30,1.86,1.87,1.85,1.85,113933824.0,470425792.0,250962348064.0,0.0004539877191894331
928,2010-08-31,1.84,1.85,1.83,1.84,88146312.0,360430112.0,250962348064.0,0.00035123321358756604
929,2010-09-01,1.84,1.86,1.83,1.84,96841832.0,397244608.0,250962348064.0,0.00038588191713644456
930,2010-09-02,1.85,1.85,1.84,1.84,57911456.0,237223136.0,250962348064.0,0.00023075754768293576
931,2010-09-03,1.84,1.84,1.83,1.84,60695020.0,247828672.0,250962348064.0,0.0002418491079168643
932,2010-09-06,1.84,1.87,1.84,1.87,137477712.0,566646336.0,250962348064.0,0.0005478021426741698
933,2010-09-07,1.87,1.87,1.85,1.86,86733760.0,358174720.0,250962348064.0,0.0003456046720517665
934,2010-09-08,1.85,1.86,1.83,1.84,110318088.0,450967040.0,250962348064.0,0.00043958023524655126
935,2010-09-09,1.84,1.84,1.82,1.83,90027936.0,365664416.0,250962348064.0,0.00035873084825075526
936,2010-09-10,1.83,1.84,1.81,1.83,75517304.0,306515936.0,250962348064.0,0.0003009108919428093
937,2010-09-13,1.83,1.84,1.82,1.84,80327880.0,326559008.0,250962348064.0,0.0003200794088024508
938,2010-09-14,1.84,1.84,1.81,1.82,70316968.0,285490816.0,250962348064.0,0.0002801893134266814
939,2010-09-15,1.82,1.82,1.8,1.81,92225368.0,371393216.0,250962348064.0,0.0003674868708850335
940,2010-09-16,1.81,1.81,1.78,1.79,98654976.0,393575488.0,250962348064.0,0.0003931066821818274
941,2010-09-17,1.79,1.8,1.77,1.78,46589504.0,184624464.0,250962348064.0,0.00018564340172701454
942,2010-09-20,1.78,1.8,1.78,1.79,52978144.0,211023200.0,250962348064.0,0.00021109996941250168
943,2010-09-27,1.79,1.8,1.77,1.8,84886432.0,336974848.0,250962348064.0,0.00033824369533852304
944,2010-09-28,1.79,1.8,1.78,1.8,88652040.0,354177248.0,250962348064.0,0.0003532483684659824
945,2010-09-29,1.8,1.81,1.79,1.8,83992880.0,336290816.0,250962348064.0,0.0003346831931082358
946,2010-09-30,1.8,1.82,1.8,1.82,72006088.0,289612928.0,250962348064.0,0.0002869198848172919
947,2010-10-08,1.82,1.86,1.81,1.85,124851424.0,510309152.0,250962348064.0,0.000497490659308625
948,2010-10-11,1.85,1.9,1.84,1.89,253537776.0,1056051968.0,250962348064.0,0.0010102622084781547
949,2010-10-12,1.88,1.9,1.87,1.89,167615696.0,700847104.0,250962348064.0,0.0006678918064523963
950,2010-10-13,1.89,1.91,1.88,1.9,135399328.0,568938432.0,250962348064.0,0.0005395204860191645
951,2010-10-14,1.9,1.98,1.9,1.97,377541472.0,1636985216.0,250962348064.0,0.0015043749586839217
952,2010-10-15,1.97,2.11,1.96,2.1,430678784.0,1960797184.0,250962348064.0,0.0017161091586940724
953,2010-10-18,2.11,2.15,2.07,2.1,257334144.0,1207857536.0,250962348064.0,0.0010253894497925843
954,2010-10-19,2.11,2.11,2.06,2.08,168876336.0,779197056.0,250962348064.0,0.0006729150300942093
955,2010-10-20,2.06,2.11,2.05,2.07,185370624.0,854448512.0,250962348064.0,0.0007386391840449592
956,2010-10-21,2.06,2.07,2.02,2.03,138505936.0,627989952.0,250962348064.0,0.000551899267234615
957,2010-10-22,2.02,2.03,2.01,2.02,95906664.0,430378912.0,250962348064.0,0.0003821555892342147
958,2010-10-25,2.02,2.04,1.99,2.04,145334320.0,650928320.0,250962348064.0,0.0005791080658957538
959,2010-10-26,2.04,2.04,1.99,2.0,104076256.0,465259584.0,250962348064.0,0.0004147086477428823
960,2010-10-27,2.0,2.03,1.98,2.0,155510368.0,691467648.0,250962348064.0,0.0006196561723288547
961,2010-10-28,1.99,2.01,1.97,2.01,132199584.0,583320960.0,250962348064.0,0.0005267705893725807
962,2010-10-29,2.0,2.0,1.96,1.96,121984464.0,535241504.0,250962348064.0,0.0004860667942463294
963,2010-11-01,1.97,2.0,1.96,2.0,157714896.0,693414656.0,250962348064.0,0.0006284404701209594
964,2010-11-02,2.0,2.02,1.97,2.0,134039280.0,592180736.0,250962348064.0,0.000534101155149447
965,2010-11-03,1.99,2.08,1.97,2.06,412933888.0,1859022720.0,250962348064.0,0.0016454017552254264
966,2010-11-04,2.05,2.09,2.04,2.08,185059312.0,849442304.0,250962348064.0,0.0007373987111118617
967,2010-11-05,2.08,2.17,2.08,2.17,367355040.0,1740888960.0,250962348064.0,0.0014637854755260647
968,2010-11-08,2.16,2.17,2.14,2.16,136800992.0,655150848.0,250962348064.0,0.0005451056425608245
969,2010-11-09,2.15,2.18,2.1,2.15,157375072.0,745702336.0,250962348064.0,0.0006270863865198873
970,2010-11-10,2.13,2.15,2.07,2.13,234969456.0,1096615552.0,250962348064.0,0.0009362737391191387
971,2010-11-11,2.12,2.16,2.08,2.15,231521088.0,1086229504.0,250962348064.0,0.0009225331599980005
972,2010-11-12,2.12,2.12,2.05,2.11,296894976.0,1376677376.0,250962348064.0,0.0011830259729809602
973,2010-11-15,2.08,2.25,2.02,2.25,906296320.0,4295401984.0,250962348064.0,0.0036112840312160204
974,2010-11-24,2.02,2.08,2.02,2.02,518832000.0,2305585920.0,250962348064.0,0.002067369882384462
975,2010-11-25,2.01,2.01,1.97,2.01,204020880.0,886396096.0,250962348064.0,0.0008129541406265889
976,2010-11-26,2.0,2.0,1.97,1.98,92830016.0,402054240.0,250962348064.0,0.00036989618847655444
977,2010-11-29,1.97,1.98,1.95,1.96,80305240.0,344641440.0,250962348064.0,0.00031998919606665734
978,2010-11-30,1.95,1.97,1.9,1.92,114002360.0,480960800.0,262224501277.0,0.0004347509841560304
979,2010-12-01,1.92,1.97,1.91,1.96,78024960.0,330121824.0,262224501277.0,0.0002975502274578781
980,2010-12-02,1.98,2.02,1.97,2.0,168338736.0,734920064.0,262224501277.0,0.0006419641764221564
981,2010-12-03,1.99,2.0,1.96,1.98,37457720.0,162038704.0,262224501277.0,0.00014284599576921936
982,2010-12-06,1.98,2.01,1.98,1.99,46435960.0,201716048.0,262224501277.0,0.00017708474903703803
983,2010-12-07,1.98,1.99,1.95,1.97,47645408.0,204447040.0,262224501277.0,0.0001816970106453551
984,2010-12-08,1.97,1.97,1.94,1.95,40648192.0,173533840.0,262224501277.0,0.0001550129442597792
985,2010-12-09,1.94,1.96,1.92,1.93,51826120.0,219646432.0,262224501277.0,0.00019764026529791603
986,2010-12-10,1.93,1.95,1.92,1.94,44015060.0,185824464.0,262224501277.0,0.00016785258351394416
987,2010-12-13,1.94,1.96,1.93,1.96,74543720.0,316546080.0,262224501277.0,0.00028427442758774087
988,2010-12-14,1.96,1.97,1.95,1.95,62069636.0,265263088.0,262224501277.0,0.00023670418171348886
989,2010-12-15,1.96,1.96,1.93,1.93,70893184.0,301656608.0,262224501277.0,0.0002703530129898587
990,2010-12-16,1.94,1.95,1.92,1.94,48914392.0,206464288.0,262224501277.0,0.00018653631434817542
991,2010-12-17,1.94,1.94,1.92,1.93,43626288.0,183677888.0,262224501277.0,0.00016636999131486768
992,2010-12-20,1.93,1.94,1.9,1.92,78598992.0,328217600.0,262224501277.0,0.000299739313516597
993,2010-12-21,1.91,1.94,1.91,1.93,112584288.0,473703648.0,262224501277.0,0.0004293431294624599
994,2010-12-22,1.93,1.93,1.9,1.91,82688848.0,345631584.0,262224501277.0,0.0003153360864347756
995,2010-12-23,1.91,1.94,1.9,1.91,74279000.0,311391936.0,262224501277.0,0.00028326491093803483
996,2010-12-24,1.91,1.93,1.9,1.91,54400408.0,227069344.0,262224501277.0,0.00020745737997432325
997,2010-12-27,1.92,1.93,1.9,1.9,73964864.0,309982272.0,262224501277.0,0.00028206694507874175
998,2010-12-28,1.9,1.91,1.86,1.87,57170872.0,236515760.0,262224501277.0,0.00021802261696212641
999,2010-12-29,1.87,1.89,1.87,1.88,36135708.0,148203888.0,262224501277.0,0.00013780446840025893
1000,2010-12-30,1.88,1.96,1.86,1.94,225104032.0,946150912.0,262224501277.0,0.0008584401186913197
1001,2010-12-31,1.93,1.95,1.91,1.94,111064552.0,467794080.0,262224501277.0,0.0004235475764435808
1002,2011-01-04,1.94,1.95,1.91,1.94,49201080.0,207611088.0,262224501277.0,0.00018762960654094865
1003,2011-01-05,1.93,1.94,1.91,1.92,67185968.0,282113472.0,262224501277.0,0.0002562154477282362
1004,2011-01-06,1.91,1.93,1.9,1.9,57509796.0,240061296.0,262224501277.0,0.0002193151125083072
1005,2011-01-07,1.91,1.97,1.89,1.97,191327072.0,812543360.0,262224501277.0,0.0007296307975351711
1006,2011-01-10,1.95,1.97,1.94,1.94,112870448.0,480637184.0,262224501277.0,0.00043043440811341144
1007,2011-01-11,1.94,1.96,1.94,1.95,57881660.0,246676192.0,262224501277.0,0.0002207332256067746
1008,2011-01-12,1.95,1.97,1.95,1.96,58418096.0,249964208.0,262224501277.0,0.00022277893833532448
1009,2011-01-13,1.97,1.99,1.96,1.99,91422152.0,394631936.0,262224501277.0,0.00034864076985478376
1010,2011-01-14,1.98,2.0,1.97,1.99,73508208.0,319137952.0,262224501277.0,0.0002803254754686323
1011,2011-01-17,1.97,1.98,1.91,1.94,76630960.0,323945824.0,262224501277.0,0.00029223417196645225
1012,2011-01-18,1.93,1.95,1.91,1.95,52465824.0,221088544.0,262224501277.0,0.0002000797932477633
1013,2011-01-19,1.94,1.95,1.92,1.94,41352176.0,174801520.0,262224501277.0,0.00015769760567231573
1014,2011-01-20,1.94,1.94,1.9,1.9,39855248.0,166664432.0,262224501277.0,0.00015198903155849285
1015,2011-01-21,1.9,1.96,1.9,1.93,46051092.0,194385248.0,262224501277.0,0.00017561704484415848
1016,2011-01-24,1.94,1.95,1.91,1.92,31638928.0,133111384.0,262224501277.0,0.00012065588015582999
1017,2011-01-25,1.92,1.93,1.9,1.92,38991636.0,163357712.0,262224501277.0,0.0001486956245892954
1018,2011-01-26,1.92,1.93,1.91,1.92,27888528.0,117116312.0,262224501277.0,0.00010635363157975862
1019,2011-01-27,1.91,1.95,1.9,1.94,58213856.0,244835968.0,262224501277.0,0.00022200006374883323
1020,2011-01-28,1.93,1.94,1.92,1.93,29689134.0,125149704.0,262224501277.0,0.00011322028969611035
1021,2011-01-31,1.93,1.95,1.92,1.95,28038306.0,118514064.0,262224501277.0,0.00010692481390357123
1022,2011-02-01,1.94,1.96,1.93,1.95,32352504.0,137800320.0,262224501277.0,0.00012337712091146105
1023,2011-02-09,1.94,1.96,1.93,1.94,42139560.0,179075984.0,262224501277.0,0.00016070031516805523
1024,2011-02-10,1.94,1.96,1.93,1.95,29389764.0,125022048.0,262224501277.0,0.00011207863436435414
1025,2011-02-11,1.95,1.96,1.95,1.96,52281076.0,223474128.0,262224501277.0,0.00019937525191352374
1026,2011-02-14,1.96,2.01,1.96,2.0,142475680.0,619274432.0,262224501277.0,0.0005433347353361777
1027,2011-02-15,2.0,2.01,1.98,1.99,131231832.0,571473216.0,262224501277.0,0.0005004560266524205
1028,2011-02-16,1.98,2.0,1.97,1.99,103424056.0,447522240.0,262224501277.0,0.0003944103449385469
1029,2011-02-17,1.99,2.0,1.98,1.98,60544856.0,262590160.0,262224501277.0,0.00023088939326857042
1030,2011-02-18,1.98,1.99,1.97,1.98,55107204.0,238005808.0,262224501277.0,0.0002101527650224709
1031,2011-02-21,1.97,1.98,1.95,1.97,55227296.0,237050624.0,262224501277.0,0.00021061073900817843
1032,2011-02-22,1.96,1.97,1.93,1.94,72057408.0,305724704.0,262224501277.0,0.0002747928116903248
1033,2011-02-23,1.93,1.95,1.92,1.94,46146744.0,194978368.0,262224501277.0,0.00017598181625008808
1034,2011-02-24,1.93,1.95,1.92,1.94,44565464.0,187753328.0,262224501277.0,0.00016995156357614127
1035,2011-02-25,1.94,1.96,1.93,1.95,55717816.0,237541408.0,262224501277.0,0.0002124813498687625
1036,2011-02-28,1.95,1.96,1.94,1.95,22824608.0,97078008.0,262224501277.0,8.704224009902607e-05
1037,2011-03-01,1.95,1.97,1.94,1.95,37636264.0,160428768.0,262224501277.0,0.00014352687798705374
1038,2011-03-02,1.95,1.97,1.94,1.96,52913088.0,225884960.0,262224501277.0,0.00020178544622001372
1039,2011-03-03,1.96,2.01,1.95,1.97,226024592.0,979734272.0,262224501277.0,0.000861950698349273
1040,2011-03-04,1.97,2.01,1.96,1.99,94434288.0,408392704.0,262224501277.0,0.0003601276293409541
1041,2011-03-07,1.99,2.02,1.99,2.01,109516432.0,480518816.0,262224501277.0,0.00041764378029767965
1042,2011-03-08,2.01,2.02,2.01,2.02,75368152.0,331720160.0,262224501277.0,0.0002874184206013041
1043,2011-03-09,2.02,2.03,2.02,2.02,60939508.0,269740672.0,262224501277.0,0.00023239440900157057
1044,2011-03-10,2.02,2.02,1.99,1.99,73602728.0,322545952.0,262224501277.0,0.00028068592996292896
1045,2011-03-11,1.99,2.01,1.96,1.97,55984300.0,242418336.0,262224501277.0,0.00021349759357864567
1046,2011-03-14,1.97,1.98,1.96,1.96,45237664.0,194284608.0,262224501277.0,0.00017251501587265235
1047,2011-03-15,1.96,1.96,1.92,1.95,77796056.0,330019712.0,262224501277.0,0.0002966772960617452
1048,2011-03-16,1.95,1.97,1.95,1.97,42748336.0,183157968.0,262224501277.0,0.00016302189838028497
1049,2011-03-17,1.96,1.97,1.95,1.95,45968648.0,196934528.0,262224501277.0,0.0001753026424919812
1050,2011-03-18,1.96,1.98,1.93,1.95,56909640.0,244134608.0,262224501277.0,0.00021702640189172746
1051,2011-03-21,1.96,1.99,1.95,1.99,63911628.0,275293056.0,262224501277.0,0.00024372866642422236
1052,2011-03-22,1.98,2.01,1.97,2.0,73401912.0,319789440.0,262224501277.0,0.00027992011289006943
1053,2011-03-23,1.99,2.02,1.99,2.01,80875064.0,355809216.0,262224501277.0,0.00030841917367045686
1054,2011-03-24,2.01,2.03,2.0,2.02,83052328.0,366882048.0,262224501277.0,0.00031672222692977095
1055,2011-03-25,2.02,2.06,2.01,2.04,100608112.0,449025824.0,262224501277.0,0.0003836716687801913
1056,2011-03-28,2.05,2.07,2.04,2.06,103624648.0,466866336.0,262224501277.0,0.00039517530778154265
1057,2011-03-29,2.06,2.09,2.06,2.06,108353776.0,491231424.0,262224501277.0,0.0004132099612062598
1058,2011-03-30,2.06,2.09,2.06,2.07,91030256.0,413038528.0,262224501277.0,0.00034714626419992875
1059,2011-03-31,2.07,2.08,2.04,2.05,73641608.0,331185440.0,262225123918.0,0.0002808335330333502
1060,2011-04-01,2.06,2.07,2.04,2.06,55309484.0,248482624.0,262225123918.0,0.00021092366426832441
1061,2011-04-06,2.06,2.12,2.06,2.1,83819984.0,384393952.0,262225123918.0,0.00031964894418816717
1062,2011-04-07,2.1,2.11,2.08,2.09,51748684.0,236022784.0,262225123918.0,0.00019734449249867548
1063,2011-04-08,2.09,2.09,2.07,2.08,27544384.0,125348584.0,262225123918.0,0.00010504098001156197
1064,2011-04-11,2.09,2.12,2.08,2.1,76653512.0,352086144.0,262225123918.0,0.00029231948050855035
1065,2011-04-12,2.1,2.12,2.09,2.11,68723976.0,316124288.0,262225123918.0,0.00026208005919940215
1066,2011-04-13,2.1,2.12,2.08,2.12,50714436.0,232646928.0,262225123918.0,0.0001934003700418074
1067,2011-04-14,2.12,2.13,2.11,2.12,61414540.0,284015808.0,262225123918.0,0.0002342053998578902
1068,2011-04-15,2.11,2.15,2.11,2.15,104411792.0,488174624.0,262225123918.0,0.0003981761565785376
1069,2011-04-18,2.14,2.15,2.13,2.14,39856992.0,186304992.0,262225123918.0,0.00015199532144167702
1070,2011-04-19,2.13,2.13,2.09,2.09,55402676.0,254437392.0,262225123918.0,0.00021127905355600054
1071,2011-04-20,2.09,2.11,2.08,2.09,49903504.0,228394064.0,262225123918.0,0.00019030786697465818
1072,2011-04-21,2.1,2.11,2.09,2.1,34920932.0,159960048.0,262225123918.0,0.0001331715721141963
1073,2011-04-22,2.1,2.1,2.07,2.08,26639620.0,121235144.0,262225123918.0,0.00010159064700577827
1074,2011-04-25,2.06,2.08,2.05,2.06,42608084.0,191812272.0,262225123918.0,0.00016248665788913462
1075,2011-04-26,2.06,2.08,2.05,2.06,46434520.0,209697760.0,262225123918.0,0.00017707883709312485
1076,2011-04-27,2.06,2.09,2.06,2.08,52220004.0,237211424.0,262225123918.0,0.00019914187938883246
1077,2011-04-28,2.09,2.14,2.08,2.1,81373520.0,375234272.0,262225123918.0,0.0003103193118346897
1078,2011-04-29,2.11,2.11,2.06,2.09,36274116.0,165209968.0,262225286715.0,0.00013833187658757176
1079,2011-05-03,2.09,2.1,2.07,2.09,28090648.0,127885320.0,262225286715.0,0.00010712410062318044
1080,2011-05-04,2.08,2.1,2.07,2.07,56789912.0,258903360.0,262225286715.0,0.00021656916734243945
1081,2011-05-05,2.07,2.12,2.06,2.11,79671312.0,365212384.0,262225286715.0,0.00030382772385559786
1082,2011-05-06,2.09,2.12,2.09,2.1,51896640.0,239376544.0,262225286715.0,0.00019790860237061712
1083,2011-05-09,2.1,2.11,2.08,2.09,22940320.0,104909200.0,262225286715.0,8.748324880251814e-05
1084,2011-05-10,2.1,2.1,2.08,2.09,22212216.0,101607248.0,262225286715.0,8.470661345540404e-05
1085,2011-05-11,2.09,2.1,2.07,2.08,33241770.0,151270496.0,262225286715.0,0.00012676798037455813
1086,2011-05-12,2.07,2.08,2.06,2.06,36433800.0,164410032.0,262225286715.0,0.00013894083387769592
1087,2011-05-13,2.06,2.11,2.06,2.1,53605392.0,243930720.0,262225286715.0,0.00020442495333511108
1088,2011-05-16,2.08,2.11,2.06,2.06,51617588.0,234003264.0,262225286715.0,0.000196844433451228
1089,2011-05-17,2.06,2.07,2.05,2.06,38075888.0,171208208.0,262225286715.0,0.00014520296069456812
1090,2011-05-18,2.06,2.11,2.06,2.09,36478956.0,166137056.0,262225286715.0,0.00013911303694996897
1091,2011-05-19,2.09,2.11,2.08,2.09,25251982.0,115598960.0,262225286715.0,9.629880594789915e-05
1092,2011-05-20,2.09,2.11,2.07,2.08,31838664.0,145631840.0,262225286715.0,0.00012141721494084552
1093,2011-05-23,2.08,2.08,2.03,2.04,61993616.0,278059232.0,262225286715.0,0.00023641356932666019
1094,2011-05-24,2.04,2.06,2.02,2.03,54357472.0,242180128.0,262225286715.0,0.00020729302151198907
1095,2011-05-25,2.03,2.03,1.98,2.0,40879864.0,179156288.0,262225286715.0,0.00015589596454300135
1096,2011-05-26,2.01,2.03,2.0,2.02,33435376.0,147305776.0,262225286715.0,0.0001275062997121986
1097,2011-05-27,2.02,2.04,2.01,2.01,57208408.0,252550048.0,262225286715.0,0.0002181651080133132
1098,2011-05-30,2.01,2.1,2.01,2.09,156120416.0,706711552.0,262225286715.0,0.0005953675099597841
1099,2011-06-01,2.07,2.08,2.03,2.05,69731768.0,313236672.0,262225286715.0,0.00026592312615445087
1100,2011-06-02,2.04,2.07,1.99,2.03,106541616.0,470413280.0,262225286715.0,0.00040629802462870384
1101,2011-06-03,2.02,2.03,1.99,2.02,59807752.0,262790752.0,262225331500.0,0.00022807770575742413
1102,2011-06-07,2.01,2.04,2.01,2.03,55585072.0,245953008.0,262225331500.0,0.0002119744560223771
1103,2011-06-08,2.02,2.03,2.0,2.02,43881824.0,193090080.0,262225331500.0,0.00016734395471628948
1104,2011-06-09,2.02,2.02,2.0,2.0,68309688.0,300208576.0,262225331500.0,0.0002604999586014443
1105,2011-06-10,2.01,2.04,2.0,2.02,54683576.0,241657280.0,262225331500.0,0.00020853658831202583
1106,2011-06-13,2.01,2.08,2.01,2.07,69459600.0,311928960.0,262225331500.0,0.0002648851642313588
1107,2011-06-14,2.06,2.07,2.03,2.04,141339168.0,633456000.0,262225331500.0,0.0005389989105610112
1108,2011-06-15,2.05,2.05,2.03,2.04,59822512.0,255673728.0,262225331500.0,0.00022813399322559345
1109,2011-06-16,2.03,2.05,2.03,2.04,41083484.0,175725360.0,262225331500.0,0.00015667244565958344
1110,2011-06-17,2.04,2.07,2.03,2.05,77925000.0,335722144.0,262225331500.0,0.0002971680865240893
1111,2011-06-20,2.04,2.05,2.02,2.03,39065640.0,166774736.0,262225331500.0,0.00014897736910669134
1112,2011-06-21,2.03,2.06,2.03,2.05,45080952.0,193605408.0,262225331500.0,0.00017191684625632745
1113,2011-06-22,2.05,2.07,2.04,2.07,64972340.0,280328160.0,262225331500.0,0.00024777293493477765
1114,2011-06-23,2.06,2.09,2.05,2.09,65156220.0,283637472.0,262225331500.0,0.0002484741639081501
1115,2011-06-24,2.09,2.14,2.08,2.14,82382112.0,365806112.0,262225331500.0,0.0003141653459974747
1116,2011-06-27,2.13,2.15,2.13,2.14,67198776.0,300592160.0,262225331500.0,0.0002562634800215707
1117,2011-06-28,2.14,2.15,2.13,2.15,50391600.0,225883952.0,262225331500.0,0.00019216907730365478
1118,2011-06-29,2.14,2.14,2.12,2.13,62621408.0,279123040.0,262225331500.0,0.00023880762259614112
1119,2011-06-30,2.13,2.15,2.12,2.13,50943440.0,227564976.0,262225418630.00003,0.00019427346237506127
1120,2011-07-01,2.13,2.13,2.08,2.09,57180744.0,251296352.0,262225418630.00003,0.0002180595012441643
1121,2011-07-04,2.1,2.11,2.09,2.11,46263656.0,203282752.0,262225418630.00003,0.00017642704601905128
1122,2011-07-05,2.11,2.13,2.1,2.11,37299484.0,164535904.0,262225418630.00003,0.00014224206102852888
1123,2011-07-06,2.11,2.11,2.06,2.09,69625616.0,302222432.0,262225418630.00003,0.0002655181803646645
1124,2011-07-07,2.09,2.11,2.05,2.06,62982288.0,273420864.0,262225418630.00003,0.0002401837637596376
1125,2011-07-08,2.06,2.08,2.06,2.07,60669704.0,262823840.0,262225418630.00003,0.00023136469499017152
1126,2011-07-11,2.07,2.07,2.06,2.07,32508984.0,140630672.0,262225418630.00003,0.00012397342778531383
1127,2011-07-12,2.06,2.06,2.04,2.05,37912988.0,162786480.0,262225418630.00003,0.0001445816664077681
1128,2011-07-13,2.05,2.08,2.05,2.07,42170020.0,182586656.0,262225418630.00003,0.0001608159125851254
1129,2011-07-14,2.07,2.1,2.06,2.09,59830900.0,261025056.0,262225418630.00003,0.00022816590516887067
1130,2011-07-15,2.09,2.11,2.07,2.1,29706504.0,130221944.0,262225418630.00003,0.00011328613433130167
1131,2011-07-18,2.1,2.1,2.08,2.08,16688084.0,72907640.0,262225418630.00003,6.364022255045717e-05
1132,2011-07-19,2.08,2.1,2.07,2.08,39547900.0,172770592.0,262225418630.00003,0.00015081642430630294
1133,2011-07-20,2.09,2.1,2.08,2.09,45898424.0,201033344.0,262225418630.00003,0.0001750342290987536
1134,2011-07-21,2.1,2.1,2.07,2.09,26019938.0,113580552.0,262225418630.00003,9.922736756772661e-05
1135,2011-07-22,2.08,2.09,2.07,2.08,24496068.0,106620672.0,262225418630.00003,9.341606976158151e-05
1136,2011-07-25,2.06,2.07,2.04,2.05,26339480.0,113431200.0,262225418630.00003,0.00010044594508652495
1137,2011-07-26,2.04,2.06,2.04,2.05,18276500.0,78461664.0,262225418630.00003,6.96976673561465e-05
1138,2011-07-27,2.04,2.05,2.03,2.04,42983136.0,183557168.0,262225418630.00003,0.00016391674088868244
1139,2011-07-28,2.03,2.04,2.01,2.01,35834144.0,151246384.0,262225418630.00003,0.00013665396812870365
1140,2011-07-29,2.02,2.05,2.0,2.03,42538432.0,180370112.0,262225483605.99997,0.00016222081628006454
1141,2011-08-01,2.02,2.04,2.02,2.02,19907396.0,84517056.0,262225483605.99997,7.59170913758761e-05
1142,2011-08-02,2.02,2.02,2.0,2.01,24412892.0,102482440.0,262225483605.99997,9.309885394922544e-05
1143,2011-08-03,2.0,2.01,1.99,2.0,33579256.0,140305728.0,262225483605.99997,0.00012805489206553866
1144,2011-08-04,2.0,2.01,1.98,1.99,32572624.0,135822192.0,262225483605.99997,0.0001242160889631198
1145,2011-08-05,1.97,1.98,1.94,1.96,68886728.0,282486432.0,262225483605.99997,0.00026270035639825134
1146,2011-08-08,1.96,1.96,1.91,1.92,80387080.0,325734752.0,262225483605.99997,0.000306557085507309
1147,2011-08-09,1.91,1.96,1.88,1.96,80950136.0,324950656.0,262225483605.99997,0.00030870430625891995
1148,2011-08-10,1.99,2.02,1.96,1.98,75457656.0,314979744.0,262225483605.99997,0.00028775866846479696
1149,2011-08-11,1.96,2.0,1.95,1.99,30695176.0,127298440.0,262225483605.99997,0.00011705641868934536
1150,2011-08-12,2.0,2.0,1.97,1.98,26972956.0,111748936.0,262225483605.99997,0.00010286168845636493
1151,2011-08-15,1.98,2.01,1.95,2.0,65382824.0,270918496.0,262225483605.99997,0.0002493381768273874
1152,2011-08-16,1.99,2.01,1.98,1.99,30695312.0,128069016.0,262225483605.99997,0.00011705693732696261
1153,2011-08-17,1.99,2.0,1.98,2.0,17290856.0,72274640.0,262225483605.99997,6.59388849711492e-05
1154,2011-08-18,2.0,2.01,1.99,2.0,33085460.0,138422800.0,262225483605.99997,0.0001261717951475368
1155,2011-08-19,1.98,1.98,1.97,1.97,36000816.0,148902096.0,262225483605.99997,0.00013728953992165035
1156,2011-08-22,1.97,1.98,1.94,1.95,17677636.0,72500608.0,262225483605.99997,6.741387510056448e-05
1157,2011-08-23,1.96,1.97,1.94,1.96,20850918.0,85425376.0,262225483605.99997,7.951522374281899e-05
1158,2011-08-24,1.97,1.97,1.94,1.95,21818192.0,89261296.0,262225483605.99997,8.320393464421007e-05
1159,2011-08-25,1.95,2.01,1.94,2.0,73698656.0,305451616.0,262225483605.99997,0.00028105070104755337
1160,2011-08-26,1.99,1.99,1.97,1.99,42043824.0,174497408.0,262225483605.99997,0.00016033462279040677
1161,2011-08-29,1.98,1.98,1.94,1.95,49448732.0,202557600.0,262225483605.99997,0.0001885733275042707
1162,2011-08-30,1.96,1.99,1.95,1.96,41678560.0,172066352.0,262225483605.99997,0.00015894168418285017
1163,2011-08-31,1.96,1.99,1.95,1.98,23394492.0,96415120.0,262225494932.99997,8.921516958515959e-05
1164,2011-09-01,1.98,1.98,1.96,1.97,17995038.0,74313016.0,262225494932.99997,6.862428843769684e-05
1165,2011-09-02,1.97,1.98,1.95,1.96,15032539.0,61806600.0,262225494932.99997,5.732676376048368e-05
1166,2011-09-05,1.95,1.96,1.94,1.95,29039772.0,118467184.0,262225494932.99997,0.00011074351106638132
1167,2011-09-06,1.94,1.95,1.93,1.94,25765076.0,104910336.0,262225494932.99997,9.825541946858797e-05
1168,2011-09-07,1.95,1.98,1.94,1.97,23535360.0,96765072.0,262225494932.99997,8.975237135509425e-05
1169,2011-09-08,1.97,2.0,1.96,1.98,51707192.0,214741136.0,262225494932.99997,0.00019718598305329337
1170,2011-09-09,1.99,2.0,1.98,2.0,30656376.0,127893080.0,262225494932.99997,0.00011690844937801669
1171,2011-09-13,1.98,1.98,1.97,1.98,21831878.0,90345088.0,262225494932.99997,8.32561227716556e-05
1172,2011-09-14,1.98,1.99,1.94,1.95,34288036.0,140662032.0,262225494932.99997,0.0001307578273758651
1173,2011-09-15,1.96,1.96,1.95,1.95,19622512.0,80272104.0,262225494932.99997,7.483067962180282e-05
1174,2011-09-16,1.96,1.97,1.94,1.96,30132832.0,123262016.0,262225494932.99997,0.0001149119081945068
1175,2011-09-19,1.94,1.95,1.94,1.94,17776360.0,72330192.0,262225494932.99997,6.779035732029777e-05
1176,2011-09-20,1.94,1.96,1.93,1.94,18110484.0,73782224.0,262225494932.99997,6.90645431125121e-05
1177,2011-09-21,1.95,1.98,1.94,1.97,35791184.0,147043184.0,262225494932.99997,0.0001364900999010216
1178,2011-09-22,1.96,1.96,1.9,1.91,43832620.0,177611760.0,262225494932.99997,0.0001671562103875501
1179,2011-09-23,1.91,1.94,1.89,1.92,58326224.0,233939008.0,262225494932.99997,0.0002224277392055363
1180,2011-09-26,1.9,1.92,1.88,1.89,37657440.0,149636896.0,262225494932.99997,0.0001436070890422828
1181,2011-09-27,1.9,1.92,1.9,1.91,30574504.0,122248224.0,262225494932.99997,0.00011659622954591791
1182,2011-09-28,1.92,1.93,1.9,1.91,16264599.0,65034280.0,262225494932.99997,6.202523901863811e-05
1183,2011-09-29,1.91,1.92,1.89,1.9,28014336.0,111827640.0,262225494932.99997,0.00010683299885527078
1184,2011-09-30,1.9,1.91,1.89,1.9,25395720.0,101025232.0,262225497951.0,9.68468749165861e-05
1185,2011-10-10,1.89,1.91,1.89,1.91,37687192.0,149559376.0,262225497951.0,0.00014372054698907392
1186,2011-10-11,1.97,1.99,1.92,1.93,68141584.0,277602624.0,262225497951.0,0.00025985872667780416
1187,2011-10-12,1.92,1.98,1.92,1.97,90637624.0,371839968.0,262225497951.0,0.0003456476380376127
1188,2011-10-13,1.96,1.98,1.93,1.97,52312816.0,213901744.0,262225497951.0,0.0001994955349833115
1189,2011-10-14,1.96,1.98,1.95,1.98,37591460.0,154736288.0,262225497951.0,0.00014335547188864303
1190,2011-10-17,1.98,1.99,1.97,1.98,30521832.0,126548160.0,262225497951.0,0.00011639536291662748
1191,2011-10-18,1.97,1.99,1.97,1.99,54337936.0,225274688.0,262225497951.0,0.00020721835376266002
1192,2011-10-19,1.99,2.01,1.99,2.0,42389484.0,177427232.0,262225497951.0,0.0001616527924676531
1193,2011-10-20,1.99,2.0,1.97,1.99,43864812.0,182691264.0,262225497951.0,0.00016727897303181656
1194,2011-10-21,1.99,2.0,1.98,1.98,28046064.0,116737976.0,262225497951.0,0.00010695399272438695
1195,2011-10-24,1.98,2.01,1.98,2.0,24966486.0,104478240.0,262225497951.0,9.520998604287249e-05
1196,2011-10-25,2.0,2.04,1.99,2.02,55040496.0,232110752.0,262225497951.0,0.00020989757453062394
1197,2011-10-26,2.02,2.05,2.02,2.03,41632116.0,177837616.0,262225497951.0,0.0001587645607513708
1198,2011-10-27,2.04,2.06,2.03,2.05,42841288.0,184148528.0,262225497951.0,0.0001633757523000506
1199,2011-10-28,2.07,2.1,2.04,2.05,60175432.0,260273696.0,262225497951.0,0.00022947971295775557
1200,2011-10-31,2.05,2.08,2.05,2.06,34598748.0,149682608.0,262225576528.0,0.00013194269017578308
1201,2011-11-01,2.06,2.08,2.05,2.05,28705788.0,123792440.0,262225576528.0,0.00010946982510279597
1202,2011-11-02,2.04,2.07,2.03,2.06,36650000.0,157824032.0,262225576528.0,0.00013976516129839294
1203,2011-11-03,2.07,2.08,2.06,2.06,34239568.0,148365024.0,262225576528.0,0.00013057295345995343
1204,2011-11-04,2.08,2.09,2.06,2.07,30882288.0,134530224.0,262225576528.0,0.00011776993079354501
1205,2011-11-07,2.06,2.08,2.06,2.06,21871844.0,94695296.0,262225576528.0,8.340850762764769e-05
1206,2011-11-08,2.06,2.08,2.06,2.07,33582460.0,145678080.0,262225576528.0,0.00012806706517590256
1207,2011-11-09,2.08,2.09,2.07,2.08,26424954.0,115078432.0,262225576528.0,0.00010077184060334553
1208,2011-11-10,2.05,2.06,2.02,2.02,105876432.0,453059040.0,262225576528.0,0.0004037608893909504
1209,2011-11-11,2.03,2.07,2.03,2.05,69219432.0,297220352.0,262225576528.0,0.00026396903351877605
1210,2011-11-14,2.05,2.08,2.05,2.08,27003480.0,117220992.0,262225576528.0,0.00010297805560212626
1211,2011-11-15,2.07,2.08,2.06,2.06,28178984.0,121966680.0,262225576528.0,0.00010746085249617554
1212,2011-11-16,2.06,2.06,2.03,2.04,42546824.0,182105904.0,262225576528.0,0.00016225276177610738
1213,2011-11-17,2.04,2.06,2.03,2.05,28493508.0,122483080.0,262225576528.0,0.00010866029308532196
1214,2011-11-18,2.04,2.06,2.04,2.05,29370832.0,125934832.0,262225576528.0,0.00011200597740649388
1215,2011-11-21,2.05,2.05,2.02,2.03,17108208.0,72898208.0,262225576528.0,6.524233153196334e-05
1216,2011-11-22,2.03,2.04,2.02,2.02,11889596.0,50344344.0,262225576528.0,4.534109966474018e-05
1217,2011-11-23,2.02,2.03,2.01,2.02,23997432.0,101194584.0,262225576528.0,9.151445986977398e-05
1218,2011-11-24,2.02,2.05,2.02,2.04,21367926.0,91108288.0,262225576528.0,8.148681102325032e-05
1219,2011-11-25,2.03,2.04,2.01,2.02,15367721.0,64909544.0,262225576528.0,5.860496601237927e-05
1220,2011-11-28,2.01,2.04,2.01,2.02,17055968.0,72349264.0,262225576528.0,6.50431137413432e-05
1221,2011-11-30,2.02,2.03,2.0,2.0,45292092.0,190927280.0,262282405737.0,0.00017268444626596877
1222,2011-12-01,2.03,2.06,2.02,2.04,43781668.0,187261120.0,262282405737.0,0.00016692567645540607
1223,2011-12-02,2.03,2.04,2.01,2.03,25165636.0,106520384.0,262282405737.0,9.594862426736504e-05
1224,2011-12-05,2.03,2.05,2.02,2.04,52322628.0,222617488.0,262282405737.0,0.00019948966021177106
1225,2011-12-06,2.03,2.04,2.0,2.01,40982648.0,172459392.0,262282405737.0,0.00015625389695828387
1226,2011-12-07,2.01,2.01,1.98,1.99,43647552.0,182026832.0,262282405737.0,0.00016641433449320642
1227,2011-12-08,1.99,2.0,1.98,1.99,32158496.0,133958536.0,262282405737.0,0.0001226101915209916
1228,2011-12-09,1.98,2.0,1.98,1.99,25467824.0,105948688.0,262282405737.0,9.71007716984932e-05
1229,2011-12-12,1.99,1.99,1.97,1.97,22306698.0,92204912.0,262282405737.0,8.504839635475865e-05
1230,2011-12-13,1.97,1.99,1.96,1.98,32197964.0,133124744.0,262282405737.0,0.00012276067054336101
1231,2011-12-14,1.97,1.98,1.96,1.96,18109300.0,74552648.0,262282405737.0,6.904504306765757e-05
1232,2011-12-15,1.96,1.97,1.95,1.96,49421964.0,203393872.0,262282405737.0,0.00018843034423573642
1233,2011-12-16,1.96,1.99,1.94,1.99,38711560.0,159075712.0,262282405737.0,0.00014759495548785485
1234,2011-12-19,1.98,2.0,1.94,1.99,57578552.0,237184480.0,262282405737.0,0.00021952883891775832
1235,2011-12-20,1.98,2.01,1.97,1.98,28455260.0,118320840.0,262282405737.0,0.00010849092191312715
1236,2011-12-21,1.99,2.0,1.97,1.97,29073050.0,120869560.0,262282405737.0,0.00011084636012204567
1237,2011-12-22,1.97,1.99,1.96,1.98,27221650.0,112662536.0,262282405737.0,0.0001037875564832821
1238,2011-12-23,1.99,2.0,1.98,1.99,16583139.0,69088848.0,262282405737.0,6.322627304489692e-05
1239,2011-12-26,1.98,2.0,1.97,1.99,23780180.0,98650656.0,262282405737.0,9.066631798339245e-05
1240,2011-12-27,1.99,2.0,1.98,1.99,20140666.0,84042576.0,262282405737.0,7.679000024193682e-05
1241,2011-12-28,1.99,2.01,1.97,2.0,46645072.0,193904144.0,262282405737.0,0.00017784293181591712
1242,2011-12-29,1.99,2.02,1.98,2.01,45423476.0,190577408.0,262282405737.0,0.0001731853719747704
1243,2011-12-30,2.01,2.03,2.0,2.02,47705524.0,201713552.0,262289208241.0,0.00018188138322552177
1244,2012-01-04,2.02,2.03,2.0,2.02,21900868.0,92432768.0,262289208241.0,8.349892909004765e-05
1245,2012-01-05,2.0,2.05,2.0,2.03,45126180.0,192553056.0,262289208241.0,0.00017204741400773368
1246,2012-01-06,2.04,2.07,2.03,2.04,46107640.0,198133696.0,262289208241.0,0.00017578931405227614
1247,2012-01-09,2.05,2.07,2.03,2.06,57268040.0,246448496.0,262289208241.0,0.00021833929189865955
1248,2012-01-10,2.05,2.09,2.04,2.08,84437968.0,365343680.0,262289208241.0,0.0003219269620975622
1249,2012-01-11,2.08,2.09,2.05,2.08,56123976.0,243353792.0,262289208241.0,0.00021397745022140382
1250,2012-01-12,2.07,2.08,2.06,2.07,30155830.0,130739688.0,262289208241.0,0.00011497167650257203
1251,2012-01-13,2.07,2.09,2.06,2.07,49459440.0,214747744.0,262289208241.0,0.00018856833772038013
1252,2012-01-16,2.07,2.07,2.05,2.06,22890020.0,98830376.0,262289208241.0,8.727015554131336e-05
1253,2012-01-17,2.05,2.09,2.04,2.08,53352088.0,230771264.0,262289208241.0,0.0002034093905647019
1254,2012-01-18,2.08,2.08,2.05,2.06,59337116.0,256569952.0,262289208241.0,0.00022622782080107198
1255,2012-01-19,2.06,2.09,2.05,2.08,95901736.0,417484480.0,262289208241.0,0.0003656335563447289
1256,2012-01-20,2.08,2.09,2.07,2.08,65292692.0,284523264.0,262289208241.0,0.0002489339627729057
1257,2012-01-30,2.09,2.1,2.03,2.04,64333724.0,279208832.0,262289208241.0,0.00024527781539867264
1258,2012-01-31,2.04,2.06,2.04,2.05,23989148.0,102990208.0,262346416716.0,9.144073054357425e-05
1259,2012-02-01,2.05,2.06,2.04,2.04,20104204.0,86266464.0,262346416716.0,7.663227976070879e-05
1260,2012-02-02,2.05,2.11,2.04,2.09,78145816.0,340225696.0,262346416716.0,0.0002978726257374265
1261,2012-02-03,2.09,2.12,2.07,2.11,72800544.0,320007296.0,262346416716.0,0.00027749776387763425
1262,2012-02-06,2.11,2.12,2.1,2.11,49924476.0,220200448.0,262346416716.0,0.00019029982046236656
1263,2012-02-07,2.1,2.11,2.06,2.07,37435436.0,162782720.0,262346416716.0,0.00014269467244344065
1264,2012-02-08,2.07,2.11,2.07,2.11,51248928.0,224270992.0,262346416716.0,0.0001953483056545
1265,2012-02-09,2.1,2.12,2.08,2.11,83430416.0,367809440.0,262346416716.0,0.0003180162208592946
1266,2012-02-10,2.1,2.12,2.09,2.1,52792904.0,232687168.0,262346416716.0,0.00020123356232896572
1267,2012-02-13,2.09,2.1,2.08,2.09,43943224.0,192106064.0,262346416716.0,0.0001675007593016611
1268,2012-02-14,2.08,2.09,2.06,2.08,62922596.0,272942592.0,262346416716.0,0.00023984545620120328
1269,2012-02-15,2.08,2.1,2.07,2.09,63267208.0,276119104.0,262346416716.0,0.0002411590323663127
1270,2012-02-16,2.09,2.12,2.07,2.1,102940400.0,452172896.0,262346416716.0,0.0003923834801656045
1271,2012-02-17,2.1,2.11,2.08,2.1,33849244.0,148612272.0,262346416716.0,0.00012902499078782195
1272,2012-02-20,2.11,2.11,2.1,2.1,42676368.0,188115008.0,262346416716.0,0.00016267181589218652
1273,2012-02-21,2.1,2.14,2.1,2.13,61505844.0,272759552.0,262346416716.0,0.00023444514611603185
1274,2012-02-22,2.13,2.13,2.1,2.12,72416072.0,320054272.0,262346416716.0,0.0002760322511985866
1275,2012-02-24,2.12,2.13,2.1,2.12,83038240.0,366679936.0,262346416716.0,0.000316521342427528
1276,2012-02-27,2.12,2.13,2.11,2.12,81628056.0,361904480.0,262346416716.0,0.0003111460679425459
1277,2012-02-28,2.11,2.13,2.11,2.13,69664464.0,309982848.0,262346416716.0,0.00026554379843279674
1278,2012-02-29,2.13,2.13,2.11,2.12,64446500.0,285582688.0,262502149039.0,0.00024550846625802353
1279,2012-03-01,2.12,2.12,2.1,2.11,35902500.0,158769760.0,262502149039.0,0.0001367703088581799
1280,2012-03-02,2.11,2.12,2.11,2.12,60917360.0,269155904.0,262502149039.0,0.00023206423346633058
1281,2012-03-05,2.12,2.12,2.08,2.09,64995752.0,285826592.0,262502149039.0,0.0002476008376995937
1282,2012-03-06,2.09,2.09,2.07,2.07,50760944.0,220957904.0,262502149039.0,0.00019337344164926603
1283,2012-03-07,2.07,2.08,2.05,2.06,61759372.0,267002768.0,262502149039.0,0.00023527187196789159
1284,2012-03-08,2.07,2.07,2.06,2.07,51575444.0,223115520.0,262502149039.0,0.000196476273389813
1285,2012-03-09,2.07,2.08,2.06,2.07,33195412.0,143711552.0,262502149039.0,0.00012645767709531456
1286,2012-03-12,2.06,2.07,2.05,2.07,43662176.0,188268304.0,262502149039.0,0.0001663307373286041
1287,2012-03-13,2.06,2.08,2.06,2.07,37657420.0,163511648.0,262502149039.0,0.00014345566365022493
1288,2012-03-14,2.08,2.1,2.05,2.06,80563728.0,350335744.0,262502149039.0,0.00030690692740969
1289,2012-03-15,2.06,2.12,2.05,2.06,99079832.0,432788032.0,262502149039.0,0.0003774438889842372
1290,2012-03-16,2.08,2.08,2.05,2.06,42748096.0,185201776.0,262502149039.0,0.0001628485563127672
1291,2012-03-19,2.06,2.07,2.06,2.06,39108672.0,168915872.0,262502149039.0,0.00014898419743675933
1292,2012-03-20,2.06,2.07,2.05,2.06,25873272.0,111670976.0,262502149039.0,9.856403878871103e-05
1293,2012-03-21,2.07,2.08,2.06,2.06,50210368.0,217368864.0,262502149039.0,0.00019127602643946443
1294,2012-03-22,2.06,2.07,2.06,2.07,16159780.0,69813544.0,262502149039.0,6.156056268171403e-05
1295,2012-03-23,2.07,2.08,2.05,2.05,38200920.0,165304096.0,262502149039.0,0.00014552612289023387
1296,2012-03-26,2.06,2.07,2.05,2.06,20604952.0,88915456.0,262502149039.0,7.849441261884191e-05
1297,2012-03-27,2.06,2.07,2.06,2.07,16655251.0,71991920.0,262502149039.0,6.344805580058519e-05
1298,2012-03-28,2.07,2.08,2.06,2.06,44024004.0,190928704.0,262502149039.0,0.00016770911842500514
1299,2012-03-29,2.06,2.06,2.04,2.04,45921920.0,197288032.0,262502149039.0,0.00017493921542401303
1300,2012-03-30,2.05,2.07,2.04,2.07,38033992.0,163907984.0,262519393347.0,0.00014488069439398102
1301,2012-04-05,2.06,2.06,2.03,2.05,82788736.0,354221120.0,262519393347.0,0.0003153623621648754
1302,2012-04-06,2.04,2.05,2.04,2.05,42145644.0,180666528.0,262519393347.0,0.00016054297346440835
1303,2012-04-09,2.05,2.05,2.03,2.04,20037368.0,85691432.0,262519393347.0,7.632719146777268e-05
1304,2012-04-10,2.04,2.05,2.04,2.05,27268980.0,116893776.0,262519393347.0,0.0001038741544094446
1305,2012-04-11,2.04,2.06,2.04,2.05,32073610.0,137729936.0,262519393347.0,0.00012217615464928672
1306,2012-04-12,2.05,2.08,2.03,2.08,54566972.0,234907232.0,262519393347.0,0.0002078588225589604
1307,2012-04-13,2.07,2.09,2.06,2.08,42495296.0,184923760.0,262519393347.0,0.00016187488268277922
1308,2012-04-16,2.07,2.09,2.07,2.08,17989584.0,78408240.0,262519393347.0,6.852668585981851e-05
1309,2012-04-17,2.08,2.08,2.06,2.07,45788496.0,199154208.0,262519393347.0,0.00017441947970478676
1310,2012-04-18,2.08,2.09,2.07,2.09,46757304.0,204060176.0,262519393347.0,0.0001781099042012331
1311,2012-04-19,2.09,2.09,2.08,2.08,29994718.0,130636112.0,262519393347.0,0.00011425715112922255
1312,2012-04-20,2.08,2.11,2.08,2.11,63181632.0,276647872.0,262519393347.0,0.0002406741505626065
1313,2012-04-23,2.11,2.11,2.09,2.1,43879376.0,193050384.0,262519393347.0,0.00016714717888289467
1314,2012-04-24,2.1,2.12,2.09,2.11,67063704.0,295934336.0,262519393347.0,0.0002554619037663047
1315,2012-04-25,2.1,2.11,2.09,2.11,42632884.0,187475632.0,262519393347.0,0.00016239898872403514
1316,2012-04-26,2.1,2.11,2.09,2.1,38186476.0,167484464.0,262519393347.0,0.00014546154290980264
1317,2012-04-27,2.1,2.1,2.08,2.09,53920712.0,235622160.0,262527022046.0,0.00020539109299975988
1318,2012-05-02,2.1,2.11,2.09,2.11,76211888.0,335249568.0,262527022046.0,0.00029030111798032795
1319,2012-05-03,2.1,2.11,2.07,2.08,66001560.0,287985920.0,262527022046.0,0.00025140863399743745
1320,2012-05-04,2.08,2.1,2.08,2.09,49651640.0,217073664.0,262527022046.0,0.0001891296355439557
1321,2012-05-07,2.1,2.12,2.09,2.11,96959496.0,427790528.0,262527022046.0,0.000369331489171468
1322,2012-05-08,2.11,2.13,2.09,2.11,64042336.0,282210912.0,262527022046.0,0.00024394569176493572
1323,2012-05-09,2.1,2.12,2.09,2.09,45487360.0,200121216.0,262527022046.0,0.00017326734461654657
1324,2012-05-10,2.1,2.11,2.09,2.1,39506628.0,173921680.0,262527022046.0,0.00015048594880673902
1325,2012-05-11,2.09,2.11,2.08,2.08,33722672.0,147682288.0,262527022046.0,0.00012845409869499495
1326,2012-05-14,2.09,2.1,2.08,2.09,40536680.0,177143152.0,262527022046.0,0.00015440955252559547
1327,2012-05-15,2.08,2.09,2.06,2.07,33980416.0,147366352.0,262527022046.0,0.00012943587953413022
1328,2012-05-16,2.06,2.08,2.04,2.05,59407768.0,256017088.0,262527022046.0,0.00022629201191178927
1329,2012-05-17,2.05,2.07,2.04,2.07,29433412.0,126882736.0,262527022046.0,0.0001121157424885682
1330,2012-05-18,2.06,2.06,2.02,2.03,55289852.0,234981792.0,262527022046.0,0.00021060632756620426
1331,2012-05-21,2.02,2.03,2.01,2.02,39166848.0,165231648.0,262527022046.0,0.00014919168204001942
1332,2012-05-22,2.02,2.02,2.01,2.02,48989888.0,206793360.0,262527022046.0,0.00018660893502770923
1333,2012-05-23,2.02,2.02,1.99,2.0,40892992.0,171658912.0,262527022046.0,0.00015576679185746726
1334,2012-05-24,2.0,2.01,1.99,2.0,33521060.0,140282592.0,262527022046.0,0.00012768613203606308
1335,2012-05-25,2.0,2.01,1.99,2.0,21409312.0,89499728.0,262527022046.0,8.15508888690653e-05
1336,2012-05-28,2.0,2.01,1.99,2.01,41465624.0,173467952.0,262527022046.0,0.00015794802255721465
1337,2012-05-29,2.01,2.02,2.0,2.02,38866232.0,163137152.0,262527022046.0,0.0001480465961069328
1338,2012-05-30,2.01,2.03,2.0,2.02,40954884.0,172714848.0,262527022046.0,0.00015600254663622354
1339,2012-06-01,2.01,2.02,2.0,2.02,48006448.0,202763056.0,262527093321.0,0.0001828628329088344
1340,2012-06-04,2.02,2.02,1.98,1.99,59435340.0,249334528.0,262527093321.0,0.00022639697582499255
1341,2012-06-05,2.0,2.02,2.0,2.01,42277100.0,177842656.0,262527109679.0,0.00016103898775137363
1342,2012-06-06,2.01,2.02,2.0,2.01,32607492.0,136998672.0,262527109679.0,0.00012420618975263236
1343,2012-06-07,2.02,2.02,2.0,2.0,31741696.0,133718328.0,262527109679.0,0.00012090825987004371
1344,2012-06-08,2.01,2.01,1.96,1.99,73944248.0,306795744.0,262527109679.0,0.0002816632845667402
1345,2012-06-11,1.99,2.01,1.99,1.99,56448236.0,235713216.0,262527109679.0,0.0002150186929990621
1346,2012-06-12,1.99,2.0,1.98,1.99,44681828.0,185636432.0,262527109679.0,0.00017019891033209428
1347,2012-06-13,1.99,2.01,1.99,2.01,73088968.0,305618848.0,262527109679.0,0.0002784054114996662
1348,2012-06-14,2.01,2.01,1.97,1.98,50272624.0,199176496.0,262527109679.0,0.0001914949814572289
1349,2012-06-15,1.99,2.0,1.97,2.0,47850212.0,189178000.0,262527109679.0,0.00018226769821413083
1350,2012-06-18,2.0,2.0,1.97,1.98,42814420.0,169087056.0,262527109679.0,0.000163085709709563
1351,2012-06-19,1.98,1.99,1.97,1.98,35917476.0,141802112.0,262527109679.0,0.00013681435050238205
1352,2012-06-20,1.98,1.99,1.98,1.98,25961120.0,102492384.0,262527109679.0,9.888929197347833e-05
1353,2012-06-21,1.98,1.98,1.96,1.96,28326220.0,111035280.0,262527109679.0,0.00010789826633384775
1354,2012-06-25,1.96,1.98,1.96,1.98,49675544.0,195029728.0,262527109679.0,0.00018922062586503854
1355,2012-06-26,1.97,1.98,1.96,1.97,21537164.0,84593944.0,262527109679.0,8.203786658960348e-05
1356,2012-06-27,1.97,1.98,1.95,1.98,41504776.0,162821424.0,262527109679.0,0.00015809710490756237
1357,2012-06-28,1.98,1.98,1.96,1.97,31671772.0,124597248.0,262527109679.0,0.00012064191023443656
1358,2012-06-29,1.98,1.99,1.97,1.98,34003940.0,133946768.0,262527190045.00003,0.00012952540266084953
1359,2012-07-02,1.98,1.99,1.97,1.98,27465364.0,108056664.0,262527190045.00003,0.00010461912152905813
1360,2012-07-03,1.98,1.98,1.97,1.97,13098961.0,51542716.0,262527190045.00003,4.9895635563518944e-05
1361,2012-07-04,1.97,1.98,1.97,1.98,19262672.0,75843856.0,262527190045.00003,7.337400745689681e-05
1362,2012-07-05,1.97,1.98,1.97,1.98,20601672.0,81179160.0,262527190045.00003,7.847443153019178e-05
1363,2012-07-06,1.97,1.97,1.95,1.96,31327704.0,122387448.0,262527190045.00003,0.00011933127381826655
1364,2012-07-09,1.96,1.96,1.89,1.91,40458728.0,156354624.0,262527190045.00003,0.00015411252447056982
1365,2012-07-10,1.91,1.93,1.89,1.9,27538312.0,105124864.0,262527190045.00003,0.00010489698988999818
1366,2012-07-11,1.9,1.91,1.88,1.89,23297908.0,87878320.0,262527190045.00003,8.874474295788746e-05
1367,2012-07-12,1.9,1.9,1.88,1.88,46010304.0,173289312.0,262527190045.00003,0.0001752591950270497
1368,2012-07-13,1.89,1.9,1.87,1.89,24603368.0,92569664.0,262527190045.00003,9.371740883594844e-05
1369,2012-07-16,1.89,1.9,1.89,1.9,29301690.0,110606072.0,262527190045.00003,0.00011161392461854091
1370,2012-07-17,1.9,1.92,1.9,1.91,22386784.0,85080944.0,262527190045.00003,8.527415387397648e-05
1371,2012-07-18,1.91,1.93,1.9,1.92,23126860.0,88339832.0,262527190045.00003,8.809319901696965e-05
1372,2012-07-19,1.92,1.93,1.9,1.91,28108424.0,107000608.0,262527190045.00003,0.00010706862018818664
1373,2012-07-20,1.91,1.91,1.89,1.89,18135824.0,68450232.0,262527190045.00003,6.908169777344329e-05
1374,2012-07-23,1.88,1.89,1.85,1.87,25523592.0,94941488.0,262527190045.00003,9.722266099608569e-05
1375,2012-07-24,1.86,1.87,1.84,1.85,23071340.0,85107328.0,262527190045.00003,8.788171616069681e-05
1376,2012-07-25,1.85,1.85,1.84,1.84,12233453.0,45041272.0,262527190045.00003,4.6598803719733e-05
1377,2012-07-26,1.84,1.85,1.84,1.84,15717093.0,57684880.0,262527190045.00003,5.9868438759832526e-05
1378,2012-07-27,1.85,1.87,1.84,1.87,29330636.0,108580096.0,262527190045.00003,0.00011172418367397452
1379,2012-07-30,1.87,1.88,1.86,1.86,25031278.0,93463760.0,262527190045.00003,9.534737333572711e-05
1380,2012-07-31,1.87,1.89,1.86,1.88,23317648.0,87294920.0,262527196939.99997,8.881993283663177e-05
1381,2012-08-01,1.88,1.9,1.88,1.89,24970446.0,93978176.0,262527196939.99997,9.511565388673594e-05
1382,2012-08-02,1.89,1.9,1.89,1.9,22996304.0,86829888.0,262527196939.99997,8.759589203725722e-05
1383,2012-08-03,1.9,1.91,1.9,1.9,16382239.0,62187880.0,262527196939.99997,6.240206420877654e-05
1384,2012-08-06,1.9,1.92,1.89,1.89,29804036.0,112852744.0,262527196939.99997,0.00011352742248191394
1385,2012-08-07,1.89,1.9,1.87,1.88,39674760.0,148402560.0,262527196939.99997,0.00015112628505711576
1386,2012-08-08,1.88,1.91,1.88,1.9,31185708.0,117619976.0,262527196939.99997,0.00011879038958057907
1387,2012-08-09,1.9,1.9,1.88,1.89,18648220.0,70300064.0,262527196939.99997,7.103347850189408e-05
1388,2012-08-10,1.89,1.91,1.89,1.9,20150272.0,76384448.0,262527196939.99997,7.675498856830937e-05
1389,2012-08-13,1.9,1.92,1.9,1.91,27974404.0,106639880.0,262527196939.99997,0.00010655811788670981
1390,2012-08-14,1.92,1.94,1.92,1.92,23057400.0,88538744.0,262527196939.99997,8.782861459214726e-05
1391,2012-08-15,1.92,1.93,1.91,1.91,24353664.0,93192280.0,262527196939.99997,9.276625158789159e-05
1392,2012-08-16,1.91,1.92,1.9,1.91,11028523.0,42061500.0,262527196939.99997,4.200906850241709e-05
1393,2012-08-17,1.91,1.93,1.91,1.92,27871004.0,106822560.0,262527196939.99997,0.00010616425393202159
1394,2012-08-20,1.91,1.93,1.91,1.93,16030788.0,61263912.0,262527196939.99997,6.106334195791456e-05
1395,2012-08-21,1.93,1.94,1.89,1.92,47347236.0,179986544.0,262527196939.99997,0.00018035173708429573
1396,2012-08-22,1.92,1.92,1.9,1.92,24056316.0,91688336.0,262527196939.99997,9.163361465173462e-05
1397,2012-08-23,1.92,1.92,1.9,1.91,34482128.0,131592488.0,262527196939.99997,0.0001313468791116557
1398,2012-08-24,1.91,1.92,1.9,1.91,22783686.0,86719904.0,262527196939.99997,8.678600261445355e-05
1399,2012-08-27,1.91,1.93,1.9,1.92,38475400.0,146900992.0,262527196939.99997,0.0001465577679130649
1400,2012-08-28,1.92,1.93,1.91,1.93,31798480.0,121955880.0,262527196939.99997,0.0001211245172715095
1401,2012-08-29,1.92,1.93,1.91,1.93,15010929.0,57421956.0,262527196939.99997,5.717856730642165e-05
1402,2012-08-30,1.91,1.93,1.91,1.93,21460856.0,82170792.0,262527196939.99997,8.174717229356177e-05
1403,2012-08-31,1.93,1.93,1.92,1.92,21208756.0,81332496.0,262527199591.0,8.078689001765088e-05
1404,2012-09-03,1.92,1.93,1.88,1.89,47772068.0,180901712.0,262527199591.0,0.00018196997520419111
1405,2012-09-04,1.89,1.9,1.87,1.88,21838054.0,81777144.0,262527199591.0,8.318396735280094e-05
1406,2012-09-05,1.87,1.88,1.85,1.86,31658816.0,117484480.0,262527199591.0,0.00012059251783937946
1407,2012-09-06,1.86,1.87,1.84,1.86,24600546.0,90827048.0,262527199591.0,9.37066560658325e-05
1408,2012-09-07,1.86,1.93,1.86,1.91,102545360.0,386825824.0,262527199591.0,0.0003906085166023135
1409,2012-09-10,1.9,1.91,1.89,1.91,30665208.0,116041648.0,262527199591.0,0.00011680773667556871
1410,2012-09-11,1.9,1.9,1.88,1.9,23898608.0,89945264.0,262527199591.0,9.103288359161431e-05
1411,2012-09-12,1.9,1.91,1.87,1.88,30446284.0,114282352.0,262527199591.0,0.00011597382689273072
1412,2012-09-13,1.88,1.89,1.87,1.88,21595790.0,80846208.0,262527199591.0,8.226115249636919e-05
1413,2012-09-14,1.89,1.9,1.88,1.9,44337184.0,167295136.0,262527199591.0,0.000168886058545836
1414,2012-09-17,1.9,1.9,1.88,1.88,18643366.0,70213112.0,262527199591.0,7.101498827186337e-05
1415,2012-09-18,1.88,1.89,1.86,1.86,18677162.0,69665440.0,262527199591.0,7.114372159950581e-05
1416,2012-09-19,1.86,1.87,1.85,1.86,23811980.0,88247296.0,262527199591.0,9.07029063544558e-05
1417,2012-09-20,1.85,1.86,1.84,1.85,32979080.0,121536360.0,262527199591.0,0.0001256215738840746
1418,2012-09-21,1.84,1.85,1.84,1.84,20841048.0,76476400.0,262527199591.0,7.938624276825019e-05
1419,2012-09-24,1.83,1.84,1.81,1.83,34200116.0,124588040.0,262527199591.0,0.00013027265766473538
1420,2012-09-25,1.82,1.84,1.81,1.83,22093164.0,80247384.0,262527199591.0,8.415571428187132e-05
1421,2012-09-26,1.83,1.83,1.81,1.83,19912908.0,72222848.0,262527199591.0,7.585083766947956e-05
1422,2012-09-27,1.83,1.91,1.82,1.87,49289264.0,183359776.0,262527199591.0,0.00018774917066418037
1423,2012-09-28,1.86,1.9,1.85,1.88,49966344.0,186697584.0,262527200121.0,0.000190328255422563
1424,2012-10-08,1.88,1.89,1.87,1.88,24608142.0,92183432.0,262527200121.0,9.373559002136919e-05
1425,2012-10-09,1.89,1.92,1.88,1.91,39681936.0,150947568.0,262527200121.0,0.00015115361753643207
1426,2012-10-10,1.91,1.91,1.9,1.91,18519668.0,70342592.0,262527200121.0,7.05438064759164e-05
1427,2012-10-11,1.9,1.92,1.89,1.92,28836376.0,109648888.0,262527200121.0,0.00010984147923228215
1428,2012-10-12,1.92,1.93,1.91,1.93,48116864.0,184814624.0,262527200121.0,0.0001832833473172407
1429,2012-10-15,1.93,1.93,1.91,1.92,18025378.0,68957512.0,262527200121.0,6.866099204841259e-05
1430,2012-10-16,1.92,1.92,1.9,1.92,24740708.0,94334336.0,262527200121.0,9.424055103089087e-05
1431,2012-10-17,1.92,1.94,1.92,1.93,33130220.0,127319512.0,262527200121.0,0.00012619728540406527
1432,2012-10-18,1.94,1.96,1.93,1.95,45943896.0,178405360.0,262527200121.0,0.00017500623165456474
1433,2012-10-19,1.95,1.97,1.95,1.96,27429984.0,107025528.0,262527200121.0,0.00010448435052580226
1434,2012-10-22,1.96,1.97,1.95,1.96,32004470.0,125319160.0,262527200121.0,0.00012190915830911613
1435,2012-10-23,1.96,1.98,1.96,1.96,40392624.0,158627312.0,262527200121.0,0.00015386071988495993
1436,2012-10-24,1.96,1.97,1.95,1.95,20792108.0,81088768.0,262527200121.0,7.919982382936634e-05
1437,2012-10-25,1.95,1.95,1.93,1.94,22039096.0,85399904.0,262527200121.0,8.394976211928546e-05
1438,2012-10-26,1.93,1.94,1.92,1.93,19910838.0,76557448.0,262527200121.0,7.584295261909244e-05
1439,2012-10-29,1.92,1.93,1.91,1.91,17430244.0,66463424.0,262527200121.0,6.639404980499666e-05
1440,2012-10-30,1.92,1.92,1.9,1.91,27342464.0,103860144.0,262527200121.0,0.0001041509755461443
1441,2012-10-31,1.91,1.93,1.91,1.92,19402728.0,73992016.0,262567586791.0,7.389612799177794e-05
1442,2012-11-01,1.92,1.95,1.92,1.94,37581348.0,145240448.0,262567586791.0,0.0001431301877710984
1443,2012-11-02,1.94,1.97,1.94,1.96,44683040.0,174214128.0,262567586791.0,0.00017017728862156567
1444,2012-11-05,1.95,1.96,1.95,1.96,65047944.0,253775376.0,262567586791.0,0.00024773790548555876
1445,2012-11-06,1.95,1.96,1.93,1.95,53279344.0,206173584.0,262567586791.0,0.00020291668385713423
1446,2012-11-07,1.94,1.95,1.93,1.95,35901552.0,139153232.0,262567586791.0,0.00013673261212008287
1447,2012-11-08,1.94,1.95,1.93,1.94,31196232.0,120401192.0,262567586791.0,0.00011881219758031958
1448,2012-11-09,1.94,1.95,1.93,1.95,67949984.0,263057904.0,262567586791.0,0.00025879045022448715
1449,2012-11-12,1.95,1.96,1.93,1.96,52483100.0,203235696.0,262567586791.0,0.0001998841541769426
1450,2012-11-13,1.95,1.95,1.93,1.94,43125924.0,166461024.0,262567586791.0,0.0001642469450516282
1451,2012-11-14,1.94,1.95,1.92,1.94,45751428.0,176161008.0,262567586791.0,0.00017424629048526645
1452,2012-11-15,1.94,1.94,1.92,1.93,36776484.0,141437392.0,262567586791.0,0.00014006482844843127
1453,2012-11-16,1.93,1.93,1.92,1.92,55659860.0,213636992.0,262567586791.0,0.00021198298190669074
1454,2012-11-19,1.92,1.93,1.91,1.93,31148980.0,119173640.0,262567586791.0,0.00011863223629653167
1455,2012-11-20,1.93,1.93,1.91,1.92,20214740.0,77262768.0,262567586791.0,7.698871078131453e-05
1456,2012-11-21,1.92,1.93,1.91,1.93,17936604.0,68735824.0,262567586791.0,6.831233138566063e-05
1457,2012-11-22,1.93,1.93,1.92,1.93,19569056.0,75127088.0,262567586791.0,7.452959536691285e-05
1458,2012-11-23,1.93,1.94,1.93,1.93,27461152.0,105713408.0,262567586791.0,0.00010458698400522179
1459,2012-11-26,1.93,1.94,1.92,1.93,20849740.0,80110624.0,262567586791.0,7.940713572005402e-05
1460,2012-11-27,1.93,1.94,1.92,1.94,47665604.0,183527712.0,262567586791.0,0.00018153651249398553
1461,2012-11-28,1.93,1.95,1.93,1.94,41603264.0,160532944.0,262567586791.0,0.00015844782864655565
1462,2012-11-29,1.94,1.96,1.94,1.95,53407664.0,207208784.0,262567586791.0,0.00020340539612192013
1463,2012-11-30,1.95,1.95,1.94,1.95,42702868.0,165579248.0,262818297872.0,0.00016248057439591788
1464,2012-12-03,1.95,1.95,1.93,1.94,26701846.0,103248448.0,262818297872.0,0.00010159812393657827
1465,2012-12-04,1.94,1.94,1.93,1.93,24496736.0,94292016.0,262818297872.0,9.320787859272496e-05
1466,2012-12-05,1.93,1.97,1.92,1.96,83900192.0,325564672.0,262818297872.0,0.0003192326891975451
1467,2012-12-06,1.96,1.97,1.94,1.97,51770568.0,201881392.0,262818297872.0,0.00019698235784638458
1468,2012-12-07,1.97,1.98,1.95,1.97,110844128.0,433549856.0,262818297872.0,0.0004217519438238819
1469,2012-12-10,1.97,1.99,1.97,1.98,113002352.0,446143104.0,262818297872.0,0.0004299637921520798
1470,2012-12-11,1.98,2.0,1.97,1.98,79775440.0,315924064.0,262818297872.0,0.00030353837859056873
1471,2012-12-12,1.98,2.01,1.98,2.01,80522392.0,320846272.0,262818297872.0,0.0003063804638108443
1472,2012-12-13,2.0,2.01,1.98,1.98,51763548.0,205296240.0,262818297872.0,0.00019695564737737676
1473,2012-12-14,1.98,2.07,1.98,2.06,137637472.0,558357888.0,262818297872.0,0.0005236982094261693
1474,2012-12-17,2.06,2.07,2.03,2.05,76989168.0,313808512.0,262818297872.0,0.0002929368640744181
1475,2012-12-18,2.04,2.07,2.04,2.07,118725552.0,487783712.0,262818297872.0,0.00045174005372267774
1476,2012-12-19,2.06,2.08,2.05,2.06,56809024.0,233962576.0,262818297872.0,0.00021615323004514555
1477,2012-12-20,2.06,2.06,2.04,2.04,48457064.0,197622400.0,262818297872.0,0.0001843747729604427
1478,2012-12-21,2.05,2.05,2.01,2.01,49181696.0,199274272.0,262818297872.0,0.00018713193258694982
1479,2012-12-24,2.01,2.04,2.01,2.02,36914336.0,148925200.0,262818297872.0,0.00014045573043768183
1480,2012-12-25,2.02,2.08,2.01,2.08,96464872.0,395665952.0,262818297872.0,0.0003670401672222272
1481,2012-12-26,2.08,2.08,2.03,2.05,62607996.0,255743696.0,262818297872.0,0.00023821779726498297
1482,2012-12-27,2.05,2.05,2.03,2.03,51935396.0,210682176.0,262818297872.0,0.0001976095135708322
1483,2012-12-28,2.04,2.07,2.03,2.06,67687672.0,276748064.0,262818297872.0,0.0002575455078586873
1484,2012-12-31,2.06,2.1,2.05,2.08,110538904.0,458727040.0,262824712976.0,0.00042058032803823106
1485,2013-01-04,2.1,2.13,2.1,2.12,118413536.0,498751744.0,262824712976.0,0.0004505418636595753
1486,2013-01-07,2.11,2.13,2.11,2.12,82037680.0,346701856.0,262824712976.0,0.00031213837949664694
1487,2013-01-08,2.12,2.13,2.06,2.08,93522656.0,389781248.0,262824712976.0,0.0003558366142248582
1488,2013-01-09,2.07,2.1,2.07,2.08,72087120.0,299354816.0,262824712976.0,0.00027427831722423563
1489,2013-01-10,2.08,2.12,2.08,2.12,78923616.0,331200384.0,262824712976.0,0.0003002899350914804
1490,2013-01-11,2.12,2.13,2.1,2.11,57032800.0,239627888.0,262824712976.0,0.00021699938089614877
1491,2013-01-14,2.1,2.16,2.09,2.15,112680176.0,478775392.0,262824712976.0,0.0004287274766672701
1492,2013-01-15,2.15,2.16,2.13,2.14,75281664.0,322002624.0,262824712976.0,0.00028643297332117467
1493,2013-01-16,2.14,2.15,2.1,2.14,57210160.0,242702384.0,262824712976.0,0.00021767420328249035
1494,2013-01-17,2.13,2.14,2.1,2.1,58656900.0,246519584.0,262824712976.0,0.00022317878458163212
1495,2013-01-18,2.12,2.14,2.11,2.12,58612564.0,247540736.0,262824712976.0,0.00022301009420431573
1496,2013-01-21,2.12,2.12,2.09,2.11,65157832.0,273339904.0,262824712976.0,0.000247913642755314
1497,2013-01-22,2.11,2.16,2.09,2.13,178863824.0,757983872.0,262824712976.0,0.0006805441618282413
1498,2013-01-23,2.13,2.13,2.1,2.1,128924536.0,540961664.0,262824712976.0,0.0004905342977080425
1499,2013-01-24,2.11,2.17,2.11,2.13,161325440.0,689461696.0,262824712976.0,0.000613813815958515
1500,2013-01-25,2.13,2.15,2.12,2.12,86341080.0,367743712.0,262824712976.0,0.0003285120300231595
1501,2013-01-28,2.13,2.16,2.11,2.15,104345992.0,446211296.0,262824712976.0,0.0003970174296719518
1502,2013-01-29,2.15,2.16,2.13,2.15,139339616.0,593915200.0,262824712976.0,0.0005301617736864946
1503,2013-01-30,2.15,2.21,2.13,2.2,225518864.0,976047616.0,262824712976.0,0.0008580580625254726
1504,2013-01-31,2.21,2.24,2.18,2.21,251651312.0,1110705920.0,262848549019.0,0.0009574004229401677
1505,2013-02-01,2.2,2.24,2.18,2.23,185844000.0,817649472.0,262848549019.0,0.000707038333266836
1506,2013-02-04,2.23,2.27,2.22,2.24,203738624.0,914106752.0,262848549019.0,0.0007751179329708712
1507,2013-02-05,2.23,2.23,2.2,2.21,143892192.0,634890496.0,262848549019.0,0.0005474338456005659
1508,2013-02-06,2.21,2.23,2.18,2.22,127359768.0,558298560.0,262848549019.0,0.0004845366979400514
1509,2013-02-07,2.21,2.21,2.14,2.17,153673296.0,665149440.0,262848549019.0,0.0005846457839449277
1510,2013-02-08,2.17,2.2,2.16,2.18,129047408.0,561030400.0,262848549019.0,0.0004909572774193698
1511,2013-02-18,2.19,2.2,2.16,2.16,67637624.0,293710016.0,262848549019.0,0.0002573254608116966
1512,2013-02-19,2.17,2.18,2.13,2.14,67306528.0,288124032.0,262848549019.0,0.0002560658152810832
1513,2013-02-20,2.15,2.15,2.12,2.13,61248784.0,259683408.0,262848549019.0,0.00023301929658197442
1514,2013-02-21,2.11,2.12,2.06,2.1,121054928.0,503431104.0,262848549019.0,0.00046055010937591116
1515,2013-02-22,2.09,2.1,2.07,2.08,70086600.0,290985792.0,262848549019.0,0.0002666425219449615
1516,2013-02-25,2.08,2.1,2.07,2.08,46687900.0,193988384.0,262848549019.0,0.00017762281806100124
1517,2013-02-26,2.07,2.1,2.04,2.06,90367936.0,374273792.0,262848549019.0,0.0003438023011246212
1518,2013-02-27,2.06,2.1,2.06,2.1,83121376.0,344362080.0,262848549019.0,0.0003162329649915304
1519,2013-02-28,2.09,2.14,2.08,2.11,115876592.0,487769632.0,262848565195.0,0.00044084924684308015
1520,2013-03-01,2.12,2.12,2.08,2.09,59157856.0,247229056.0,262848565195.0,0.00022506440526358758
1521,2013-03-04,2.08,2.1,2.02,2.05,139516944.0,572766208.0,262848565195.0,0.0005307883035104121
1522,2013-03-05,2.05,2.12,2.04,2.1,100419344.0,416142656.0,262848565195.0,0.0003820425800137113
1523,2013-03-06,2.1,2.11,2.08,2.09,60037664.0,250775216.0,262848565195.0,0.00022841161014312456
1524,2013-03-07,2.09,2.1,2.05,2.07,55712780.0,230734928.0,262848565195.0,0.00021195771016923088
1525,2013-03-08,2.07,2.08,2.06,2.07,30004908.0,123792704.0,262848565195.0,0.00011415283160377991
1526,2013-03-11,2.07,2.07,2.05,2.07,23162000.0,95109520.0,262848565195.0,8.811917988906183e-05
1527,2013-03-12,2.06,2.1,2.06,2.07,56166200.0,232524896.0,262848565195.0,0.00021368273385221587
1528,2013-03-13,2.07,2.08,2.06,2.07,36675448.0,150841296.0,262848565195.0,0.0001395307140930806
1529,2013-03-14,2.06,2.09,2.05,2.09,40704560.0,168215520.0,262848565195.0,0.00015485935778193207
1530,2013-03-15,2.08,2.12,2.07,2.1,89875864.0,376112800.0,262848565195.0,0.0003419302058328666
1531,2013-03-18,2.09,2.1,2.04,2.04,83850520.0,344463584.0,262848565195.0,0.0003190069534440625
1532,2013-03-19,2.05,2.07,2.04,2.05,59011540.0,240696128.0,262848565195.0,0.0002245077501420675
1533,2013-03-20,2.05,2.1,2.05,2.09,103587288.0,429505824.0,262848565195.0,0.0003940949341806431
1534,2013-03-21,2.09,2.11,2.08,2.09,50281776.0,210098832.0,262848565195.0,0.00019129560765415385
1535,2013-03-22,2.09,2.1,2.09,2.1,40380864.0,168621232.0,262848565195.0,0.000153627865421455
1536,2013-03-25,2.1,2.11,2.09,2.1,35176264.0,147398896.0,262848565195.0,0.00013382711057944606
1537,2013-03-26,2.1,2.1,2.06,2.07,43163876.0,178890016.0,262848565195.0,0.00016421575658203774
1538,2013-03-27,2.08,2.1,2.06,2.07,40676272.0,168335248.0,262848565195.0,0.00015475173687869823
1539,2013-03-28,2.07,2.07,2.01,2.01,157198000.0,634041472.0,262848565195.0,0.0005980553855539565
1540,2013-03-29,2.02,2.04,2.02,2.03,39410392.0,159518384.0,262848580842.0,0.00014993572296930087
1541,2013-04-01,2.03,2.05,2.03,2.04,49566924.0,201077264.0,262848580842.0,0.00018857596202809633
1542,2013-04-02,2.04,2.04,2.03,2.04,49108124.0,199434048.0,262848580842.0,0.00018683047038979152
1543,2013-04-03,2.05,2.08,2.04,2.05,49636364.0,203516704.0,262848580842.0,0.00018884014454632626
1544,2013-04-08,2.03,2.05,2.02,2.04,65522852.0,266104144.0,262848580842.0,0.0002492798393284315
1545,2013-04-09,2.05,2.06,2.04,2.04,49140688.0,200396496.0,262848580842.0,0.00018695435920781627
1546,2013-04-10,2.05,2.05,2.04,2.04,21560730.0,87830096.0,262848580842.0,8.202718816640785e-05
1547,2013-04-11,2.05,2.06,2.04,2.05,21722016.0,88576848.0,262848580842.0,8.264079619686912e-05
1548,2013-04-12,2.05,2.05,2.04,2.04,33666532.0,137233664.0,262848580842.0,0.0001280833698707971
1549,2013-04-15,2.04,2.05,2.02,2.03,43407376.0,175757536.0,262848580842.0,0.0001651421356773178
1550,2013-04-16,2.03,2.04,2.02,2.03,39184564.0,158034720.0,262848580842.0,0.00014907656672323485
1551,2013-04-17,2.03,2.03,2.02,2.03,38897888.0,156986800.0,262848580842.0,0.00014798591598020374
1552,2013-04-18,2.02,2.04,2.02,2.04,29713214.0,120186816.0,262848580842.0,0.00011304308322615905
1553,2013-04-19,2.04,2.07,2.03,2.06,70008888.0,286332256.0,262848580842.0,0.00026634683655409497
1554,2013-04-22,2.06,2.07,2.05,2.06,52167032.0,214323472.0,262848580842.0,0.00019846799945767233
1555,2013-04-23,2.06,2.06,2.04,2.04,53760220.0,218990400.0,262848580842.0,0.00020452923819404457
1556,2013-04-24,2.04,2.06,2.04,2.06,40251292.0,164413216.0,262848580842.0,0.00015313490326278502
1557,2013-04-25,2.05,2.06,2.04,2.05,43272264.0,176779376.0,262848580842.0,0.00016462810589040706
1558,2013-04-26,2.05,2.06,2.03,2.03,48236100.0,196199888.0,262848592511.0,0.00018351287157066044
1559,2013-05-02,2.03,2.05,2.02,2.04,58032124.0,235096016.0,262848592511.0,0.00022078156647375392
1560,2013-05-03,2.04,2.07,2.04,2.05,68244256.0,279469664.0,262848592511.0,0.00025963333243697714
1561,2013-05-06,2.05,2.07,2.05,2.06,42808176.0,175447744.0,262848592511.0,0.00016286248897531575
1562,2013-05-07,2.05,2.06,2.05,2.05,43728896.0,178994976.0,262848592511.0,0.00016636534204827436
1563,2013-05-08,2.06,2.07,2.05,2.06,58091324.0,238253936.0,262848592511.0,0.0002210067911912784
1564,2013-05-09,2.06,2.07,2.05,2.05,31639840.0,129881696.0,262848592511.0,0.00012037287206959611
1565,2013-05-10,2.05,2.07,2.05,2.06,43099080.0,177109680.0,262848592511.0,0.0001639692249757675
1566,2013-05-13,2.07,2.07,2.05,2.06,31201268.0,128041880.0,262848592511.0,0.0001187043373598976
1567,2013-05-14,2.06,2.07,2.04,2.05,32641428.0,133381224.0,262848592511.0,0.00012418338515027041
1568,2013-05-15,2.05,2.05,2.04,2.04,26143732.0,106354152.0,262848592511.0,9.946308538405396e-05
1569,2013-05-16,2.04,2.06,2.03,2.05,38224840.0,156393376.0,262848592511.0,0.0001454253174226159
1570,2013-05-17,2.05,2.1,2.05,2.09,69448440.0,287019808.0,262848592511.0,0.00026421461624183374
1571,2013-05-20,2.09,2.12,2.09,2.1,90944880.0,381881152.0,262848592511.0,0.0003459972112888298
1572,2013-05-21,2.1,2.11,2.09,2.11,45848716.0,191906800.0,262848592511.0,0.00017443013699257784
1573,2013-05-22,2.1,2.11,2.09,2.09,39746132.0,166002928.0,262848592511.0,0.0001512130296012015
1574,2013-05-23,2.09,2.11,2.08,2.09,64477224.0,269631936.0,262848592511.0,0.0002453017662527589
1575,2013-05-24,2.1,2.11,2.08,2.09,37241056.0,155241520.0,262848592511.0,0.00014168253915394845
1576,2013-05-27,2.08,2.1,2.07,2.07,30953794.0,128619024.0,262848592511.0,0.0001177628295601568
1577,2013-05-28,2.08,2.11,2.07,2.1,49309088.0,205517472.0,262848592511.0,0.00018759502392213287
1578,2013-05-29,2.1,2.12,2.1,2.11,49039392.0,206210384.0,262848592511.0,0.00018656897315494562
1579,2013-05-30,2.1,2.12,2.1,2.11,40534464.0,170556976.0,262848592511.0,0.00015421221629065282
1580,2013-05-31,2.11,2.12,2.1,2.1,26410450.0,111123056.0,262848612399.99997,0.00010047779883200936
1581,2013-06-03,2.11,2.12,2.1,2.11,46775452.0,196871104.0,262848612399.99997,0.0001779558643011501
1582,2013-06-04,2.11,2.12,2.1,2.12,72423056.0,305124832.0,262848612399.99997,0.0002755314374259942
1583,2013-06-05,2.11,2.13,2.1,2.11,58602060.0,247472064.0,262848612399.99997,0.00022294985491808517
1584,2013-06-06,2.12,2.13,2.08,2.08,80415568.0,337760640.0,262848612399.99997,0.0003059387198804174
1585,2013-06-07,2.08,2.1,2.08,2.09,57682408.0,240855408.0,262848612399.99997,0.0002194510652855172
1586,2013-06-13,2.08,2.08,2.04,2.08,80299936.0,329629504.0,262848612399.99997,0.0003054988012559887
1587,2013-06-14,2.07,2.09,2.06,2.09,67631528.0,279272416.0,262848612399.99997,0.00025730220670550514
1588,2013-06-17,2.09,2.1,2.07,2.07,28879548.0,119658304.0,262848667828.0,0.00010987138812093154
1589,2013-06-18,2.08,2.09,2.07,2.09,39691836.0,164371600.0,262848667828.0,0.00015100641874271587
1590,2013-06-19,2.09,2.09,2.07,2.08,28786560.0,119270200.0,262848667828.0,0.00010951761801903836
1591,2013-06-20,2.08,2.08,2.03,2.04,45461376.0,185374432.0,262848667828.0,0.0001729564634116712
1592,2013-06-21,2.03,2.04,2.01,2.02,68528984.0,275574976.0,262848667828.0,0.00026071649731488554
1593,2013-06-24,2.02,2.02,1.94,1.96,88041816.0,344836000.0,262848667828.0,0.00033495249082872214
1594,2013-06-25,1.95,1.99,1.91,1.99,147931280.0,574944704.0,262848667828.0,0.0005628001892587169
1595,2013-06-26,2.02,2.02,1.82,2.0,162884480.0,602011008.0,262848667828.0,0.0006196891973848105
1596,2013-06-27,1.99,2.05,1.99,2.03,100605048.0,381052032.0,262848667828.0,0.0003827489362275666
1597,2013-06-28,2.04,2.16,2.03,2.15,160012544.0,626544320.0,262854814825.00003,0.0006087487653841571
1598,2013-07-01,2.11,2.16,2.1,2.15,195591808.0,778460672.0,262854814825.00003,0.0007441058598459324
1599,2013-07-02,2.12,2.15,2.11,2.15,173295888.0,691073088.0,262854814825.00003,0.000659283673823417
1600,2013-07-03,2.12,2.13,2.09,2.1,198895488.0,784318016.0,262854814825.00003,0.0007566743189863879
1601,2013-07-04,2.09,2.11,2.08,2.09,89915384.0,352602112.0,262854814825.00003,0.0003420724252658741
1602,2013-07-05,2.09,2.11,2.08,2.11,60555676.0,237916816.0,262854814825.00003,0.00023037689471397337
1603,2013-07-08,2.1,2.11,2.08,2.11,93260792.0,366207904.0,262854814825.00003,0.000354799633638402
1604,2013-07-09,2.1,2.11,2.08,2.11,118351112.0,466157120.0,262854814825.00003,0.00045025278338079605
1605,2013-07-10,2.1,2.11,2.08,2.1,81234144.0,319343200.0,262854814825.00003,0.00030904567623797564
1606,2013-07-11,2.1,2.15,2.09,2.13,164164496.0,651671488.0,262854814825.00003,0.0006245443748454646
1607,2013-07-12,2.12,2.13,2.09,2.11,131031248.0,516501024.0,262854814825.00003,0.0004984928584520555
1608,2013-07-15,2.11,2.12,2.1,2.1,73051080.0,288318400.0,262854814825.00003,0.00027791417877825434
1609,2013-07-16,2.1,2.11,2.09,2.11,59191560.0,232937776.0,262854814825.00003,0.00022518727701224635
1610,2013-07-17,2.1,2.12,2.09,2.11,67698824.0,267660048.0,262854814825.00003,0.000257552154960797
1611,2013-07-18,2.1,2.11,2.09,2.1,65355360.0,257025904.0,262854814825.00003,0.0002486367238260841
1612,2013-07-19,2.1,2.11,2.08,2.11,113155440.0,444226944.0,262854814825.00003,0.00043048646483928826
1613,2013-07-22,2.09,2.1,2.08,2.1,132711328.0,519555104.0,262854814825.00003,0.000504884523756412
1614,2013-07-23,2.09,2.11,2.08,2.1,102304960.0,402182592.0,262854814825.00003,0.00038920709924264175
1615,2013-07-24,2.1,2.1,2.08,2.09,53214856.0,208735168.0,262854814825.00003,0.0002024496147633007
1616,2013-07-25,2.1,2.1,2.09,2.09,38625872.0,151562512.0,262854814825.00003,0.00014694755363608544
1617,2013-07-26,2.08,2.1,2.08,2.09,36040456.0,141133888.0,262854814825.00003,0.00013711164478381167
1618,2013-07-29,2.08,2.09,2.07,2.08,39507252.0,153690528.0,262854814825.00003,0.00015030065942030628
1619,2013-07-30,2.08,2.1,2.07,2.09,49860184.0,194833552.0,262854814825.00003,0.00018968716260037028
1620,2013-07-31,2.09,2.09,2.08,2.08,29717932.0,115832288.0,263724302656.0,0.00011268560273250148
1621,2013-08-01,2.08,2.1,2.08,2.09,40477924.0,158357136.0,263724302656.0,0.0001534857561185747
1622,2013-08-02,2.1,2.1,2.09,2.09,32883680.0,128935616.0,263724302656.0,0.0001246896083099828
1623,2013-08-05,2.09,2.1,2.08,2.09,16254603.0,63657060.0,263724302656.0,6.163483166434752e-05
1624,2013-08-06,2.09,2.1,2.08,2.08,32512450.0,127135336.0,263724302656.0,0.00012328196405322946
1625,2013-08-07,2.08,2.09,2.08,2.08,35240576.0,137471632.0,263724302656.0,0.00013362657762325204
1626,2013-08-08,2.08,2.09,2.08,2.08,22868062.0,89191728.0,263724302656.0,8.671200101656512e-05
1627,2013-08-09,2.09,2.09,2.08,2.09,30281148.0,118156296.0,263724302656.0,0.00011482122692157993
1628,2013-08-12,2.09,2.11,2.08,2.11,49523212.0,194804768.0,263724302656.0,0.00018778402862855496
1629,2013-08-13,2.11,2.11,2.09,2.11,35574932.0,140230176.0,263724302656.0,0.00013489440162215037
1630,2013-08-14,2.11,2.12,2.1,2.1,30336944.0,119967384.0,263724302656.0,0.00011503279635010082
1631,2013-08-15,2.11,2.12,2.1,2.11,34227128.0,135362512.0,263724302656.0,0.0001297837463415179
1632,2013-08-16,2.11,2.32,2.1,2.11,188160944.0,755502848.0,263724302656.0,0.0007134759372003563
1633,2013-08-19,2.09,2.11,2.08,2.1,72007976.0,282469120.0,263724302656.0,0.0002730426254797104
1634,2013-08-20,2.1,2.11,2.09,2.09,52095360.0,205010944.0,263724302656.0,0.0001975371987918489
1635,2013-08-21,2.1,2.1,2.08,2.09,31513490.0,123578176.0,263724302656.0,0.00011949406892965021
1636,2013-08-22,2.1,2.1,2.06,2.09,39646816.0,155079536.0,263724302656.0,0.00015033432869368513
1637,2013-08-23,2.09,2.1,2.06,2.08,36744780.0,143269440.0,263724302656.0,0.00013933027646651744
1638,2013-08-26,2.08,2.1,2.07,2.1,33245152.0,130266952.0,263724302656.0,0.0001260602518053284
1639,2013-08-27,2.09,2.1,2.08,2.08,27050230.0,105790288.0,263724302656.0,0.00010257010722020608
1640,2013-08-28,2.08,2.08,2.07,2.07,29837168.0,115799904.0,263724302656.0,0.000113137726404075
1641,2013-08-29,2.08,2.08,2.06,2.07,23135088.0,89640768.0,263724302656.0,8.772452052011769e-05
1642,2013-08-30,2.07,2.08,2.06,2.08,31990418.0,124197264.0,263776682717.0,0.00012127841502321793
1643,2013-09-02,2.08,2.08,2.07,2.08,37010504.0,144074320.0,263776682717.0,0.0001403099910832821
1644,2013-09-03,2.08,2.1,2.07,2.1,56771016.0,222292112.0,263776682717.0,0.00021522378481386974
1645,2013-09-04,2.1,2.1,2.08,2.1,45696780.0,178643520.0,263776682717.0,0.0001732404074890389
1646,2013-09-05,2.09,2.1,2.08,2.09,21945184.0,85846872.0,263776682717.0,8.319607242746505e-05
1647,2013-09-06,2.09,2.1,2.08,2.09,32674704.0,127818224.0,263776682717.0,0.0001238726018669965
1648,2013-09-09,2.09,2.2,2.09,2.18,221307296.0,891881088.0,263776682717.0,0.0008389949169140002
1649,2013-09-10,2.16,2.17,2.12,2.13,172953808.0,691467584.0,263776682717.0,0.0006556827018162109
1650,2013-09-11,2.14,2.14,2.13,2.13,79227272.0,316649760.0,263776682717.0,0.00030035737497313643
1651,2013-09-12,2.13,2.18,2.12,2.16,126787664.0,510212768.0,263776682717.0,0.0004806628951961899
1652,2013-09-13,2.15,2.15,2.13,2.13,66748436.0,267366944.0,263776682717.0,0.000253049038726493
1653,2013-09-16,2.13,2.14,2.12,2.13,59996808.0,239401824.0,263776682717.0,0.00022745303861588557
1654,2013-09-17,2.12,2.13,2.1,2.1,53882204.0,212587584.0,263776682717.0,0.00020427205105846673
1655,2013-09-18,2.1,2.1,2.08,2.09,55580400.0,217719232.0,263776682717.0,0.000210710057566502
1656,2013-09-23,2.09,2.1,2.08,2.09,56414084.0,220788720.0,263776682717.0,0.00021387062502611494
1657,2013-09-24,2.08,2.09,2.07,2.08,60147096.0,234101792.0,263776682717.0,0.00022802279329795975
1658,2013-09-25,2.08,2.09,2.07,2.07,39041536.0,152033600.0,263776682717.0,0.000148009807378944
1659,2013-09-26,2.07,2.08,2.05,2.06,58732548.0,226477792.0,263776682717.0,0.00022266012065597478
1660,2013-09-27,2.06,2.07,2.05,2.06,35391144.0,136494432.0,263776682717.0,0.00013417085860455055
1661,2013-09-30,2.07,2.07,2.05,2.06,32649974.0,125892264.0,263777151832.00003,0.00012377862818381937
1662,2013-10-08,2.06,2.07,2.05,2.07,41966076.0,161743968.0,263777151832.00003,0.00015909670609654715
1663,2013-10-09,2.06,2.07,2.05,2.06,35103640.0,135309024.0,263777151832.00003,0.00013308066963418252
1664,2013-10-10,2.06,2.07,2.05,2.06,38118456.0,147014800.0,263777151832.00003,0.0001445100750207421
1665,2013-10-11,2.07,2.08,2.07,2.08,51993592.0,201912160.0,263777151832.00003,0.00019711181062837004
1666,2013-10-14,2.08,2.09,2.06,2.07,37252920.0,144730864.0,263777151832.00003,0.00014122875973627324
1667,2013-10-15,2.07,2.07,2.05,2.05,53611620.0,206315344.0,263777151832.00003,0.0002032458824718272
1668,2013-10-16,2.05,2.07,2.05,2.06,47325140.0,182397072.0,263777151832.00003,0.0001794133406601548
1669,2013-10-17,2.06,2.07,2.06,2.06,40433252.0,156243920.0,263777151832.00003,0.00015328564934142584
1670,2013-10-18,2.06,2.08,2.05,2.05,47014204.0,181769008.0,263777151832.00003,0.0001782345577449536
1671,2013-10-21,2.06,2.07,2.05,2.06,37138792.0,143098992.0,263777151832.00003,0.000140796091481243
1672,2013-10-22,2.06,2.07,2.05,2.05,26220958.0,100936672.0,263777151832.00003,9.94057211471453e-05
1673,2013-10-23,2.06,2.07,2.05,2.05,30600656.0,117876568.0,263777151832.00003,0.00011600950191277216
1674,2013-10-24,2.06,2.06,2.03,2.03,46042908.0,176225040.0,263777151832.00003,0.0001745522979538606
1675,2013-10-25,2.03,2.05,2.01,2.02,53654200.0,204404208.0,263777151832.00003,0.0002034073066122589
1676,2013-10-28,2.02,2.03,2.0,2.01,24989030.0,94301968.0,263777151832.00003,9.473538487486415e-05
1677,2013-10-29,2.01,2.04,2.01,2.03,64097120.0,242895760.0,263777151832.00003,0.00024299724049194196
1678,2013-10-30,2.03,2.04,2.01,2.03,47451824.0,180177568.0,263777151832.00003,0.0001798936097021099
1679,2013-10-31,2.03,2.05,2.01,2.04,69400688.0,264194624.0,263777169674.0,0.00026310346754335006
1680,2013-11-01,2.05,2.06,2.03,2.05,50528928.0,193510048.0,263777169674.0,0.00019155914085532225
1681,2013-11-04,2.06,2.06,2.05,2.05,42672728.0,163750480.0,263777169674.0,0.00016177566865524742
1682,2013-11-05,2.05,2.05,2.03,2.05,53021744.0,202467360.0,263777169674.0,0.00020100960240618674
1683,2013-11-06,2.04,2.05,2.03,2.03,38648708.0,147151152.0,263777169674.0,0.00014652029228975964
1684,2013-11-07,2.03,2.05,2.02,2.05,48997060.0,186854496.0,263777169674.0,0.00018575170876446607
1685,2013-11-08,2.04,2.05,2.04,2.04,39277508.0,150245584.0,263777169674.0,0.00014890412255367947
1686,2013-11-11,2.03,2.05,2.03,2.05,41947896.0,160663168.0,263777169674.0,0.00015902777352506684
1687,2013-11-12,2.05,2.06,2.04,2.05,54041688.0,207316416.0,263777169674.0,0.00020487629034305612
1688,2013-11-13,2.05,2.05,2.02,2.03,56792744.0,216025760.0,263777169674.0,0.0002153057600481106
1689,2013-11-14,2.02,2.03,2.01,2.02,58442432.0,221396672.0,263777169674.0,0.00022155985702715863
1690,2013-11-15,2.02,2.04,2.01,2.02,87888240.0,333598080.0,263777169674.0,0.00033319123148004183
1691,2013-11-18,2.02,2.05,2.02,2.05,112763272.0,429133824.0,263777169674.0,0.0004274944345614262
1692,2013-11-19,2.05,2.05,2.03,2.04,84187400.0,321595520.0,263777169674.0,0.00031916105591718385
1693,2013-11-20,2.04,2.05,2.03,2.05,68914424.0,262839024.0,263777169674.0,0.00026126000246788134
1694,2013-11-21,2.03,2.08,2.02,2.08,139544112.0,533544640.0,263777169674.0,0.0005290227056892809
1695,2013-11-22,2.06,2.07,2.05,2.06,98675048.0,379861632.0,263777169674.0,0.0003740848691414487
1696,2013-11-25,2.05,2.06,2.03,2.03,55860140.0,213634864.0,263777169674.0,0.00021177018492175452
1697,2013-11-26,2.03,2.04,2.02,2.02,65840780.0,249935696.0,263777169674.0,0.0002496075762787662
1698,2013-11-27,2.02,2.03,2.02,2.02,55903104.0,212024688.0,263777169674.0,0.0002119330648254744
1699,2013-11-28,2.03,2.04,2.02,2.03,54866984.0,208618896.0,263777169674.0,0.00020800505240013624
1700,2013-11-29,2.03,2.03,2.02,2.03,44417980.0,168585664.0,264315304422.0,0.00016804921719206707
1701,2013-12-02,2.03,2.08,2.02,2.07,180756432.0,691793600.0,264315304422.0,0.0006838666886704686
1702,2013-12-03,2.05,2.05,2.03,2.04,87396528.0,334064192.0,264315304422.0,0.00033065254466107125
1703,2013-12-04,2.04,2.05,2.03,2.05,96474480.0,369051328.0,264315304422.0,0.0003649977068523091
1704,2013-12-05,2.05,2.05,2.03,2.03,107624304.0,409843936.0,264315304422.0,0.00040718150708431703
1705,2013-12-06,2.03,2.04,2.03,2.03,53427472.0,203329584.0,264315304422.0,0.00020213537054479023
1706,2013-12-09,2.03,2.04,2.02,2.03,75200496.0,286042368.0,264315304422.0,0.0002845105627328206
1707,2013-12-10,2.03,2.03,2.02,2.03,62140144.0,235931104.0,264315304422.0,0.00023509854692631955
1708,2013-12-11,2.02,2.03,2.01,2.02,97506120.0,369140512.0,264315304422.0,0.0003689007725573237
1709,2013-12-12,2.02,2.02,2.0,2.01,62866660.0,236513152.0,264315304422.0,0.00023784721863713375
1710,2013-12-13,2.0,2.01,1.97,1.99,107806944.0,401143552.0,264315304422.0,0.0004078724999891713
1711,2013-12-16,1.99,1.99,1.97,1.97,69446360.0,257041120.0,264315304422.0,0.0002627405936703668
1712,2013-12-17,1.98,1.98,1.96,1.97,48892496.0,180106848.0,264315304422.0,0.00018497792288992587
1713,2013-12-18,1.97,1.97,1.95,1.96,58427976.0,214204592.0,264315304422.0,0.0002210540783015545
1714,2013-12-19,1.96,1.97,1.93,1.94,86428592.0,315055232.0,264315304422.0,0.00032699049413351415
1715,2013-12-20,1.94,1.94,1.9,1.91,142684496.0,511709824.0,264315304422.0,0.0005398268417033963
1716,2013-12-23,1.91,1.92,1.9,1.91,49355328.0,176707616.0,264315304422.0,0.00018672898305275722
1717,2013-12-24,1.92,1.92,1.91,1.91,34304628.0,122969088.0,264315304422.0,0.0001297867638615053
1718,2013-12-25,1.92,1.92,1.91,1.92,28685342.0,102842888.0,264315304422.0,0.00010852698092049038
1719,2013-12-26,1.92,1.92,1.89,1.9,43935812.0,156483680.0,264315304422.0,0.00016622500197662808
1720,2013-12-27,1.9,1.92,1.89,1.91,67922520.0,242109104.0,264315304422.0,0.0002569753580805007
1721,2013-12-30,1.92,1.92,1.9,1.9,47632136.0,169902704.0,264315304422.0,0.0001802095270425642
1722,2013-12-31,1.9,1.92,1.9,1.91,57586000.0,205773936.0,264594628396.0,0.00021763858302450162
1723,2014-01-02,1.91,1.92,1.9,1.91,40377048.0,144322688.0,264594628396.0,0.0001525996511900859
1724,2014-01-03,1.91,1.91,1.9,1.9,43531020.0,155045632.0,264594628396.0,0.00016451966641911647
1725,2014-01-06,1.9,1.9,1.87,1.9,69846560.0,246594704.0,264594628396.0,0.0002639757293011467
1726,2014-01-07,1.89,1.9,1.87,1.9,41238508.0,145700736.0,264594628396.0,0.0001558554240121657
1727,2014-01-08,1.89,1.91,1.89,1.91,51944376.0,184598272.0,264594628396.0,0.00019631681986475758
1728,2014-01-09,1.9,1.91,1.87,1.89,44621580.0,158308768.0,264594628396.0,0.00016864129204171918
1729,2014-01-10,1.89,1.9,1.87,1.89,41733708.0,146710864.0,264594628396.0,0.00015772696616327418
1730,2014-01-13,1.89,1.9,1.88,1.89,44410672.0,157225808.0,264594628396.0,0.00016784419347143245
1731,2014-01-14,1.89,1.89,1.87,1.88,43708008.0,153539504.0,264594628396.0,0.00016518856888729172
1732,2014-01-15,1.87,1.88,1.84,1.85,70814680.0,245136928.0,264594628396.0,0.00026763460932402867
1733,2014-01-16,1.84,1.85,1.83,1.83,77381264.0,265323472.0,264594628396.0,0.00029245213506068975
1734,2014-01-17,1.82,1.83,1.82,1.82,61018824.0,208115088.0,264594628396.0,0.0002306124820821285
1735,2014-01-20,1.82,1.83,1.81,1.82,52516508.0,178208384.0,264594628396.0,0.0001984791162177422
1736,2014-01-21,1.81,1.83,1.81,1.82,51800520.0,176034304.0,264594628396.0,0.00019577313535811406
1737,2014-01-22,1.82,1.83,1.81,1.83,78229840.0,267481536.0,264594628396.0,0.00029565921452841796
1738,2014-01-23,1.82,1.83,1.81,1.82,53203664.0,181212880.0,264594628396.0,0.00020107613039057563
1739,2014-01-24,1.82,1.82,1.81,1.82,49522632.0,168323056.0,264594628396.0,0.000187164162402734
1740,2014-01-27,1.81,1.82,1.78,1.79,99385376.0,334070080.0,264594628396.0,0.0003756137326085734
1741,2014-01-28,1.79,1.82,1.79,1.81,50011272.0,168680560.0,264594628396.0,0.00018901091191145301
1742,2014-01-29,1.81,1.84,1.81,1.84,60262488.0,206033408.0,264594628396.0,0.00022775401135434017
1743,2014-01-30,1.83,1.84,1.82,1.82,27753040.0,94793008.0,264595654171.0,0.00010488849519071869
1744,2014-02-07,1.81,1.82,1.8,1.82,27875616.0,94412408.0,264595654171.0,0.00010535175298829681
1745,2014-02-10,1.82,1.83,1.82,1.83,49508728.0,169111696.0,264595654171.0,0.00018711088870720469
1746,2014-02-11,1.82,1.85,1.81,1.84,99157912.0,340801152.0,264595654171.0,0.0003747526100179911
1747,2014-02-12,1.84,1.84,1.83,1.84,39812520.0,136940784.0,264595654171.0,0.00015046550981623604
1748,2014-02-13,1.83,1.86,1.83,1.84,73477632.0,253188544.0,264595654171.0,0.0002776978035796222
1749,2014-02-14,1.84,1.84,1.83,1.83,35515424.0,121992192.0,264595654171.0,0.00013422527331853862
1750,2014-02-17,1.84,1.85,1.83,1.84,51404632.0,177066544.0,264595654171.0,0.0001942761764589632
1751,2014-02-18,1.84,1.84,1.83,1.83,42180520.0,144983184.0,264595654171.0,0.00015941501432498975
1752,2014-02-19,1.83,1.88,1.83,1.86,86047368.0,298476128.0,264595654171.0,0.0003252032550179008
1753,2014-02-20,1.85,1.87,1.83,1.84,55789540.0,193317664.0,264595654171.0,0.0002108482853763915
1754,2014-02-21,1.84,1.84,1.83,1.84,28834380.0,99051216.0,264595654171.0,0.0001089752592133098
1755,2014-02-24,1.83,1.83,1.79,1.8,60659216.0,204851200.0,264595654171.0,0.0002292525029938618
1756,2014-02-25,1.8,1.81,1.79,1.8,45042368.0,151894896.0,264595654171.0,0.00017023094404600654
1757,2014-02-26,1.79,1.81,1.77,1.78,40669040.0,136184096.0,264595654171.0,0.00015370260001971482
1758,2014-02-27,1.78,1.79,1.77,1.79,65181848.0,217624752.0,264595654171.0,0.000246345119326393
1759,2014-02-28,1.79,1.79,1.77,1.78,54062832.0,180274480.0,264595660684.0,0.00020432244376284724
1760,2014-03-03,1.78,1.79,1.77,1.78,65326776.0,217250848.0,264595660684.0,0.00024689284711293185
1761,2014-03-04,1.78,1.78,1.77,1.78,51674344.0,171717424.0,264595660684.0,0.00019529550812140257
1762,2014-03-05,1.78,1.78,1.77,1.77,40622760.0,134971248.0,264595660684.0,0.00015352768785015998
1763,2014-03-06,1.77,1.78,1.76,1.78,39202880.0,130249784.0,264595660684.0,0.00014816146228043787
1764,2014-03-07,1.78,1.78,1.77,1.78,37293092.0,124087872.0,264595660684.0,0.00014094370218919883
1765,2014-03-10,1.77,1.77,1.74,1.74,66083272.0,217386752.0,264595660684.0,0.00024975191138497773
1766,2014-03-11,1.74,1.74,1.71,1.73,83643776.0,269747744.0,264595660684.0,0.00031611922804695454
1767,2014-03-12,1.72,1.73,1.71,1.73,54483176.0,175098480.0,264595660684.0,0.00020591107147848467
1768,2014-03-13,1.73,1.77,1.73,1.75,82831944.0,271101216.0,264595660684.0,0.00031305102958178945
1769,2014-03-14,1.74,1.74,1.72,1.73,53106072.0,171718784.0,264595660684.0,0.0002007065114473788
1770,2014-03-17,1.73,1.74,1.72,1.74,37925432.0,123069872.0,264595660684.0,0.00014333353729974204
1771,2014-03-18,1.74,1.75,1.73,1.74,36811648.0,119946336.0,264595660684.0,0.00013912415609855082
1772,2014-03-19,1.74,1.75,1.73,1.75,46684432.0,152143728.0,264595660684.0,0.00017643687685322268
1773,2014-03-20,1.75,1.77,1.74,1.75,62125904.0,205019392.0,264595660684.0,0.00023479562680430886
1774,2014-03-21,1.75,1.8,1.75,1.78,126470712.0,421791392.0,264595660684.0,0.00047797727170983663
1775,2014-03-24,1.79,1.81,1.78,1.81,74527856.0,250975792.0,264595660684.0,0.0002816669623656707
1776,2014-03-25,1.81,1.81,1.79,1.79,33313760.0,112056920.0,264595660684.0,0.0001259044079327733
1777,2014-03-26,1.79,1.82,1.79,1.82,50588704.0,171295664.0,264595660684.0,0.0001911924929880722
1778,2014-03-27,1.81,1.83,1.79,1.81,43623784.0,147905600.0,264595660684.0,0.00016486961232557324
1779,2014-03-28,1.81,1.86,1.81,1.85,101965984.0,351928384.0,264595660684.0,0.0003853652918434495
1780,2014-03-31,1.85,1.86,1.83,1.84,60798536.0,210334032.0,264595662383.0,0.00022977903512263413
1781,2014-04-01,1.84,1.85,1.84,1.84,38552864.0,133253040.0,264595662383.0,0.00014570482241766703
1782,2014-04-02,1.84,1.85,1.83,1.84,56673464.0,195055792.0,264595662383.0,0.0002141889382826149
1783,2014-04-03,1.84,1.84,1.82,1.83,52315508.0,179540464.0,264595662383.0,0.00019771869095976994
1784,2014-04-04,1.82,1.84,1.82,1.83,31393372.0,107598872.0,264595662383.0,0.00011864658595407494
1785,2014-04-08,1.83,1.87,1.83,1.87,94074056.0,326594496.0,264595662383.0,0.0003555389198475544
1786,2014-04-09,1.86,1.87,1.85,1.86,54761656.0,190945472.0,264595662383.0,0.0002069635439477952
1787,2014-04-10,1.86,1.9,1.85,1.9,97100112.0,341689792.0,264595662383.0,0.0003669754489756087
1788,2014-04-11,1.9,1.9,1.87,1.88,80135248.0,282820800.0,264595662383.0,0.00030285926563680736
1789,2014-04-14,1.89,1.89,1.86,1.87,46705384.0,163920080.0,264595662383.0,0.00017651606069185802
1790,2014-04-15,1.86,1.87,1.84,1.85,34711016.0,120443368.0,264595662383.0,0.00013118512861241125
1791,2014-04-16,1.85,1.87,1.84,1.87,52377068.0,182339536.0,264595662383.0,0.00019795134783496426
1792,2014-04-17,1.87,1.87,1.85,1.86,29182670.0,101512592.0,264595662383.0,0.00011029156614728752
1793,2014-04-18,1.85,1.85,1.84,1.85,24978404.0,86379584.0,264595662383.0,9.440216734862406e-05
1794,2014-04-21,1.85,1.86,1.84,1.84,28167420.0,97655992.0,264595662383.0,0.00010645457958879121
1795,2014-04-22,1.83,1.85,1.83,1.84,27277976.0,94005952.0,264595662383.0,0.00010309305811867527
1796,2014-04-23,1.84,1.84,1.83,1.84,33539472.0,115163320.0,264595662383.0,0.00012675745209856046
1797,2014-04-24,1.83,1.85,1.82,1.83,37571432.0,129185928.0,264595662383.0,0.00014199564596646964
1798,2014-04-25,1.84,1.85,1.83,1.84,41185616.0,142064768.0,264595662383.0,0.00015565491750346296
1799,2014-04-28,1.85,1.85,1.84,1.85,44103632.0,152664992.0,264595662383.0,0.00016668312550097803
1800,2014-04-29,1.84,1.85,1.84,1.84,37890428.0,130762816.0,264595662383.0,0.00014320124396126314
1801,2014-04-30,1.84,1.84,1.82,1.84,32244872.0,110570248.0,264595667479.00003,0.0001218647013657514
1802,2014-05-05,1.83,1.83,1.81,1.83,42750972.0,145549104.0,264595667479.00003,0.00016157094485832042
1803,2014-05-06,1.83,1.83,1.81,1.82,49064032.0,167403952.0,264595667479.00003,0.0001854302168567973
1804,2014-05-07,1.82,1.83,1.82,1.83,31728816.0,108261312.0,264595667479.00003,0.00011991434441200062
1805,2014-05-08,1.82,1.84,1.82,1.83,41258372.0,141691312.0,264595667479.00003,0.00015592988499433583
1806,2014-05-09,1.84,1.85,1.83,1.84,45599432.0,157470928.0,264595667479.00003,0.00017233627607912005
1807,2014-05-12,1.84,1.87,1.84,1.86,68788312.0,239121072.0,264595667479.00003,0.0002599752016176133
1808,2014-05-13,1.86,1.86,1.84,1.85,38603200.0,133725792.0,264595667479.00003,0.0001458950570423221
1809,2014-05-14,1.85,1.86,1.84,1.84,37644804.0,130153184.0,264595667479.00003,0.00014227294180086197
1810,2014-05-15,1.84,1.86,1.84,1.85,36503304.0,126447488.0,264595667479.00003,0.00013795881220503027
1811,2014-05-16,1.85,1.86,1.85,1.86,38486588.0,133887120.0,264595667479.00003,0.00014545433931965093
1812,2014-05-19,1.85,1.86,1.84,1.85,42914104.0,148366240.0,264595667479.00003,0.0001621874780070083
1813,2014-05-20,1.85,1.86,1.84,1.85,36655984.0,127029144.0,264595667479.00003,0.00013853584357313503
1814,2014-05-21,1.85,1.86,1.84,1.86,37612836.0,130801344.0,264595667479.00003,0.00014215212349607043
1815,2014-05-22,1.86,1.88,1.86,1.87,46632616.0,163455232.0,264595667479.00003,0.00017624104145129684
1816,2014-05-23,1.87,1.88,1.86,1.88,29670540.0,104079432.0,264595667479.00003,0.00011213539617898256
1817,2014-05-26,1.89,1.89,1.87,1.87,30899632.0,108660752.0,264595667479.00003,0.00011678056672055066
1818,2014-05-27,1.87,1.9,1.87,1.89,43758928.0,154495840.0,264595667479.00003,0.00016538036475398065
1819,2014-05-28,1.89,1.91,1.89,1.91,47696976.0,169771456.0,264595667479.00003,0.00018026363188197527
1820,2014-05-29,1.91,1.92,1.9,1.91,33706144.0,120463080.0,264595667479.00003,0.00012738736170982517
1821,2014-05-30,1.91,1.91,1.9,1.9,47443192.0,168772416.0,264598799487.0,0.00017930237057757676
1822,2014-06-03,1.9,1.92,1.9,1.91,51413736.0,184447552.0,264598799487.0,0.00019430827388363116
1823,2014-06-04,1.92,1.92,1.9,1.91,49748688.0,178016464.0,264598799487.0,0.00018801554692028828
1824,2014-06-05,1.91,1.94,1.9,1.94,75230704.0,271553152.0,264598799487.0,0.00028431989920534826
1825,2014-06-06,1.94,1.95,1.93,1.93,60943044.0,221037088.0,264598799487.0,0.00023032245088849766
1826,2014-06-09,1.93,1.97,1.93,1.95,50378808.0,184095040.0,264598799487.0,0.00019039696362067266
1827,2014-06-10,1.95,2.0,1.95,1.99,96285928.0,356415872.0,264598799487.0,0.0003638940470881865
1828,2014-06-11,1.99,2.0,1.97,1.99,79762400.0,296021696.0,264599295486.0,0.0003014460029211236
1829,2014-06-12,1.98,1.99,1.97,1.98,47082736.0,174600016.0,264599295486.0,0.00017793976326929093
1830,2014-06-13,1.98,2.0,1.98,2.0,63714956.0,237100656.0,264599295486.0,0.00024079790493384428
1831,2014-06-16,2.0,2.02,1.99,2.02,96202192.0,360544992.0,264599295486.0,0.00036357690153067726
1832,2014-06-17,2.01,2.02,1.98,1.99,107429152.0,401236800.0,264599295486.0,0.0004060069464761069
1833,2014-06-18,1.99,2.0,1.97,2.0,110170560.0,409642592.0,264599295486.0,0.0004163675485138589
1834,2014-06-19,1.99,2.0,1.97,1.98,91929176.0,341008192.0,264599295486.0,0.0003474278940582591
1835,2014-06-20,1.98,1.99,1.94,1.98,106996640.0,365450432.0,264599295486.0,0.0004043723540664575
1836,2014-06-23,1.98,1.98,1.96,1.96,55131332.0,188658560.0,264599295486.0,0.0002083578185600914
1837,2014-06-24,1.96,1.97,1.95,1.97,54892432.0,187063552.0,264599295486.0,0.0002074549438961162
1838,2014-06-25,1.96,1.96,1.94,1.94,51279144.0,173474624.0,264599295486.0,0.00019379924616130806
1839,2014-06-26,1.94,1.95,1.94,1.95,48194464.0,163191648.0,264599295486.0,0.00018214131640630153
1840,2014-06-27,1.95,1.95,1.94,1.95,33472792.0,113335624.0,264599295486.0,0.00012650370795023924
1841,2014-06-30,1.95,1.96,1.94,1.95,30646380.0,104236376.0,264610880176.0,0.00011581677964117064
1842,2014-07-01,1.95,1.96,1.94,1.95,43298612.0,146999040.0,264610880176.0,0.00016363126100937686
1843,2014-07-02,1.95,1.97,1.94,1.96,42913624.0,146051280.0,264610880176.0,0.00016217633973121954
1844,2014-07-03,1.95,1.97,1.95,1.97,40242724.0,137321664.0,264610880176.0,0.00015208265046861812
1845,2014-07-04,1.97,1.97,1.96,1.97,34768716.0,118962208.0,264610880176.0,0.00013139564018257438
1846,2014-07-07,1.97,1.98,1.96,1.98,38568768.0,132560960.0,264610880176.0,0.00014575654627030775
1847,2014-07-08,1.98,2.0,1.98,1.99,56055812.0,194092160.0,264610880176.0,0.00021184243052559188
1848,2014-07-09,1.99,1.99,1.97,1.97,41657252.0,143592608.0,264610880176.0,0.00015742834146612798
1849,2014-07-10,1.97,1.99,1.96,1.98,56609148.0,194960640.0,264610880176.0,0.00021393356147089528
1850,2014-07-11,1.98,1.99,1.98,1.98,28952724.0,99891840.0,264610880176.0,0.00010941622650112779
1851,2014-07-14,1.98,1.99,1.97,1.98,47915208.0,164956048.0,264610880176.0,0.00018107799637010494
1852,2014-07-15,1.99,1.99,1.98,1.99,58812388.0,203120144.0,264610880176.0,0.00022225990088118168
1853,2014-07-16,1.99,1.99,1.98,1.99,43599684.0,150728352.0,264610880176.0,0.00016476905247055846
1854,2014-07-17,1.98,1.98,1.97,1.98,35123796.0,120865504.0,264610880176.0,0.00013273753511812588
1855,2014-07-18,1.97,1.99,1.97,1.98,41842948.0,144061824.0,264610880176.0,0.00015813011155160777
1856,2014-07-21,1.98,1.98,1.96,1.97,40266316.0,138149792.0,264610880176.0,0.00015217180780026038
1857,2014-07-22,1.96,1.98,1.96,1.97,53147448.0,182250512.0,264610880176.0,0.0002008513329635205
1858,2014-07-23,1.97,1.98,1.97,1.98,48761920.0,167686448.0,264610880176.0,0.00018427783456057098
1859,2014-07-24,1.98,2.01,1.97,2.0,94244152.0,327063104.0,264610880176.0,0.0003561612883692296
1860,2014-07-25,2.01,2.02,2.0,2.02,68339728.0,239362688.0,264610880176.0,0.0002582649963393242
1861,2014-07-28,2.03,2.08,2.03,2.07,217488800.0,780449664.0,264610880176.0,0.0008219193400337212
1862,2014-07-29,2.07,2.07,2.05,2.06,111754288.0,401561728.0,264610880176.0,0.000422334440389107
1863,2014-07-30,2.06,2.07,2.04,2.05,94851128.0,339551744.0,264610880176.0,0.0003584551320675548
1864,2014-07-31,2.05,2.07,2.04,2.07,74602216.0,266562208.0,264678302410.99997,0.0002818599610184728
1865,2014-08-01,2.06,2.08,2.06,2.06,102543184.0,369978464.0,264678302410.99997,0.00038742572800987683
1866,2014-08-04,2.06,2.08,2.06,2.07,98156080.0,353362656.0,264678302410.99997,0.00037085049702177876
1867,2014-08-05,2.07,2.08,2.05,2.06,102705696.0,368653760.0,264678302410.99997,0.00038803972620511857
1868,2014-08-06,2.06,2.06,2.04,2.06,72821152.0,259875184.0,264678302410.99997,0.0002751307959007582
1869,2014-08-07,2.05,2.06,2.02,2.02,102245064.0,363092992.0,264678302410.99997,0.00038629937954351456
1870,2014-08-08,2.02,2.03,1.99,2.02,84117584.0,295163840.0,264678302410.99997,0.0003178106525308593
1871,2014-08-11,2.02,2.06,2.01,2.05,84838720.0,301213120.0,264678302410.99997,0.0003205352279623587
1872,2014-08-12,2.05,2.05,2.02,2.03,48251192.0,170637056.0,264678302410.99997,0.00018230127502130562
1873,2014-08-13,2.03,2.03,2.01,2.02,76447456.0,269019840.0,264678302410.99997,0.0002888315940658038
1874,2014-08-14,2.02,2.03,2.01,2.02,53468956.0,188247728.0,264678302410.99997,0.00020201488188847415
1875,2014-08-15,2.02,2.03,2.01,2.02,49403768.0,173885552.0,264678302410.99997,0.00018665590473405873
1876,2014-08-18,2.02,2.03,2.01,2.02,76953080.0,270731296.0,264678302410.99997,0.0002907419282163336
1877,2014-08-19,2.02,2.02,2.01,2.02,52016792.0,182500048.0,264678302410.99997,0.00019652835735370122
1878,2014-08-20,2.02,2.03,2.01,2.02,47680676.0,167408800.0,264678302410.99997,0.00018014576777041624
1879,2014-08-21,2.02,2.02,2.0,2.01,59879016.0,209451072.0,264678302410.99997,0.00022623318743754888
1880,2014-08-22,2.01,2.02,2.01,2.02,45891568.0,160718144.0,264678302410.99997,0.0001733862110417282
1881,2014-08-25,2.02,2.02,2.0,2.01,62128292.0,217130608.0,264678302410.99997,0.00023473133775629793
1882,2014-08-26,2.01,2.02,2.0,2.01,55553104.0,193874320.0,264678302410.99997,0.00020988915031552367
1883,2014-08-27,2.01,2.01,1.99,2.01,48391648.0,168422304.0,264678302410.99997,0.0001828319418675131
1884,2014-08-28,2.0,2.01,1.97,1.98,61143604.0,211233344.0,264678302410.99997,0.0002310110176883879
1885,2014-08-29,1.98,2.0,1.97,1.99,68933760.0,238208816.0,264709094140.0,0.0002604132669637037
1886,2014-09-01,1.99,2.01,1.98,2.0,65646664.0,228556176.0,264709094140.0,0.00024799549941144307
1887,2014-09-02,2.0,2.03,1.99,2.02,94003816.0,328181472.0,264709094140.0,0.000355121218277008
1888,2014-09-03,2.02,2.05,2.02,2.04,89031760.0,315275872.0,264709094140.0,0.00033633812351347727
1889,2014-09-04,2.05,2.06,2.03,2.06,80954576.0,289018080.0,264709094140.0,0.00030582468752352173
1890,2014-09-05,2.06,2.07,2.06,2.07,97710992.0,351623840.0,264709094140.0,0.00036912593546303466
1891,2014-09-09,2.07,2.07,2.06,2.06,49912620.0,179309280.0,264709094140.0,0.00018855649883189163
1892,2014-09-10,2.06,2.06,2.04,2.05,66518384.0,236905184.0,264709094140.0,0.00025128862389903233
1893,2014-09-11,2.05,2.07,2.03,2.04,60161580.0,214417952.0,264709094140.0,0.00022727432238569634
1894,2014-09-12,2.04,2.05,2.03,2.05,29257710.0,103973856.0,264709094140.0,0.0001105277855868681
1895,2014-09-15,2.04,2.05,2.03,2.05,67819984.0,240406688.0,264709094140.0,0.00025620571979340914
1896,2014-09-16,2.05,2.06,2.03,2.04,119646600.0,425997792.0,264709094140.0,0.00045199278244940466
1897,2014-09-17,2.05,2.05,2.03,2.05,74210240.0,264173456.0,264709094140.0,0.00028034639399563473
1898,2014-09-18,2.05,2.05,2.03,2.05,77449624.0,275070784.0,264709094140.0,0.0002925839184015274
1899,2014-09-19,2.05,2.05,2.03,2.05,85829072.0,304118464.0,264709094140.0,0.0003242392267588907
1900,2014-09-22,2.03,2.04,2.0,2.01,73100584.0,256638960.0,264709094140.0,0.00027615441108093695
1901,2014-09-23,2.01,2.01,2.0,2.01,54145944.0,189055792.0,264709094140.0,0.00020454886212319988
1902,2014-09-24,2.0,2.04,2.0,2.03,119688352.0,420615712.0,264709094140.0,0.0004521505103134044
1903,2014-09-25,2.05,2.05,2.03,2.04,99746536.0,354272480.0,264709094140.0,0.0003768156750491005
1904,2014-09-26,2.03,2.05,2.02,2.04,48963688.0,173530768.0,264709094140.0,0.0001849716881056756
1905,2014-09-29,2.03,2.04,2.02,2.02,82359784.0,290542528.0,264709094140.0,0.0003111331866688394
1906,2014-09-30,2.02,2.03,2.02,2.03,67466304.0,237434912.0,264717780662.0,0.00025486124819905126
1907,2014-10-08,2.03,2.03,2.01,2.03,103554752.0,363668608.0,264717780662.0,0.0003911892572574185
1908,2014-10-09,2.02,2.03,2.02,2.02,70150752.0,246661728.0,264717780662.0,0.00026500204037888445
1909,2014-10-10,2.02,2.02,2.01,2.02,66858560.0,234263424.0,264717780662.0,0.00025256542961640767
1910,2014-10-13,2.01,2.02,2.0,2.0,82847056.0,288764160.0,264717780662.0,0.0003129636996533366
1911,2014-10-14,2.0,2.01,2.0,2.0,51424892.0,179211296.0,264717780662.0,0.00019426308225838792
1912,2014-10-15,2.0,2.02,1.99,2.01,51045312.0,178181968.0,264717780662.0,0.0001928291778223098
1913,2014-10-16,2.01,2.03,2.0,2.02,89555568.0,314377920.0,264717780662.0,0.0003383058281013143
1914,2014-10-17,2.02,2.02,2.01,2.02,68879040.0,241808896.0,264717780662.0,0.0002601980109826734
1915,2014-10-20,2.02,2.03,2.01,2.02,56422228.0,198398592.0,264717780662.0,0.00021314105859795523
1916,2014-10-21,2.02,2.02,2.01,2.02,65645076.0,230232816.0,264717780662.0,0.0002479813627775072
1917,2014-10-22,2.01,2.03,2.01,2.01,94662664.0,332294528.0,264717780662.0,0.0003575984346924858
1918,2014-10-23,2.01,2.03,2.01,2.02,93150376.0,327702752.0,264717780662.0,0.00035188560347949323
1919,2014-10-24,2.02,2.03,2.01,2.02,76048464.0,267439456.0,264717780662.0,0.00028728128427875073
1920,2014-10-27,2.02,2.02,2.0,2.01,66899672.0,233997088.0,264717780662.0,0.00025272073463557634
1921,2014-10-28,2.01,2.03,2.01,2.02,57510816.0,201800032.0,264717780662.0,0.00021725331731090486
1922,2014-10-29,2.02,2.05,2.02,2.03,112721584.0,398318400.0,264717780662.0,0.00042581795494850595
1923,2014-10-30,2.04,2.07,2.03,2.06,148966480.0,532277888.0,264717780662.0,0.0005627369632197284
1924,2014-10-31,2.06,2.12,2.06,2.1,216995584.0,790282560.0,264717809400.0,0.000819724160198494
1925,2014-11-03,2.11,2.11,2.08,2.09,127058056.0,462810304.0,264717809400.0,0.0004799754738375377
1926,2014-11-04,2.09,2.1,2.07,2.09,105104288.0,381144416.0,264717809400.0,0.000397042753709037
1927,2014-11-05,2.09,2.1,2.05,2.06,197428256.0,709205824.0,264717809400.0,0.0007458064738730042
1928,2014-11-06,2.06,2.06,2.03,2.05,117359896.0,418473856.0,264717809400.0,0.00044333963123223093
1929,2014-11-07,2.05,2.07,2.03,2.05,140102576.0,500760096.0,264717809400.0,0.0005292525513018997
1930,2014-11-10,2.07,2.11,2.06,2.11,192955648.0,700418368.0,264717809400.0,0.0007289107160464436
1931,2014-11-11,2.12,2.25,2.12,2.19,559821568.0,2139143680.0,264717809400.0,0.002114786191638831
1932,2014-11-12,2.17,2.17,2.14,2.16,177572976.0,665749632.0,264717809400.0,0.0006708010178932827
1933,2014-11-13,2.16,2.2,2.15,2.16,186477472.0,706374400.0,264717809400.0,0.0007044387093662615
1934,2014-11-14,2.17,2.18,2.15,2.17,131953264.0,496181920.0,264717809400.0,0.0004984676486220576
1935,2014-11-17,2.23,2.24,2.15,2.15,217102240.0,827209344.0,264717809400.0,0.0008201270647111966
1936,2014-11-18,2.18,2.18,2.13,2.14,152253328.0,569736064.0,264717809400.0,0.0005751533240060122
1937,2014-11-19,2.13,2.14,2.11,2.12,107967664.0,398616832.0,264717809400.0,0.0004078594645547864
1938,2014-11-20,2.11,2.13,2.1,2.11,92372320.0,339571200.0,264717809400.0,0.00034894637504506335
1939,2014-11-21,2.12,2.15,2.11,2.14,111465976.0,413475392.0,264717809400.0,0.0004210747144389145
1940,2014-11-24,2.13,2.17,2.11,2.14,175637232.0,657357504.0,264717809400.0,0.0006634885367104432
1941,2014-11-25,2.14,2.18,2.14,2.17,160306800.0,602064256.0,264717809400.0,0.0006055761807766002
1942,2014-11-26,2.17,2.19,2.15,2.19,248996464.0,944879744.0,264717809400.0,0.0009406109266481411
1943,2014-11-27,2.21,2.21,2.19,2.2,306435968.0,1174924800.0,264717809400.0,0.0011575948316229908
1944,2014-11-28,2.2,2.33,2.19,2.32,853707136.0,3356783616.0,264717906330.0,0.003224969356382564
1945,2014-12-01,2.33,2.39,2.3,2.3,650680704.0,2639520000.0,264717906330.0,0.0024580154513191674
1946,2014-12-02,2.29,2.42,2.28,2.4,667799104.0,2730542592.0,264717906330.0,0.002522682025021439
1947,2014-12-03,2.39,2.45,2.34,2.36,648892224.0,2697790464.0,264717906330.0,0.002451259278210989
1948,2014-12-04,2.36,2.46,2.34,2.45,713784384.0,2985764608.0,264717906330.0,0.0026963963031280142
1949,2014-12-05,2.47,2.69,2.42,2.64,1024644416.0,4580277248.0,264717906330.0,0.0038707030824075344
1950,2014-12-08,2.58,2.73,2.52,2.66,871306240.0,3966081792.0,264717906330.0,0.0032914518404879678
1951,2014-12-09,2.61,2.65,2.4,2.41,1137160960.0,5075552768.0,264717906330.0,0.004295746274837954
1952,2014-12-10,2.4,2.49,2.34,2.47,616082496.0,2574925824.0,264717906330.0,0.002327317046818833
1953,2014-12-11,2.42,2.48,2.4,2.41,372197312.0,1574301184.0,264717906330.0,0.0014060148675247345
1954,2014-12-12,2.42,2.47,2.4,2.42,313792768.0,1327654272.0,264717906330.0,0.001185385500929517
1955,2014-12-15,2.4,2.41,2.34,2.37,342045088.0,1408312832.0,264717906330.0,0.0012921116396773067
1956,2014-12-16,2.37,2.45,2.37,2.44,472326592.0,1978360448.0,264717906330.0,0.001784263854864404
1957,2014-12-17,2.45,2.6,2.42,2.57,996465472.0,4344311296.0,264717906330.0,0.0037642541292911107
1958,2014-12-18,2.56,2.57,2.48,2.5,548007360.0,2403489536.0,264717906330.0,0.002070155992080296
1959,2014-12-19,2.49,2.56,2.48,2.53,605437632.0,2657662720.0,264717906330.0,0.0022871049427432965
1960,2014-12-22,2.56,2.76,2.56,2.71,1746555136.0,8172305408.0,264717906330.0,0.006597797482663401
1961,2014-12-23,2.64,2.68,2.56,2.57,778303168.0,3564935680.0,264717906330.0,0.002940122860558437
1962,2014-12-24,2.59,2.6,2.45,2.49,624579776.0,2720391936.0,264717906330.0,0.002359416424295048
1963,2014-12-25,2.52,2.59,2.49,2.56,549303040.0,2432539648.0,264717906330.0,0.002075050560860939
1964,2014-12-26,2.57,2.67,2.56,2.65,670773440.0,3048645888.0,264717906330.0,0.002533917895088695
1965,2014-12-29,2.75,2.77,2.61,2.65,886266688.0,4174208000.0,264717906330.0,0.0033479665213700014
1966,2014-12-30,2.65,2.75,2.63,2.71,696602752.0,3268242944.0,264717906330.0,0.0026314908638315083
1967,2014-12-31,2.72,2.83,2.67,2.8,1050294656.0,5049596416.0,266700169270.0,0.0039381101964607685
1968,2015-01-05,2.83,2.96,2.82,2.91,1365851648.0,6849226240.0,266700169270.0,0.005121300266657307
1969,2015-01-06,2.87,3.08,2.84,2.93,1497561600.0,7672745984.0,266700169270.0,0.0056151505418952675
1970,2015-01-07,2.87,2.93,2.84,2.9,810596736.0,4076793856.0,266700169270.0,0.0030393559112419383
1971,2015-01-08,2.9,2.91,2.76,2.78,692049088.0,3396521216.0,266700169270.0,0.002594858075621948
1972,2015-01-09,2.77,2.96,2.72,2.8,991590400.0,4905936896.0,266700169270.0,0.0037179968903437058
1973,2015-01-12,2.79,2.83,2.71,2.77,547037440.0,2638839552.0,266700169270.0,0.0020511327064295717
1974,2015-01-13,2.75,2.79,2.75,2.77,268526208.0,1292588672.0,266700169270.0,0.0010068467850432871
1975,2015-01-14,2.78,2.86,2.78,2.81,539696448.0,2645522688.0,266700169270.0,0.0020236074445593097
1976,2015-01-15,2.81,2.94,2.79,2.92,623208448.0,3093536256.0,266700169270.0,0.002336738104463221
1977,2015-01-16,2.94,3.03,2.93,2.96,786854080.0,4073206016.0,266700169270.0,0.0029503321357228322
1978,2015-01-19,2.76,2.83,2.67,2.67,992468672.0,4725213696.0,266700169270.0,0.0037212899966150817
1979,2015-01-20,2.68,2.72,2.6,2.67,647920896.0,3017983744.0,266700169270.0,0.0024293981431412685
1980,2015-01-21,2.69,2.86,2.67,2.83,792843392.0,3797531392.0,266700169270.0,0.0029727892343305823
1981,2015-01-22,2.83,2.83,2.76,2.8,569659264.0,2770806784.0,266700169270.0,0.002135953889940326
1982,2015-01-23,2.82,2.95,2.82,2.86,931939584.0,4664106496.0,266700169270.0,0.003494334430123776
1983,2015-01-26,2.86,2.87,2.78,2.83,532652448.0,2614900736.0,266700169270.0,0.0019971957627846764
1984,2015-01-27,2.83,2.83,2.69,2.75,704101056.0,3376429824.0,266700169270.0,0.0026400472782872036
1985,2015-01-28,2.72,2.74,2.67,2.69,551296768.0,2591288832.0,266700169270.0,0.00206710317998292
1986,2015-01-29,2.65,2.67,2.6,2.62,577536896.0,2643394304.0,266700169270.0,0.0021654912990149524
1987,2015-01-30,2.64,2.65,2.59,2.61,419427392.0,1912726784.0,268015080790.0,0.0015649395204318272
1988,2015-02-02,2.57,2.57,2.52,2.53,508024160.0,2250689536.0,268015080790.0,0.0018955058741565974
1989,2015-02-03,2.56,2.59,2.51,2.59,561586560.0,2491369472.0,268015080790.0,0.0020953543298558803
1990,2015-02-04,2.59,2.6,2.53,2.53,464394336.0,2074139776.0,268015080790.0,0.0017327171837911264
1991,2015-02-05,2.64,2.65,2.52,2.53,760964928.0,3426932736.0,268015080790.0,0.0028392616033283773
1992,2015-02-06,2.51,2.52,2.45,2.47,503713504.0,2182154752.0,268015080790.0,0.0018794222418949576
1993,2015-02-09,2.45,2.49,2.44,2.47,475547808.0,2036829440.0,268015080790.0,0.0017743322748790013
1994,2015-02-10,2.47,2.51,2.45,2.51,451046464.0,1950964736.0,268015080790.0,0.0016829144937310898
1995,2015-02-11,2.48,2.51,2.47,2.49,296336992.0,1282181760.0,268015080790.0,0.0011056728267921285
1996,2015-02-12,2.48,2.5,2.46,2.49,297367392.0,1282864128.0,269612212539.0,0.0011029448154429768
1997,2015-02-13,2.51,2.56,2.5,2.55,482503072.0,2127026560.0,269612212539.0,0.0017896187544924542
1998,2015-02-16,2.55,2.55,2.52,2.54,237106592.0,1047007232.0,269612212539.0,0.0008794356522915371
1999,2015-02-17,2.55,2.6,2.55,2.58,325581088.0,1460312064.0,269612212539.0,0.0012075902828507963
2000,2015-02-25,2.58,2.6,2.56,2.58,316108384.0,1421512192.0,269612212539.0,0.0011724557319682774
2001,2015-02-26,2.57,2.65,2.56,2.64,501162368.0,2273319424.0,269612212539.0,0.001858826658037628
2002,2015-02-27,2.64,2.65,2.61,2.63,381156192.0,1747248000.0,269612212539.0,0.0014137200552251131
2003,2015-03-02,2.64,2.65,2.61,2.63,307229728.0,1403422848.0,269612212539.0,0.0011395245234136363
2004,2015-03-03,2.61,2.61,2.53,2.53,439941760.0,1964964736.0,269612212539.0,0.0016317575374533951
2005,2015-03-04,2.53,2.55,2.51,2.52,248473360.0,1091708160.0,269612212539.0,0.000921595344884675
2006,2015-03-05,2.5,2.51,2.46,2.48,295341120.0,1275158912.0,269612212539.0,0.0010954293101885296
2007,2015-03-06,2.48,2.51,2.47,2.49,219538208.0,951291968.0,269612212539.0,0.0008142739749529829
2008,2015-03-09,2.51,2.62,2.48,2.6,526958912.0,2344408064.0,269612212539.0,0.0019545068342324227
2009,2015-03-10,2.57,2.57,2.53,2.54,342244000.0,1520247680.0,269612212539.0,0.0012693935366540328
2010,2015-03-11,2.55,2.6,2.55,2.56,318957600.0,1427555072.0,269612212539.0,0.0011830235618642908
2011,2015-03-12,2.6,2.67,2.58,2.63,665406336.0,3044381184.0,269612212539.0,0.0024680125938425267
2012,2015-03-13,2.65,2.68,2.6,2.63,505880704.0,2329716224.0,269612212539.0,0.0018763271115800188
2013,2015-03-16,2.64,2.65,2.61,2.64,391708096.0,1797078528.0,269612212539.0,0.0014528573921455377
2014,2015-03-17,2.65,2.67,2.64,2.66,454549536.0,2099251200.0,269612212539.0,0.0016859382285372123
2015,2015-03-18,2.66,2.72,2.65,2.72,620859776.0,2905011200.0,269612212539.0,0.0023027880308285043
2016,2015-03-19,2.72,2.72,2.68,2.69,517945568.0,2435866112.0,269612212539.0,0.0019210760637375728
2017,2015-03-20,2.69,2.75,2.67,2.71,596498112.0,2812444160.0,269612212539.0,0.00221242986874608
2018,2015-03-23,2.75,2.76,2.72,2.75,534961280.0,2555339264.0,269612212539.0,0.001984187863606574
2019,2015-03-24,2.76,2.8,2.73,2.76,777551488.0,3728768000.0,269612212539.0,0.002883962416530095
2020,2015-03-25,2.75,2.76,2.69,2.69,650708864.0,3088804608.0,269612212539.0,0.0024134992175321936
2021,2015-03-26,2.67,2.74,2.65,2.71,467425536.0,2191190016.0,269612212539.0,0.001733695709100662
2022,2015-03-27,2.72,2.73,2.68,2.71,454051840.0,2139574400.0,269612212539.0,0.001684092258744846
2023,2015-03-30,2.73,2.84,2.72,2.83,1137506304.0,5509450752.0,269612212539.0,0.0042190459151973956
2024,2015-03-31,2.87,2.88,2.77,2.79,1004747648.0,4946411008.0,269612212539.0,0.0037266399713056803
2025,2015-04-01,2.78,2.83,2.77,2.81,682475776.0,3322487296.0,269612212539.0,0.002531323672518278
2026,2015-04-02,2.82,2.83,2.76,2.79,555922240.0,2697751296.0,269612212539.0,0.0020619327098158977
2027,2015-04-03,2.76,2.81,2.75,2.8,514181856.0,2495174400.0,269612212539.0,0.0019071163400123147
2028,2015-04-07,2.83,2.87,2.82,2.87,861760832.0,4270348288.0,269612212539.0,0.00319629746696042
2029,2015-04-08,2.88,2.9,2.83,2.9,880345152.0,4397159424.0,269612212539.0,0.003265227282212434
2030,2015-04-09,2.9,2.95,2.87,2.89,876879808.0,4426962432.0,269612212539.0,0.003252374214588508
2031,2015-04-10,2.88,2.94,2.87,2.93,689361088.0,3486315008.0,269612212539.0,0.0025568615067846096
2032,2015-04-13,2.98,3.06,2.98,3.06,1259537920.0,6605527552.0,269612212539.0,0.004671664937350733
2033,2015-04-14,3.05,3.07,3.0,3.02,763721472.0,4035741696.0,269612212539.0,0.0028326664612402376
2034,2015-04-15,3.02,3.22,3.02,3.12,1135801984.0,6130926080.0,269612212539.0,0.004212724539826636
2035,2015-04-16,3.11,3.23,3.09,3.23,944008000.0,5168773120.0,269612212539.0,0.0035013547461743674
2036,2015-04-17,3.29,3.31,3.23,3.24,1154808960.0,6557324288.0,269612212539.0,0.004283221999199885
2037,2015-04-20,3.27,3.27,3.1,3.11,1414169216.0,7840590336.0,269612212539.0,0.005245197176650287
2038,2015-04-21,3.1,3.13,3.06,3.13,1227983616.0,6613553152.0,269612212539.0,0.004554629051984688
2039,2015-04-22,3.14,3.17,3.11,3.17,939030848.0,5135954944.0,269612212539.0,0.0034828943361167927
2040,2015-04-23,3.18,3.18,3.12,3.15,772045504.0,4226012160.0,269612212539.0,0.002863540552297207
2041,2015-04-24,3.09,3.1,3.02,3.06,796662336.0,4249846784.0,269612212539.0,0.002954845140350462
2042,2015-04-27,3.06,3.16,3.06,3.16,894864896.0,4866667520.0,269612212539.0,0.003319081459896984
2043,2015-04-28,3.18,3.36,3.15,3.24,1539549056.0,8668592128.0,269612212539.0,0.005710234864740413
2044,2015-04-29,3.2,3.21,3.13,3.18,737446464.0,4055593472.0,269612212539.0,0.0027352116473333965
2045,2015-04-30,3.16,3.17,3.1,3.11,618168832.0,3363326976.0,269612212539.0,0.002292807236655055
2046,2015-05-04,3.1,3.11,3.08,3.1,435844960.0,2347049472.0,269612212539.0,0.0016165623800774753
2047,2015-05-05,3.1,3.1,2.94,2.95,792325504.0,4154907904.0,269612212539.0,0.00293875969689388
2048,2015-05-06,2.95,3.03,2.93,2.95,589904128.0,3058482176.0,269612212539.0,0.002187972579004258
2049,2015-05-07,2.95,2.98,2.91,2.92,440196160.0,2251034880.0,269612212539.0,0.0016327011148885723
2050,2015-05-08,2.95,2.97,2.91,2.96,352474944.0,1805319936.0,269612212539.0,0.001307340423049322
2051,2015-05-11,2.96,2.99,2.91,2.99,545472960.0,2796222720.0,269612212539.0,0.0020231760084721538
2052,2015-05-12,3.0,3.0,2.95,2.98,447072576.0,2315241984.0,269612212539.0,0.0016582059536169192
2053,2015-05-13,2.99,3.01,2.95,2.96,447773344.0,2320210944.0,269612212539.0,0.0016608051237116293
2054,2015-05-14,2.98,2.98,2.93,2.95,427794976.0,2200069120.0,269612212539.0,0.0015867047414928155
2055,2015-05-15,2.94,2.95,2.89,2.92,459914560.0,2333028864.0,269612212539.0,0.0017058372677887222
2056,2015-05-18,2.89,2.91,2.87,2.87,338870624.0,1703567872.0,269612212539.0,0.0012568815811745977
2057,2015-05-19,2.87,2.96,2.86,2.95,485237664.0,2471092992.0,269612212539.0,0.0017997614404422029
2058,2015-05-20,2.95,3.01,2.94,2.96,502261600.0,2592655872.0,269612212539.0,0.0018629037433804923
2059,2015-05-21,2.96,3.01,2.95,2.99,404938272.0,2103803904.0,269612212539.0,0.001501928522401131
2060,2015-05-22,3.02,3.07,3.0,3.06,571110784.0,3026571008.0,269612212539.0,0.0021182674872985865
2061,2015-05-25,3.07,3.13,3.07,3.13,507821088.0,2740220672.0,269612212539.0,0.0018835240555972314
2062,2015-05-26,3.13,3.14,3.1,3.13,491049088.0,2667503872.0,269612212539.0,0.0018213161910422314
2063,2015-05-27,3.13,3.14,3.06,3.09,591954944.0,3187843840.0,269612212539.0,0.0021955791187106273
2064,2015-05-28,3.08,3.09,2.91,2.93,685890368.0,3597809664.0,269612212539.0,0.0025439884994111106
2065,2015-05-29,2.91,2.95,2.87,2.91,538703296.0,2730794496.0,269612212539.0,0.0019980671161996246
2066,2015-06-01,2.91,3.02,2.89,3.01,767178752.0,3949707776.0,269612212539.0,0.002845489619239803
2067,2015-06-02,2.99,3.02,2.95,2.99,519137952.0,2689808128.0,269612212539.0,0.0019254986527173933
2068,2015-06-03,2.99,3.01,2.94,2.99,444807712.0,2300977408.0,269612212539.0,0.0016498055032861598
2069,2015-06-04,2.99,3.09,2.95,3.07,876889792.0,4623463424.0,269612212539.0,0.0032524112455520017
2070,2015-06-05,3.11,3.13,3.01,3.06,874789056.0,4673268224.0,269612212539.0,0.0032446195510281634
2071,2015-06-08,3.06,3.24,3.05,3.23,1726158080.0,9499321344.0,269612212539.0,0.006402373482062899
2072,2015-06-09,3.25,3.27,3.13,3.17,1312909696.0,7303845888.0,269612212539.0,0.004869622498313517
2073,2015-06-10,3.13,3.15,3.11,3.12,745505728.0,4060887296.0,269612212539.0,0.002765103705723868
2074,2015-06-11,3.11,3.14,3.07,3.11,497674688.0,2687770368.0,269612212539.0,0.0018458907455017836
2075,2015-06-12,3.12,3.13,3.09,3.13,485218880.0,2625858304.0,269612212539.0,0.001799691770007681
2076,2015-06-15,3.13,3.17,3.05,3.06,700285504.0,3785027584.0,269612212539.0,0.002597380502185902
2077,2015-06-16,3.04,3.09,2.99,3.01,533868448.0,2823396864.0,269612212539.0,0.001980134516060821
2078,2015-06-17,3.04,3.06,2.99,3.04,484857088.0,2553292544.0,269612212539.0,0.0017983498723369749
2079,2015-06-18,3.02,3.02,2.91,2.94,505935456.0,2624346880.0,269612212539.0,0.0018765301884343067
2080,2015-06-19,2.92,2.95,2.84,2.86,569782080.0,2884750080.0,269612212539.0,0.0021133392832402937
2081,2015-06-23,2.87,2.99,2.86,2.98,687707904.0,3499038720.0,269612212539.0,0.00255072979641277
2082,2015-06-24,2.98,3.01,2.95,3.0,485095328.0,2513574656.0,269612212539.0,0.0017992335118344458
2083,2015-06-25,3.05,3.07,2.94,2.96,537049216.0,2819105024.0,269612212539.0,0.0019919320825361893
2084,2015-06-26,2.94,2.97,2.79,2.86,775787072.0,3910574592.0,269612212539.0,0.0028774181432444598
2085,2015-06-29,2.9,2.93,2.7,2.91,918854144.0,4584033792.0,269612212539.0,0.003408058319565497
2086,2015-06-30,2.91,3.04,2.87,3.03,965041280.0,4972056576.0,269612212539.0,0.0035793678294910496
2087,2015-07-01,2.99,3.01,2.94,2.95,606218112.0,3141718272.0,269612212539.0,0.0022484816481089824
2088,2015-07-02,2.96,3.15,2.89,3.13,1432633856.0,7516680704.0,269612212539.0,0.0053136830950963184
2089,2015-07-03,3.05,3.13,2.96,3.05,1177261312.0,6290095104.0,269612212539.0,0.004366498464270073
2090,2015-07-06,3.29,3.33,3.12,3.33,2949582336.0,16699620352.0,269612212539.0,0.010940091727385444
2091,2015-07-07,3.29,3.57,3.22,3.45,2248404480.0,12789666816.0,269612212539.0,0.008339401464148303
2092,2015-07-08,3.26,3.5,3.11,3.29,2970797056.0,16225472512.0,269612212539.0,0.011018777777250233
2093,2015-07-09,3.29,3.53,3.07,3.35,2008218240.0,11073784832.0,269612212539.0,0.007448543302575757
2094,2015-07-10,3.25,3.55,3.19,3.33,2116259072.0,11959769088.0,269612212539.0,0.0078492700759758
2095,2015-07-13,3.24,3.25,3.14,3.17,1403223296.0,7451598336.0,269612212539.0,0.005204598422250701
2096,2015-07-14,3.13,3.16,3.03,3.1,1096512640.0,5625904640.0,269612212539.0,0.004066999152871783
2097,2015-07-15,3.07,3.19,3.07,3.17,1060248960.0,5521335808.0,269612212539.0,0.003932496046879303
2098,2015-07-16,3.17,3.23,3.1,3.14,741363456.0,3888617216.0,269612212539.0,0.002749739891299472
2099,2015-07-17,3.14,3.15,3.1,3.13,551775424.0,2864933632.0,269612212539.0,0.0020465520415555525
2100,2015-07-20,3.11,3.13,3.09,3.11,495904800.0,2567507712.0,269612212539.0,0.0018393261763996179
2101,2015-07-21,3.1,3.12,3.07,3.1,410062304.0,2110593792.0,269612212539.0,0.0015209337149024121
2102,2015-07-22,3.08,3.11,3.07,3.08,331839840.0,1702971136.0,269612212539.0,0.0012308041867799243
2103,2015-07-23,3.07,3.1,3.07,3.1,378126848.0,1942306432.0,269612212539.0,0.0014024841250293999
2104,2015-07-24,3.1,3.1,3.06,3.07,437818848.0,2241409792.0,269612212539.0,0.001623883591462566
2105,2015-07-27,3.04,3.07,2.86,2.9,631610816.0,3140444672.0,269612212539.0,0.0023426639693060495
2106,2015-07-28,2.86,2.99,2.84,2.9,598084288.0,2895525888.0,269612212539.0,0.0022183130443821633
2107,2015-07-29,2.89,2.94,2.89,2.92,377276288.0,1824651648.0,269612212539.0,0.001399329371793298
2108,2015-07-30,2.92,2.92,2.88,2.88,312166464.0,1503512960.0,269612212539.0,0.001157835029282453
2109,2015-07-31,2.87,2.92,2.85,2.9,306775168.0,1467023104.0,269612212539.0,0.0011378385463738008
2110,2015-08-03,2.88,2.94,2.86,2.93,480986560.0,2319874560.0,269612212539.0,0.001783993964777928
2111,2015-08-04,2.9,2.93,2.9,2.93,255171680.0,1236804352.0,269612212539.0,0.0009464396200639052
2112,2015-08-05,2.92,2.93,2.9,2.9,225129360.0,1090274432.0,269612212539.0,0.0008350117299209305
2113,2015-08-06,2.88,2.92,2.87,2.89,164819728.0,794823808.0,269612212539.0,0.000611321447377531
2114,2015-08-07,2.9,2.92,2.89,2.91,184998480.0,894413248.0,269612212539.0,0.0006861650600239022
2115,2015-08-10,2.9,2.96,2.89,2.96,434953344.0,2116314624.0,269612212539.0,0.001613255348872904
2116,2015-08-11,2.94,2.95,2.91,2.93,312398720.0,1520043136.0,269612212539.0,0.0011586964739396248
2117,2015-08-12,2.9,2.91,2.88,2.89,196837904.0,948524928.0,269612212539.0,0.000730077848278208
2118,2015-08-13,2.88,2.9,2.85,2.88,203310336.0,972276352.0,269612212539.0,0.0007540842979083921
2119,2015-08-14,2.88,2.89,2.86,2.87,167583840.0,799466816.0,269612212539.0,0.0006215736239164561
2120,2015-08-17,2.86,2.86,2.82,2.83,222751488.0,1049689216.0,269612212539.0,0.0008261921294376772
2121,2015-08-18,2.83,2.85,2.78,2.78,323620224.0,1517727488.0,269612212539.0,0.0012003173778828273
2122,2015-08-19,2.77,2.8,2.72,2.75,340343488.0,1555867392.0,269612212539.0,0.0012623444791128242
2123,2015-08-20,2.76,2.77,2.73,2.74,226557472.0,1036189248.0,269612212539.0,0.0008403086413128558
2124,2015-08-21,2.72,2.78,2.72,2.73,391604672.0,1788192512.0,269612212539.0,0.001452473789344218
2125,2015-08-24,2.69,2.69,2.46,2.46,527506400.0,2243120896.0,269612212539.0,0.0019565374840863153
2126,2015-08-25,2.39,2.53,2.29,2.34,533607808.0,2138834944.0,269612212539.0,0.0019791677942734604
2127,2015-08-26,2.39,2.47,2.29,2.43,596108352.0,2368997888.0,269612212539.0,0.002210984236901997
2128,2015-08-27,2.44,2.55,2.37,2.55,563720576.0,2303939072.0,269612212539.0,0.0020908569782181383
2129,2015-08-28,2.54,2.57,2.5,2.54,368256320.0,1547716480.0,269612212539.0,0.0013658740326784379
2130,2015-08-31,2.51,2.53,2.47,2.52,300230656.0,1250690560.0,269612212539.0,0.0011135647498036498
2131,2015-09-01,2.52,2.72,2.51,2.71,1018541248.0,4491813888.0,269612212539.0,0.003777800858529974
2132,2015-09-02,2.63,2.98,2.61,2.98,1394605696.0,6542697984.0,269612212539.0,0.005172635478440233
2133,2015-09-07,2.84,2.86,2.7,2.72,648542784.0,2988526848.0,269612212539.0,0.0024054651600998486
2134,2015-09-08,2.67,2.73,2.61,2.71,404199392.0,1800877184.0,269612212539.0,0.001499187993724623
2135,2015-09-09,2.67,2.72,2.66,2.71,366216704.0,1636333824.0,269612212539.0,0.0013583090341170133
2136,2015-09-10,2.68,2.7,2.66,2.69,184433632.0,822389632.0,269612212539.0,0.0006840700213953449
2137,2015-09-11,2.67,2.69,2.66,2.66,128608432.0,572234112.0,269612212539.0,0.00047701263525440823
2138,2015-09-14,2.66,2.77,2.63,2.72,426149920.0,1920341376.0,269612212539.0,0.0015806031781233072
2139,2015-09-15,2.69,2.75,2.67,2.73,382841472.0,1729309184.0,269612212539.0,0.0014199708106494662
2140,2015-09-16,2.69,2.76,2.67,2.72,238809952.0,1073991424.0,269612212539.0,0.0008857534669927298
2141,2015-09-17,2.71,2.75,2.71,2.72,214363152.0,974248960.0,269612212539.0,0.0007950795328642314
2142,2015-09-18,2.71,2.72,2.66,2.67,162282992.0,727310016.0,269612212539.0,0.0006019126154254805
2143,2015-09-21,2.66,2.67,2.62,2.66,164594624.0,723810624.0,269612212539.0,0.0006104865297086312
2144,2015-09-22,2.66,2.68,2.64,2.67,135949648.0,602505600.0,269612212539.0,0.0005042414314979689
2145,2015-09-23,2.65,2.66,2.62,2.63,110786304.0,486081056.0,269612212539.0,0.00041090981360488083
2146,2015-09-24,2.63,2.64,2.61,2.63,77556000.0,339021024.0,269612212539.0,0.0002876575926202948
2147,2015-09-25,2.62,2.69,2.61,2.67,179878960.0,792278272.0,269612212539.0,0.0006671766026695846
2148,2015-09-28,2.65,2.67,2.62,2.63,93773144.0,410812160.0,269612212539.0,0.0003478074791824777
2149,2015-09-29,2.62,2.62,2.59,2.6,93585840.0,405256096.0,269612212539.0,0.0003471127628777669
2150,2015-09-30,2.6,2.63,2.6,2.6,71715968.0,311465568.0,269612212539.0,0.0002659967340671785
2151,2015-10-08,2.64,2.66,2.63,2.63,120700712.0,530081600.0,269612212539.0,0.00044768265822728775
2152,2015-10-09,2.64,2.67,2.64,2.67,118418896.0,524746176.0,269612212539.0,0.00043921933240642966
2153,2015-10-12,2.67,2.73,2.66,2.71,186416592.0,837960768.0,269612212539.0,0.0006914248811078408
2154,2015-10-13,2.7,2.71,2.66,2.67,123003384.0,548936704.0,269612212539.0,0.00045622333959448254
2155,2015-10-14,2.66,2.67,2.65,2.66,88456672.0,391745024.0,269612212539.0,0.000328088520794304
2156,2015-10-15,2.66,2.7,2.65,2.7,113760992.0,507596672.0,269612212539.0,0.0004219430230132629
2157,2015-10-16,2.71,2.71,2.69,2.71,137963104.0,620409280.0,269612212539.0,0.0005117094018137006
2158,2015-10-19,2.71,2.72,2.69,2.7,126978376.0,571823936.0,269612212539.0,0.0004709667073468799
2159,2015-10-20,2.69,2.71,2.69,2.71,88230184.0,396069984.0,269612212539.0,0.00032724846982677875
2160,2015-10-21,2.71,2.98,2.69,2.87,395609280.0,1810248576.0,269612212539.0,0.0014673270037527482
2161,2015-10-22,2.76,2.84,2.74,2.8,260276992.0,1203285248.0,269612212539.0,0.0009653753795086354
2162,2015-10-23,2.77,2.8,2.75,2.77,205449504.0,947384256.0,269612212539.0,0.000762018537903884
2163,2015-10-26,2.78,2.79,2.76,2.78,140614464.0,648250624.0,269612212539.0,0.0005215433777120159
2164,2015-10-27,2.77,2.81,2.75,2.78,171854864.0,795044864.0,269612212539.0,0.0006374149834742401
2165,2015-10-28,2.77,2.81,2.75,2.77,177382832.0,819665600.0,269612212539.0,0.0006579183870402057
2166,2015-10-29,2.77,2.78,2.75,2.75,132176816.0,606674560.0,269612212539.0,0.0004902478814118271
2167,2015-10-30,2.75,2.77,2.74,2.75,115987536.0,530913888.0,269612212539.0,0.00043020134328381783
2168,2015-11-02,2.74,2.77,2.72,2.72,115745632.0,527258368.0,269612212539.0,0.0004293041138975006
2169,2015-11-03,2.72,2.72,2.67,2.67,137880160.0,616684736.0,269612212539.0,0.0005114017599631372
2170,2015-11-04,2.67,2.75,2.66,2.74,215693184.0,972451968.0,269612212539.0,0.0008000126625154248
2171,2015-11-05,2.72,2.84,2.72,2.79,450953536.0,2092087424.0,269612212539.0,0.0016726005537852577
2172,2015-11-06,2.78,2.8,2.75,2.8,243645216.0,1123743104.0,269612212539.0,0.0009036876100883456
2173,2015-11-09,2.82,2.96,2.8,2.89,524861536.0,2526205952.0,269612212539.0,0.001946727602052068
2174,2015-11-10,2.86,2.88,2.83,2.84,261928000.0,1240416128.0,269612212539.0,0.0009714990190294572
2175,2015-11-11,2.83,2.84,2.8,2.83,194574320.0,912946368.0,269612212539.0,0.000721682145506871
2176,2015-11-12,2.81,2.83,2.78,2.8,151435184.0,705887616.0,269612212539.0,0.0005616777614556112
2177,2015-11-13,2.78,2.8,2.77,2.77,132284096.0,610780160.0,269612212539.0,0.0004906457862359065
2178,2015-11-16,2.75,2.8,2.74,2.8,160922192.0,742615296.0,269612212539.0,0.000596865366314674
2179,2015-11-17,2.8,2.83,2.78,2.81,182921040.0,855381568.0,269612212539.0,0.0006784597710815495
2180,2015-11-18,2.8,2.83,2.78,2.81,167032976.0,780102592.0,269612212539.0,0.0006195304523745871
2181,2015-11-19,2.8,2.82,2.8,2.81,116716688.0,545087040.0,269612212539.0,0.00043290579050871695
2182,2015-11-20,2.81,2.81,2.79,2.8,140072832.0,651784448.0,269612212539.0,0.0005195344479424802
2183,2015-11-23,2.8,2.8,2.77,2.8,169488384.0,785636032.0,269612212539.0,0.0006286376362698449
2184,2015-11-24,2.79,2.8,2.76,2.79,190858640.0,881859968.0,269612212539.0,0.0007079005739489336
2185,2015-11-25,2.78,2.81,2.77,2.8,193052112.0,895611456.0,269612212539.0,0.0007160362291529157
2186,2015-11-26,2.8,2.82,2.8,2.81,184004128.0,859312192.0,269612212539.0,0.0006824769778312005
2187,2015-11-27,2.8,2.81,2.73,2.75,156770864.0,722141120.0,269612212539.0,0.0005814679629073655
2188,2015-11-30,2.75,2.78,2.74,2.78,208152848.0,956407040.0,269612212539.0,0.0007720453240592365
2189,2015-12-01,2.76,2.76,2.72,2.74,189093553.0,858728002.0,269612212539.0,0.0007013538119036325
2190,2015-12-02,2.73,2.84,2.72,2.84,401160224.0,1866487040.0,269612212539.0,0.0014879156260103436
2191,2015-12-03,2.81,2.95,2.8,2.92,702118888.0,3379124154.0,269612212539.0,0.002604180579907659
2192,2015-12-04,2.89,2.89,2.81,2.82,205777280.0,975947200.0,269612212539.0,0.0007632342691829431
2193,2015-12-07,2.83,2.83,2.78,2.8,125971504.0,586484736.0,269612212539.0,0.00046723218808857904
2194,2015-12-08,2.78,2.81,2.75,2.78,172415072.0,794501568.0,269612212539.0,0.0006394928121998916
2195,2015-12-09,2.77,2.81,2.77,2.8,90689996.0,420770340.0,269612212539.0,0.0003363719882936738
2196,2015-12-10,2.8,2.83,2.77,2.77,126544976.0,588094720.0,269612212539.0,0.0004693592133987439
2197,2015-12-11,2.77,2.77,2.74,2.76,111942528.0,512158208.0,269612212539.0,0.00041519828403102204
2198,2015-12-14,2.75,2.8,2.74,2.8,149183984.0,687866752.0,269612212539.0,0.0005533279913216847
2199,2015-12-15,2.79,2.8,2.76,2.77,90021440.0,415001728.0,269612212539.0,0.00033389229349904985
2200,2015-12-16,2.77,2.78,2.75,2.76,83805024.0,384868800.0,269612212539.0,0.00031083541509781357
2201,2015-12-17,2.77,2.79,2.76,2.78,92519952.0,427421376.0,269612212539.0,0.0003431593514578528
2202,2015-12-18,2.77,2.83,2.77,2.78,197836896.0,918940032.0,269612212539.0,0.0007337831403738154
2203,2015-12-21,2.77,2.83,2.76,2.82,250020944.0,1164770432.0,269612212539.0,0.0009273353816041768
2204,2015-12-22,2.82,2.84,2.8,2.81,146002853.0,683260194.0,269612212539.0,0.0005415290784681364
2205,2015-12-23,2.8,2.83,2.79,2.81,236911376.0,1106403840.0,269612212539.0,0.0008787115901351474
2206,2015-12-24,2.81,2.81,2.78,2.8,162346688.0,753829632.0,269612212539.0,0.0006021488658512314
2207,2015-12-25,2.8,2.8,2.79,2.8,86776633.0,403425511.0,269612212539.0,0.0003218572044003666
2208,2015-12-28,2.8,2.8,2.76,2.76,146697558.0,678333541.0,269612212539.0,0.0005441057607091143
2209,2015-12-29,2.76,2.77,2.75,2.77,124565023.0,572319054.0,269612212539.0,0.00046201550674185944
2210,2015-12-30,2.77,2.78,2.75,2.77,82408564.0,378882612.0,269612212539.0,0.00030565590194872724
2211,2015-12-31,2.77,2.77,2.75,2.75,97925207.0,449656193.0,269612212539.0,0.0003632076087274233
2212,2016-01-04,2.75,2.76,2.67,2.67,147508685.0,669360275.0,269612212539.0,0.0005471142557337329
2213,2016-01-05,2.66,2.71,2.63,2.69,160629284.0,715484718.0,269612212539.0,0.0005957789615215023
2214,2016-01-06,2.67,2.72,2.67,2.71,113177263.0,508161231.0,269612212539.0,0.00041977795417419623
2215,2016-01-07,2.7,2.71,2.66,2.66,34491508.0,153712624.0,269612212539.0,0.00012793006546396975
2216,2016-01-08,2.67,2.7,2.64,2.68,186134474.0,827886955.0,269612212539.0,0.0006903784967569866
2217,2016-01-11,2.66,2.66,2.59,2.6,164702051.0,722038638.0,269612212539.0,0.000610884979760238
2218,2016-01-12,2.62,2.63,2.59,2.6,115754335.0,502307243.0,269612212539.0,0.0004293363935925413
2219,2016-01-13,2.61,2.61,2.58,2.58,101544385.0,439299085.0,269612212539.0,0.0003766312513952289
2220,2016-01-14,2.56,2.59,2.53,2.59,131047547.0,559263229.0,269612212539.0,0.0004860593879108636
2221,2016-01-15,2.58,2.58,2.53,2.54,101190760.0,430207041.0,269612212539.0,0.0003753196453790554
2222,2016-01-18,2.52,2.55,2.51,2.52,119484135.0,502408250.0,269612212539.0,0.0004431703366653555
2223,2016-01-19,2.52,2.57,2.51,2.55,98135774.0,415090802.0,269612212539.0,0.00036398860821560314
2224,2016-01-20,2.55,2.55,2.51,2.54,106584738.0,448627145.0,269612212539.0,0.0003953260759083095
2225,2016-01-21,2.52,2.56,2.51,2.51,84601580.0,356768999.0,269612212539.0,0.000313789865834665
2226,2016-01-22,2.53,2.54,2.51,2.54,84696499.0,355912034.0,269612212539.0,0.00031414192332904233
2227,2016-01-25,2.54,2.55,2.52,2.54,62768998.0,264870077.0,269612212539.0,0.0002328121467825584
2228,2016-01-26,2.53,2.54,2.43,2.45,112381408.0,464737013.0,269612212539.0,0.00041682610346793466
2229,2016-01-27,2.46,2.49,2.44,2.47,152478645.0,625439810.0,269612212539.0,0.000565547990441804
2230,2016-01-28,2.46,2.46,2.42,2.43,90199334.0,366284746.0,269612212539.0,0.00033455210782394536
2231,2016-01-29,2.43,2.48,2.42,2.46,137585643.0,561102779.0,269612212539.0,0.0005103093873394105
2232,2016-02-01,2.46,2.46,2.4,2.42,104028310.0,419801086.0,269612212539.0,0.00038584420572177185
2233,2016-02-02,2.42,2.45,2.4,2.43,92645580.0,374582495.0,269612212539.0,0.0003436253095790259
2234,2016-02-03,2.42,2.42,2.39,2.41,77935178.0,311360878.0,269612212539.0,0.00028906397550046626
2235,2016-02-04,2.42,2.43,2.4,2.42,73562943.0,295717776.0,269612212539.0,0.0002728472212265198
2236,2016-02-05,2.42,2.42,2.4,2.41,71204411.0,285791576.0,269612212539.0,0.00026409935339891225
2237,2016-02-15,2.37,2.4,2.36,2.39,58226580.0,230698475.0,269612212539.0,0.00021596417852020483
2238,2016-02-16,2.39,2.44,2.39,2.43,85327980.0,344057239.0,269612212539.0,0.0003164841058068062
2239,2016-02-17,2.43,2.44,2.42,2.43,84084658.0,339602600.0,269612212539.0,0.000311872586216164
2240,2016-02-18,2.43,2.45,2.43,2.44,88436527.0,358776063.0,269612212539.0,0.0003280138023688651
2241,2016-02-19,2.43,2.43,2.41,2.42,94079934.0,378879643.0,269612212539.0,0.00034894537274119633
2242,2016-02-22,2.43,2.47,2.42,2.45,131720894.0,535540776.0,269612212539.0,0.0004885568526720439
2243,2016-02-23,2.45,2.45,2.42,2.43,69148356.0,279795157.0,269612212539.0,0.00025647338208018873
2244,2016-02-24,2.43,2.44,2.42,2.43,74589777.0,301650995.0,269612212539.0,0.00027665578015762334
2245,2016-02-25,2.43,2.45,2.4,2.41,221264453.0,894572070.0,269612212539.0,0.0008206766708240029
2246,2016-02-26,2.41,2.43,2.4,2.42,115826517.0,466096800.0,269612212539.0,0.0004296041188536496
2247,2016-02-29,2.41,2.43,2.34,2.42,183234157.0,726405802.0,269612212539.0,0.0006796211316781311
2248,2016-03-01,2.42,2.42,2.39,2.42,85462000.0,342399841.0,269612212539.0,0.00031698119011444164
2249,2016-03-02,2.42,2.48,2.41,2.47,208078890.0,846513560.0,269612212539.0,0.0007717710115594297
2250,2016-03-03,2.46,2.49,2.45,2.48,149768911.0,614992535.0,269612212539.0,0.0005554975035796481
2251,2016-03-04,2.48,2.6,2.46,2.59,409303272.0,1733236939.0,269612212539.0,0.0015181184418372495
2252,2016-03-07,2.57,2.59,2.55,2.58,135311230.0,578835420.0,269612212539.0,0.0005018735194735548
2253,2016-03-08,2.56,2.61,2.53,2.6,169417154.0,724083081.0,269612212539.0,0.0006283734420060569
2254,2016-03-09,2.57,2.66,2.56,2.65,188468201.0,816785904.0,269612212539.0,0.0006990343620756335
2255,2016-03-10,2.62,2.63,2.6,2.6,105044132.0,456423449.0,269612212539.0,0.0003896119208057207
2256,2016-03-11,2.58,2.61,2.56,2.61,100313485.0,430996925.0,269612212539.0,0.00037206580538516756
2257,2016-03-14,2.61,2.61,2.58,2.58,199920794.0,861302499.0,269612212539.0,0.0007415123822370658
2258,2016-03-15,2.58,2.58,2.54,2.56,155203345.0,659491381.0,269612212539.0,0.0005756539866588925
2259,2016-03-16,2.55,2.61,2.54,2.6,290465143.0,1251693072.0,269612212539.0,0.0010773441613220083
2260,2016-03-17,2.58,2.59,2.56,2.58,156098379.0,668653062.0,269612212539.0,0.0005789736953307336
2261,2016-03-18,2.58,2.58,2.55,2.58,165222463.0,707016425.0,269612212539.0,0.0006128152038962264
2262,2016-03-21,2.58,2.61,2.57,2.59,135307955.0,584178796.0,269612212539.0,0.0005018613723976892
2263,2016-03-22,2.59,2.6,2.57,2.58,96265666.0,414085387.0,269612212539.0,0.0003570523200467967
2264,2016-03-23,2.58,2.6,2.57,2.58,98446751.0,424380969.0,269612212539.0,0.0003651420314862757
2265,2016-03-24,2.58,2.59,2.55,2.56,73796490.0,315119492.0,269612212539.0,0.00027371345424245265
2266,2016-03-25,2.56,2.57,2.55,2.57,37351400.0,159544356.0,269612212539.0,0.00013853749297278972
2267,2016-03-28,2.57,2.58,2.55,2.58,76782196.0,328072867.0,269612212539.0,0.0002847875297521743
2268,2016-03-29,2.57,2.58,2.55,2.55,85868439.0,366811037.0,269612212539.0,0.00031848868488321515
2269,2016-03-30,2.55,2.6,2.55,2.6,142674879.0,612563262.0,269612212539.0,0.0005291855204050215
2270,2016-03-31,2.59,2.6,2.57,2.58,91863121.0,394752224.0,269612212539.0,0.00034072314504934306
2271,2016-04-01,2.58,2.59,2.56,2.58,92120439.0,394940493.0,269612212539.0,0.0003416775454363907
2272,2016-04-05,2.58,2.6,2.57,2.6,100099566.0,430893535.0,269612212539.0,0.00037127237322575056
2273,2016-04-06,2.58,2.59,2.57,2.58,70570722.0,303213647.0,269612212539.0,0.00026174898138114493
2274,2016-04-07,2.58,2.58,2.56,2.56,74637985.0,319392788.0,269612212539.0,0.0002768345851143648
2275,2016-04-08,2.55,2.58,2.55,2.56,46683454.0,199218573.0,269612212539.0,0.00017315036867347815
2276,2016-04-11,2.56,2.59,2.56,2.58,67374407.0,289293759.0,269612212539.0,0.00024989375060394987
2277,2016-04-12,2.58,2.58,2.57,2.57,48195029.0,206670586.0,269612212539.0,0.00017875684690295133
2278,2016-04-13,2.58,2.61,2.58,2.6,153412951.0,662774061.0,269612212539.0,0.0005690133601711698
2279,2016-04-14,2.6,2.6,2.59,2.59,44085883.0,190430882.0,269612212539.0,0.00016351589783279152
2280,2016-04-15,2.6,2.6,2.58,2.58,68158357.0,293723687.0,269612212539.0,0.00025280144529855355
2281,2016-04-18,2.58,2.58,2.56,2.58,93235807.0,398952652.0,269612212539.0,0.00034581447970022215
2282,2016-04-19,2.58,2.58,2.57,2.58,41791422.0,179141441.0,269612212539.0,0.00015500567131748448
2283,2016-04-20,2.58,2.58,2.54,2.58,144911727.0,616860486.0,269612212539.0,0.0005374820585289259
2284,2016-04-21,2.56,2.59,2.55,2.58,80991192.0,346995818.0,269612212539.0,0.0003003988255475795
2285,2016-04-22,2.57,2.58,2.57,2.57,57375276.0,245818747.0,269612212539.0,0.00021280666576518873
2286,2016-04-25,2.57,2.57,2.55,2.57,44559176.0,190074175.0,269612212539.0,0.00016527135614657817
2287,2016-04-26,2.57,2.58,2.56,2.57,49455325.0,211470592.0,269612212539.0,0.00018343132358236992
2288,2016-04-27,2.57,2.57,2.56,2.57,31701532.0,135349084.0,269612212539.0,0.00011758195855246841
2289,2016-04-28,2.57,2.57,2.55,2.57,50901269.0,217190683.0,269612212539.0,0.00018879437441149673
2290,2016-04-29,2.57,2.57,2.55,2.56,46049086.0,196077297.0,269612212539.0,0.00017079747822379854
2291,2016-05-03,2.56,2.58,2.55,2.57,75971478.0,324449921.0,269612212539.0,0.0002817805517211523
2292,2016-05-04,2.57,2.57,2.56,2.57,40369142.0,172470706.0,269612212539.0,0.00014973039099317698
2293,2016-05-05,2.57,2.57,2.56,2.57,45022080.0,192148936.0,269612212539.0,0.00016698828133939763
2294,2016-05-06,2.57,2.57,2.54,2.55,71657233.0,305011455.0,269612212539.0,0.00026577888414321967
2295,2016-05-09,2.54,2.55,2.5,2.51,71439800.0,300202393.0,269612212539.0,0.00026497241844957624
2296,2016-05-10,2.5,2.51,2.49,2.5,59931469.0,249440935.0,269612212539.0,0.0002222876643294887
2297,2016-05-11,2.51,2.53,2.49,2.52,65089697.0,271739538.0,269612212539.0,0.0002414196908479605
2298,2016-05-12,2.51,2.52,2.49,2.51,53021658.0,221133234.0,269612212539.0,0.00019665896251762075
2299,2016-05-13,2.51,2.54,2.51,2.54,77867887.0,327611690.0,269612212539.0,0.0002888143911089941
2300,2016-05-16,2.52,2.56,2.52,2.55,58012956.0,245542612.0,269612212539.0,0.00021517184052487347
2301,2016-05-17,2.55,2.56,2.54,2.55,40929431.0,173829866.0,269612212539.0,0.0001518085201503232
2302,2016-05-18,2.55,2.55,2.51,2.55,58526023.0,247269141.0,269612212539.0,0.00021707482182964572
2303,2016-05-19,2.54,2.56,2.54,2.55,52750006.0,223875779.0,269612212539.0,0.00019565139688310518
2304,2016-05-20,2.55,2.56,2.55,2.55,43407775.0,184533482.0,269612212539.0,0.00016100077437597888
2305,2016-05-23,2.56,2.57,2.55,2.56,43113503.0,183896312.0,269612212539.0,0.0001599093104647978
2306,2016-05-24,2.57,2.57,2.55,2.56,48488885.0,206353082.0,269612212539.0,0.00017984676785732018
2307,2016-05-25,2.57,2.57,2.56,2.56,24523733.0,104636913.0,269612212539.0,9.095928099493115e-05
2308,2016-05-26,2.56,2.57,2.56,2.57,44247309.0,189094755.0,269612212539.0,0.0001641146318384948
2309,2016-05-27,2.57,2.58,2.56,2.58,32224893.0,137788562.0,269612212539.0,0.00011952312062028198
2310,2016-05-30,2.58,2.59,2.57,2.58,84516663.0,362512632.0,269612212539.0,0.00031347490606633584
2311,2016-05-31,2.58,2.63,2.58,2.62,104740402.0,454777896.0,269612212539.0,0.00038848537688124593
2312,2016-06-01,2.62,2.62,2.6,2.61,63441751.0,275364944.0,269612212539.0,0.00023530740837944428
2313,2016-06-02,2.61,2.61,2.6,2.61,29648778.0,128753309.0,269612212539.0,0.00010996823074441125
2314,2016-06-03,2.61,2.63,2.6,2.63,48206398.0,209444067.0,269612212539.0,0.0001787990148741012
2315,2016-06-06,2.62,2.64,2.61,2.63,59276484.0,258951633.0,269612212539.0,0.0002198583047918333
2316,2016-06-07,2.63,2.66,2.63,2.64,58853493.0,258882505.0,269612212539.0,0.00021828941814528046
2317,2016-06-08,2.65,2.65,2.62,2.64,57889772.0,254256447.0,269612212539.0,0.00021471494727497227
2318,2016-06-13,2.63,2.64,2.62,2.63,66550532.0,291645424.0,269612212539.0,0.00024683797285471006
2319,2016-06-14,2.61,2.66,2.61,2.64,69583009.0,306345717.0,269612212539.0,0.00025808552344391546
2320,2016-06-15,2.64,2.65,2.63,2.64,64010809.0,280556215.0,269612212539.0,0.00023741806202766388
2321,2016-06-16,2.63,2.63,2.61,2.63,39889730.0,174160816.0,269612212539.0,0.00014795223711993336
2322,2016-06-17,2.63,2.64,2.62,2.63,37494345.0,164418728.0,269612212539.0,0.0001390676803803031
2323,2016-06-20,2.64,2.64,2.63,2.64,36431977.0,160008927.0,269612212539.0,0.00013512732474880022
2324,2016-06-21,2.64,2.65,2.63,2.65,35358922.0,155559528.0,269612212539.0,0.00013114733070515214
2325,2016-06-22,2.64,2.68,2.64,2.67,56411629.0,250457516.0,269612212539.0,0.00020923246936315962
2326,2016-06-23,2.67,2.68,2.66,2.67,25477847.0,113215027.0,269612212539.0,9.44981192063567e-05
2327,2016-06-24,2.67,2.68,2.62,2.64,44452637.0,196323322.0,269612212539.0,0.00016487619971432055
2328,2016-06-27,2.64,2.66,2.64,2.66,31933930.0,140606432.0,269612212539.0,0.00011844392989201365
2329,2016-06-28,2.65,2.66,2.62,2.66,64395143.0,282442800.0,269612212539.0,0.0002388435686706332
2330,2016-06-29,2.65,2.66,2.64,2.66,53792231.0,236875608.0,269612212539.0,0.0001995170415072308
2331,2016-06-30,2.66,2.67,2.64,2.67,44120661.0,195605551.0,269612212539.0,0.00016364489050590706
2332,2016-07-01,2.67,2.7,2.67,2.69,53452780.0,239064522.0,269612212539.0,0.00019825800729359743
2333,2016-07-04,2.69,2.74,2.69,2.73,64872069.0,293563167.0,269612212539.0,0.00024061250189331135
2334,2016-07-05,2.73,2.75,2.71,2.74,67474926.0,306304670.0,269612212539.0,0.00025026657867079967
2335,2016-07-06,2.73,2.74,2.7,2.74,67726987.0,307025862.0,269612212539.0,0.0002512014806829388
2336,2016-07-07,2.74,2.77,2.72,2.76,111989706.0,512053951.0,269612212539.0,0.00041537326868604083
2337,2016-07-08,2.75,2.75,2.7,2.72,115400788.0,496377386.0,269612212539.0,0.0004280250768807701
2338,2016-07-11,2.71,2.73,2.7,2.7,75103755.0,322028871.0,269612212539.0,0.00027856214038945315
2339,2016-07-12,2.7,2.75,2.7,2.75,141273663.0,608650304.0,269612212539.0,0.0005239883671054569
2340,2016-07-13,2.74,2.77,2.72,2.75,136168870.0,591082774.0,269612212539.0,0.0005050545326477111
2341,2016-07-14,2.75,2.75,2.72,2.73,57044041.0,246123637.0,269612212539.0,0.00021157810494859707
2342,2016-07-15,2.73,2.74,2.72,2.74,55305234.0,238627366.0,269612212539.0,0.00020512881623268447
2343,2016-07-18,2.73,2.75,2.73,2.75,58448115.0,253685834.0,269612212539.0,0.00021678585865818431
2344,2016-07-19,2.75,2.75,2.72,2.72,83653833.0,360670789.0,269612212539.0,0.00031027464302233447
2345,2016-07-20,2.72,2.73,2.7,2.71,52772357.0,226295902.0,269612212539.0,0.00019573429743048587
2346,2016-07-21,2.71,2.72,2.7,2.71,74667293.0,319909889.0,269612212539.0,0.0002769432893890117
2347,2016-07-22,2.71,2.72,2.69,2.71,70445357.0,300284451.0,269612212539.0,0.00026128399873507187
2348,2016-07-25,2.7,2.72,2.7,2.72,66019787.0,283002834.0,269612212539.0,0.0002448694233034792
2349,2016-07-26,2.72,2.74,2.7,2.73,59875814.0,257577499.0,269612212539.0,0.0002220812382203897
2350,2016-07-27,2.73,2.74,2.69,2.73,104570068.0,448543022.0,269612212539.0,0.0003878536028291883
2351,2016-07-28,2.72,2.73,2.71,2.72,57911779.0,248621817.0,269612212539.0,0.0002147965719157582
2352,2016-07-29,2.72,2.72,2.71,2.72,35004529.0,150323737.0,269612212539.0,0.0001298328761533253
2353,2016-08-01,2.72,2.74,2.72,2.74,73572877.0,317506882.0,269612212539.0,0.00027288406673847356
2354,2016-08-02,2.74,2.75,2.73,2.75,45228648.0,195735431.0,269612212539.0,0.00016775444841341368
2355,2016-08-03,2.74,2.75,2.74,2.74,67941362.0,294318742.0,269612212539.0,0.0002519966041603999
2356,2016-08-04,2.74,2.74,2.73,2.74,52886153.0,228364237.0,269612212539.0,0.00019615637029924934
2357,2016-08-05,2.73,2.74,2.72,2.74,58463993.0,252398294.0,269612212539.0,0.0002168447506492053
2358,2016-08-08,2.74,2.75,2.74,2.75,47988242.0,208067038.0,269612212539.0,0.00017798986755119037
2359,2016-08-09,2.74,2.77,2.74,2.77,90851724.0,395402689.0,269612212539.0,0.00033697184242667826
2360,2016-08-10,2.77,2.78,2.75,2.77,66893288.0,292771229.0,269612212539.0,0.000248109265415133
2361,2016-08-11,2.77,2.83,2.77,2.8,127544975.0,565050823.0,269612212539.0,0.00047306824048836565
2362,2016-08-12,2.8,2.86,2.79,2.85,139550563.0,623687437.0,269612212539.0,0.0005175973361362988
2363,2016-08-15,2.86,2.92,2.84,2.9,190796136.0,869842020.0,269612212539.0,0.0007076687446878947
2364,2016-08-16,2.91,2.91,2.78,2.81,379202626.0,1690569282.0,269612212539.0,0.0014064742187639126
2365,2016-08-17,2.81,2.82,2.79,2.81,111953777.0,495822610.0,269612212539.0,0.0004152400069184761
2366,2016-08-18,2.81,2.82,2.79,2.81,120802807.0,535750845.0,269612212539.0,0.00044806133172667616
2367,2016-08-19,2.81,2.81,2.79,2.81,77286861.0,341969334.0,269612212539.0,0.0002866593477801763
2368,2016-08-22,2.81,2.84,2.81,2.83,120534917.0,537380974.0,269612212539.0,0.00044706771946602516
2369,2016-08-23,2.83,2.87,2.82,2.86,140575529.0,633880193.0,269612212539.0,0.0005213989665978704
2370,2016-08-24,2.86,2.87,2.85,2.86,97280725.0,439059216.0,269612212539.0,0.00036081720514024614
2371,2016-08-25,2.86,2.87,2.84,2.86,127172549.0,573139608.0,269612212539.0,0.0004716869009841467
2372,2016-08-26,2.86,2.86,2.84,2.85,66375925.0,298860433.0,269612212539.0,0.00024619035011404976
2373,2016-08-29,2.84,2.85,2.81,2.84,85397545.0,381490378.0,269612212539.0,0.00031674212453431446
2374,2016-08-30,2.84,2.86,2.83,2.86,73462568.0,329623638.0,269612212539.0,0.000272474927260105
2375,2016-08-31,2.85,2.87,2.84,2.87,62221953.0,280764471.0,269612212539.0,0.00023078314002930952
2376,2016-09-01,2.86,2.88,2.85,2.86,55451775.0,250704767.0,269612212539.0,0.0002056723413149498
2377,2016-09-02,2.86,2.88,2.86,2.87,74471958.0,336919959.0,269612212539.0,0.0002762187858579569
2378,2016-09-05,2.86,2.88,2.85,2.87,85903781.0,388599263.0,269612212539.0,0.00031861976944970113
2379,2016-09-06,2.86,2.88,2.81,2.82,202747495.0,911490691.0,269612212539.0,0.0007519967033046477
2380,2016-09-07,2.83,2.84,2.82,2.84,94756451.0,424103066.0,269612212539.0,0.00035145459513000833
2381,2016-09-08,2.82,2.84,2.82,2.84,66651637.0,298582853.0,269612212539.0,0.0002472129744136078
2382,2016-09-09,2.84,2.84,2.83,2.84,51363680.0,230162500.0,269612212539.0,0.00019050947105213244
2383,2016-09-12,2.82,2.82,2.8,2.82,112496998.0,499502233.0,269612212539.0,0.0004172548303379509
2384,2016-09-13,2.82,2.82,2.8,2.81,59140534.0,262175580.0,269612212539.0,0.0002193540620547565
2385,2016-09-14,2.8,2.81,2.75,2.77,77542821.0,340057302.0,269612212539.0,0.00028760871130339933
2386,2016-09-19,2.77,2.79,2.76,2.79,50569217.0,221615235.0,269612212539.0,0.00018756278331674256
2387,2016-09-20,2.79,2.79,2.77,2.79,44893767.0,196916269.0,269612212539.0,0.00016651236447053013
2388,2016-09-21,2.78,2.8,2.77,2.79,64520861.0,283608513.0,269612212539.0,0.0002393098606045782
2389,2016-09-22,2.8,2.82,2.79,2.81,75787325.0,335933667.0,269612212539.0,0.00028109752257248806
2390,2016-09-23,2.81,2.82,2.81,2.81,52577108.0,233745765.0,269612212539.0,0.00019501011287607979
2391,2016-09-26,2.81,2.82,2.79,2.79,69287712.0,306947978.0,269612212539.0,0.0002569902577761658
2392,2016-09-27,2.79,2.82,2.78,2.81,45716057.0,201943910.0,269612212539.0,0.0001695622634059541
2393,2016-09-28,2.81,2.81,2.8,2.81,29460797.0,130526729.0,269612212539.0,0.00010927100342584975
2394,2016-09-29,2.81,2.81,2.8,2.81,42713318.0,189275382.0,269612212539.0,0.00015842501197463904
2395,2016-09-30,2.81,2.81,2.8,2.81,26057004.0,115474513.0,269612212539.0,9.66462303566119e-05
2396,2016-10-10,2.81,2.82,2.81,2.82,78484966.0,348472060.0,269612212539.0,0.00029110315612519586
2397,2016-10-11,2.82,2.82,2.81,2.82,55342680.0,246098904.0,269612212539.0,0.00020526770459997082
2398,2016-10-12,2.81,2.82,2.8,2.81,59244398.0,262766932.0,269612212539.0,0.00021973929682962774
2399,2016-10-13,2.81,2.81,2.79,2.8,47888441.0,211778426.0,269612212539.0,0.00017761970256845405
2400,2016-10-14,2.79,2.81,2.78,2.8,67662149.0,298373650.0,269612212539.0,0.00025096099454401577
2401,2016-10-17,2.79,2.8,2.76,2.77,60322226.0,264825182.0,269612212539.0,0.00022373699407727778
2402,2016-10-18,2.77,2.79,2.77,2.79,60521378.0,265602083.0,269612212539.0,0.00022447565497889102
2403,2016-10-19,2.79,2.81,2.78,2.79,53880138.0,237802799.0,269612212539.0,0.00019984309127764796
2404,2016-10-20,2.79,2.79,2.77,2.78,50365908.0,221513311.0,269612212539.0,0.00018680870397409931
2405,2016-10-21,2.78,2.79,2.77,2.79,33583795.0,147547919.0,269612212539.0,0.00012456332999063248
2406,2016-10-24,2.79,2.82,2.78,2.81,147965394.0,655163378.0,269612212539.0,0.0005488082034807547
2407,2016-10-25,2.81,2.82,2.8,2.82,82503339.0,366389609.0,269612212539.0,0.00030600742534266957
2408,2016-10-26,2.81,2.81,2.79,2.8,81485905.0,360845493.0,269612212539.0,0.0003022337313010733
2409,2016-10-27,2.79,2.8,2.78,2.8,62037326.0,273559461.0,269612212539.0,0.00023009835280004672
2410,2016-10-28,2.79,2.82,2.79,2.81,81003113.0,359216962.0,269612212539.0,0.0003004430409037303
2411,2016-10-31,2.8,2.81,2.79,2.81,67620002.0,298402976.0,269612212539.0,0.000250804670022945
2412,2016-11-01,2.8,2.81,2.79,2.81,60044424.0,265994296.0,269612212539.0,0.0002227066179033505
2413,2016-11-02,2.8,2.81,2.79,2.8,56576605.0,249801737.0,269612212539.0,0.00020984437042819812
2414,2016-11-03,2.8,2.81,2.79,2.8,59317374.0,262246929.0,269612212539.0,0.0002200099670611902
2415,2016-11-04,2.8,2.8,2.78,2.79,92834063.0,408732170.0,269612212539.0,0.0003443243988310483
2416,2016-11-07,2.79,2.79,2.78,2.79,57769848.0,254331480.0,269612212539.0,0.00021427014546547465
2417,2016-11-08,2.79,2.82,2.79,2.81,169272738.0,748965999.0,269612212539.0,0.0006278377986142387
2418,2016-11-09,2.8,2.81,2.77,2.79,127193116.0,560026597.0,269612212539.0,0.00047176318462058254
2419,2016-11-10,2.8,2.81,2.79,2.81,73081234.0,323330496.0,269612212539.0,0.00027106054770953164
2420,2016-11-11,2.8,2.81,2.76,2.79,192367518.0,846656746.0,269612212539.0,0.000713497048922343
2421,2016-11-14,2.79,2.79,2.78,2.79,190875086.0,839508004.0,269612212539.0,0.0007079615726694483
2422,2016-11-15,2.79,2.79,2.78,2.79,74971347.0,329518931.0,269612212539.0,0.00027807103503946516
2423,2016-11-16,2.79,2.79,2.78,2.79,69330906.0,304672031.0,269612212539.0,0.00025715046565248276
2424,2016-11-17,2.78,2.79,2.77,2.78,53452620.0,234759354.0,269612212539.0,0.00019825741384866963
2425,2016-11-18,2.78,2.79,2.77,2.78,56792920.0,249517930.0,269612212539.0,0.00021064668942540865
2426,2016-11-21,2.78,2.8,2.78,2.8,125320308.0,552525537.0,269612212539.0,0.00046481688206861975
2427,2016-11-22,2.79,2.81,2.79,2.81,240278889.0,1061212372.0,269612212539.0,0.00089120179956701
2428,2016-11-23,2.8,2.83,2.79,2.82,230905200.0,1026788162.0,269612212539.0,0.0008564344983690198
2429,2016-11-24,2.81,2.82,2.81,2.81,99859805.0,443125768.0,269612212539.0,0.0003703830922924349
2430,2016-11-25,2.81,2.85,2.81,2.85,205461301.0,917957444.0,269612212539.0,0.0007620622933402157
2431,2016-11-28,2.85,2.89,2.85,2.88,242278688.0,1100768249.0,269612212539.0,0.0008986191156491246
2432,2016-11-29,2.88,2.89,2.87,2.89,146817838.0,668112797.0,269612212539.0,0.0005445518829335762
2433,2016-11-30,2.89,2.89,2.85,2.86,121384447.0,549680216.0,269612212539.0,0.00045021865240040443
2434,2016-12-01,2.86,2.88,2.85,2.86,109041099.0,493593121.0,269612212539.0,0.00040443679450991846
2435,2016-12-02,2.86,2.88,2.83,2.86,175955035.0,793611986.0,269612212539.0,0.000652622643992982
2436,2016-12-05,2.85,2.89,2.84,2.89,182637021.0,829216078.0,269612212539.0,0.0006774063358631469
2437,2016-12-06,2.88,2.9,2.88,2.88,108282724.0,493575012.0,269612212539.0,0.00040162395827799037
2438,2016-12-07,2.88,2.89,2.86,2.87,68071144.0,308635958.0,269612212539.0,0.0002524779695955107
2439,2016-12-08,2.88,2.88,2.86,2.88,85539288.0,387851238.0,269612212539.0,0.00031726785368680786
2440,2016-12-09,2.88,2.93,2.87,2.91,243020568.0,1113653218.0,269612212539.0,0.0009013707714180289
2441,2016-12-12,2.91,2.96,2.89,2.93,267941471.0,1237222020.0,269612212539.0,0.000993803168175261
2442,2016-12-13,2.91,2.92,2.88,2.89,117361944.0,536568981.0,269612212539.0,0.00043529906488573225
2443,2016-12-14,2.89,2.91,2.89,2.89,74006731.0,338897632.0,269612212539.0,0.0002744932445865922
2444,2016-12-15,2.89,2.89,2.81,2.82,125354573.0,562236088.0,269612212539.0,0.0004649439720089356
2445,2016-12-16,2.82,2.82,2.79,2.81,106381972.0,471566489.0,269612212539.0,0.00039457401056938995
2446,2016-12-19,2.81,2.82,2.79,2.81,49766289.0,220655675.0,269612212539.0,0.0001845846986356421
2447,2016-12-20,2.81,2.82,2.77,2.79,102928182.0,452756023.0,269612212539.0,0.00038176379708731187
2448,2016-12-21,2.78,2.81,2.78,2.8,73573845.0,324687352.0,269612212539.0,0.0002728876570802867
2449,2016-12-22,2.8,2.81,2.78,2.79,60826555.0,268013232.0,269612212539.0,0.0002256075658709314
2450,2016-12-23,2.79,2.79,2.77,2.79,60063435.0,263871387.0,269612212539.0,0.00022277713028786368
2451,2016-12-26,2.77,2.79,2.75,2.79,89013884.0,389851608.0,269612212539.0,0.0003301552372636827
2452,2016-12-27,2.78,2.79,2.77,2.78,48688669.0,214096549.0,269612212539.0,0.00018058777286639817
2453,2016-12-28,2.78,2.78,2.75,2.77,92805354.0,405449448.0,269612212539.0,0.0003442179162658498
2454,2016-12-29,2.76,2.78,2.76,2.77,79000475.0,345590764.0,269612212539.0,0.0002930151948831784
2455,2016-12-30,2.77,2.79,2.77,2.79,87610736.0,384672848.0,269612212539.0,0.000324950918116615
2456,2017-01-03,2.79,2.81,2.78,2.81,104161632.0,460087750.0,269612212539.0,0.00038633870112590984
2457,2017-01-04,2.8,2.81,2.79,2.81,118923425.0,526408823.0,269612212539.0,0.000441090646006243
2458,2017-01-05,2.81,2.82,2.8,2.81,87356137.0,387580728.0,269612212539.0,0.0003240066025843089
2459,2017-01-06,2.81,2.82,2.81,2.81,87008191.0,386138117.0,269612212539.0,0.00032271606015404095
2460,2017-01-09,2.82,2.84,2.81,2.82,117454094.0,523539384.0,269612212539.0,0.0004356408520738281
2461,2017-01-10,2.82,2.83,2.81,2.82,63663257.0,283646229.0,269612212539.0,0.0002361289809555306
2462,2017-01-11,2.82,2.84,2.82,2.83,52395427.0,233898107.0,269612212539.0,0.0001943362524515498
2463,2017-01-12,2.82,2.83,2.81,2.83,62166279.0,277258300.0,269612212539.0,0.00023057664344862535
2464,2017-01-13,2.82,2.84,2.81,2.84,93851289.0,419357047.0,269612212539.0,0.00034809732139423844
2465,2017-01-16,2.83,2.9,2.81,2.88,302311399.0,1364412975.0,269612212539.0,0.0011212822896747305
2466,2017-01-17,2.86,2.88,2.86,2.87,90022291.0,407014730.0,269612212539.0,0.0003338954498842595
2467,2017-01-18,2.86,2.88,2.86,2.87,68290432.0,308822017.0,269612212539.0,0.0002532913155412856
2468,2017-01-19,2.87,2.89,2.85,2.87,110598840.0,500585770.0,269612212539.0,0.0004102145038552422
2469,2017-01-20,2.86,2.87,2.85,2.86,67870182.0,306500362.0,269612212539.0,0.00025173259534815186
2470,2017-01-23,2.86,2.87,2.86,2.87,77011069.0,348112266.0,269612212539.0,0.0002856364267581543
2471,2017-01-24,2.86,2.89,2.86,2.88,117283449.0,532631883.0,269612212539.0,0.000435007924513192
2472,2017-01-25,2.88,2.89,2.87,2.89,68255713.0,310690168.0,269612212539.0,0.00025316254170098715
2473,2017-01-26,2.89,2.91,2.89,2.91,84502233.0,386971697.0,269612212539.0,0.0003134213847519113
2474,2017-02-03,2.91,2.91,2.88,2.89,53137727.0,242482106.0,269612212539.0,0.00019708946601338954
2475,2017-02-06,2.89,2.89,2.88,2.89,55128293.0,251005935.0,269612212539.0,0.0002044725366141401
2476,2017-02-07,2.88,2.89,2.88,2.88,68414436.0,311360297.0,269612212539.0,0.00025375125019644167
2477,2017-02-08,2.88,2.89,2.86,2.89,55511309.0,251930028.0,269612212539.0,0.00020589315475451678
2478,2017-02-09,2.88,2.89,2.88,2.89,65501269.0,298864411.0,269612212539.0,0.00024294622407182353
2479,2017-02-10,2.89,2.91,2.89,2.91,59720167.0,273504007.0,269612212539.0,0.00022150393870367185
2480,2017-02-13,2.91,2.93,2.9,2.93,93998902.0,433628174.0,269612212539.0,0.00034864482255751993
2481,2017-02-14,2.93,2.94,2.92,2.93,80645823.0,372864457.0,269612212539.0,0.00029911784128967974
2482,2017-02-15,2.93,2.97,2.93,2.96,156678868.0,729898537.0,269612212539.0,0.0005811267469100126
2483,2017-02-16,2.96,2.99,2.95,2.96,103172534.0,483137636.0,269612212539.0,0.0003826701061810242
2484,2017-02-17,2.98,2.98,2.93,2.94,95376937.0,444519269.0,269612212539.0,0.000353755996814141
2485,2017-02-20,2.93,2.98,2.93,2.96,155702505.0,728360221.0,269612212539.0,0.0005775053864723479
2486,2017-02-21,2.96,2.98,2.95,2.96,90739831.0,425412580.0,269612212539.0,0.00033655682784352464
2487,2017-02-22,2.96,2.98,2.96,2.98,60973525.0,285950423.0,269612212539.0,0.00022615268212740935
2488,2017-02-23,2.98,2.99,2.97,2.98,61309086.0,288149505.0,269612212539.0,0.000227397288211236
2489,2017-02-24,2.98,2.98,2.96,2.98,54287246.0,254734807.0,269612212539.0,0.0002013530673880258
2490,2017-02-27,2.96,2.98,2.96,2.97,58505320.0,274228814.0,269612212539.0,0.00021699803376502123
2491,2017-02-28,2.96,2.98,2.96,2.97,49814935.0,233271741.0,269612212539.0,0.00018476512814787335
2492,2017-03-01,2.96,2.98,2.94,2.96,93299143.0,436965708.0,269612212539.0,0.00034604939487488563
2493,2017-03-02,2.96,2.97,2.96,2.96,50636315.0,237114179.0,269612212539.0,0.00018781165186527055
2494,2017-03-03,2.95,2.96,2.94,2.94,42939726.0,200181544.0,269612212539.0,0.00015926476621970034
2495,2017-03-06,2.94,2.96,2.93,2.94,95469655.0,444384940.0,269612212539.0,0.0003540998907317305
2496,2017-03-07,2.94,2.96,2.93,2.96,85552347.0,398252098.0,269612212539.0,0.0003173162899200075
2497,2017-03-08,2.95,2.98,2.95,2.97,63630200.0,297861104.0,269612212539.0,0.00023600637152441955
2498,2017-03-09,2.96,2.99,2.96,2.98,128547007.0,604436588.0,269612212539.0,0.00047678480803760103
2499,2017-03-10,2.98,2.98,2.96,2.98,52331446.0,245851158.0,269612212539.0,0.0001940989449520212
2500,2017-03-13,2.98,3.0,2.96,3.0,67420857.0,317462710.0,269612212539.0,0.0002500660350845473
2501,2017-03-14,2.99,3.02,2.99,3.01,69701533.0,330953825.0,269612212539.0,0.00025852513261029493
2502,2017-03-15,3.01,3.01,2.98,3.01,58352533.0,276534270.0,269612212539.0,0.0002164313420763875
2503,2017-03-16,3.0,3.01,2.97,2.98,118257619.0,559053138.0,269612212539.0,0.00043862115104631536
2504,2017-03-17,2.98,2.99,2.96,2.97,81224950.0,381978603.0,269612212539.0,0.00030126584116901096
2505,2017-03-20,2.98,3.0,2.97,2.98,83580778.0,393812178.0,269612212539.0,0.0003100036797773389
2506,2017-03-21,2.98,2.99,2.97,2.98,57111312.0,268888793.0,269612212539.0,0.00021182761515945323
2507,2017-03-22,2.98,2.98,2.94,2.95,112956144.0,528460211.0,269612212539.0,0.000418957816993029
2508,2017-03-23,2.96,2.97,2.94,2.96,89150340.0,416701715.0,269612212539.0,0.0003306613567703437
2509,2017-03-24,2.96,2.97,2.93,2.97,96980598.0,452381998.0,269612212539.0,0.00035970402485373894
2510,2017-03-27,2.96,3.01,2.95,3.01,157533741.0,743929161.0,269612212539.0,0.0005842974971959491
2511,2017-03-28,3.01,3.01,2.99,3.01,76414039.0,362490509.0,269612212539.0,0.0002834220241004348
2512,2017-03-29,3.0,3.03,3.0,3.03,98222012.0,467762713.0,269612212539.0,0.00036430846761361735
2513,2017-03-30,3.02,3.06,3.0,3.05,127671435.0,607688496.0,269612212539.0,0.0004735372845231632
2514,2017-03-31,3.03,3.09,3.02,3.07,130354357.0,629464878.0,269612212539.0,0.00048348832485154564
2515,2017-04-05,3.07,3.08,3.05,3.07,109486990.0,529500135.0,269612212539.0,0.00040609061796176044
2516,2017-04-06,3.07,3.08,3.04,3.06,62979558.0,303787354.0,269612212539.0,0.00023359312030752266
2517,2017-04-07,3.05,3.08,3.05,3.08,89335104.0,433073222.0,269612212539.0,0.00033134665213682587
2518,2017-04-10,3.08,3.08,3.05,3.06,58855666.0,284177676.0,269612212539.0,0.00021829747786920593
2519,2017-04-11,3.05,3.06,3.03,3.04,81013654.0,388871585.0,269612212539.0,0.0003004821377973789
2520,2017-04-12,3.03,3.09,3.03,3.07,113810215.0,548277448.0,269612212539.0,0.00042212559263626496
2521,2017-04-13,3.07,3.07,3.03,3.05,79977033.0,385351338.0,269612212539.0,0.0002966372785818489
2522,2017-04-14,3.04,3.05,3.03,3.05,45011667.0,216116057.0,269612212539.0,0.00016694965920169126
2523,2017-04-17,3.03,3.06,3.01,3.06,112989883.0,540611451.0,269612212539.0,0.00041908295598314473
2524,2017-04-18,3.04,3.05,3.02,3.03,61091798.0,292283671.0,269612212539.0,0.0002265913603270584
2525,2017-04-19,3.02,3.03,3.0,3.0,89715577.0,426318391.0,269612212539.0,0.0003327578382118816
2526,2017-04-20,3.0,3.02,2.99,3.0,64197339.0,304725880.0,269612212539.0,0.00023810990754253653
2527,2017-04-21,3.0,3.06,2.99,3.05,125002644.0,597576218.0,269612212539.0,0.0004636386565089966
2528,2017-04-24,3.03,3.07,3.03,3.05,92729293.0,446364424.0,269612212539.0,0.00034393580367427347
2529,2017-04-25,3.05,3.06,3.04,3.05,63745827.0,307119446.0,269612212539.0,0.00023643523562857534
2530,2017-04-26,3.05,3.08,3.05,3.08,85523283.0,414075215.0,269612212539.0,0.00031720849064887545
2531,2017-04-27,3.08,3.09,3.06,3.09,103045540.0,500778726.0,269612212539.0,0.00038219908152378014
2532,2017-04-28,3.08,3.09,3.06,3.09,66062290.0,320794707.0,269612212539.0,0.00024502706823951434
2533,2017-05-02,3.08,3.08,3.05,3.05,42386657.0,205273096.0,269612212539.0,0.00015721341626492042
2534,2017-05-03,3.05,3.06,3.03,3.05,76817862.0,369536251.0,269612212539.0,0.00028491981604463905
2535,2017-05-04,3.04,3.05,3.03,3.05,71789608.0,344687610.0,269612212539.0,0.0002662698670951913
2536,2017-05-05,3.03,3.08,3.03,3.08,125587515.0,605112334.0,269612212539.0,0.00046580796106123525
2537,2017-05-08,3.06,3.1,3.05,3.1,141458489.0,688241515.0,269612212539.0,0.0005246738924318486
2538,2017-05-09,3.08,3.11,3.08,3.08,77237372.0,377718384.0,269612212539.0,0.00028647579155498173
2539,2017-05-10,3.08,3.11,3.08,3.1,92043116.0,449950713.0,269612212539.0,0.0003413907520479465
2540,2017-05-11,3.1,3.14,3.1,3.12,106264449.0,524557064.0,269612212539.0,0.0003941381141428399
2541,2017-05-12,3.12,3.2,3.11,3.2,165151106.0,826699747.0,269612212539.0,0.0006125505385855269
2542,2017-05-15,3.2,3.24,3.17,3.23,155419012.0,789661963.0,269612212539.0,0.0005764539022041455
2543,2017-05-16,3.22,3.22,3.15,3.17,149869732.0,750102368.0,269612212539.0,0.000555871451773799
2544,2017-05-17,3.16,3.17,3.13,3.14,118255241.0,586105486.0,269612212539.0,0.0004386123309710762
2545,2017-05-18,3.13,3.18,3.12,3.17,70772200.0,352948738.0,269612212539.0,0.0002624962694883958
2546,2017-05-19,3.17,3.17,3.15,3.15,44994834.0,224590420.0,269612212539.0,0.00016688722508625755
2547,2017-05-22,3.14,3.2,3.14,3.19,100114561.0,501217542.0,269612212539.0,0.0003713279901425764
2548,2017-05-23,3.19,3.24,3.18,3.23,137390290.0,697930661.0,269612212539.0,0.0005095848170458012
2549,2017-05-24,3.23,3.25,3.2,3.24,95807853.0,487960967.0,269612212539.0,0.0003553542775297732
2550,2017-05-25,3.24,3.36,3.22,3.27,251275643.0,1302498438.0,269612212539.0,0.0009319890988382153
2551,2017-05-26,3.25,3.32,3.25,3.31,112049688.0,582681277.0,269612212539.0,0.0004155957437714056
2552,2017-05-31,3.3,3.35,3.28,3.32,117707354.0,616451183.0,269612212539.0,0.00043658020121389483
2553,2017-06-01,3.32,3.37,3.31,3.36,114488351.0,602099063.0,269612212539.0,0.00042464081994594
2554,2017-06-02,3.36,3.42,3.34,3.36,120950101.0,645472311.0,269612212539.0,0.0004486076497091329
2555,2017-06-05,3.34,3.34,3.23,3.26,312940449.0,1613933715.0,269612212539.0,0.001160705763485148
2556,2017-06-06,3.24,3.26,3.23,3.26,110425338.0,565692984.0,269612212539.0,0.0004095709795936144
2557,2017-06-07,3.25,3.3,3.24,3.27,162508706.0,838740021.0,269612212539.0,0.0006027497956031675
2558,2017-06-08,3.26,3.28,3.24,3.27,142465432.0,733354026.0,269612212539.0,0.0005284086750313362
2559,2017-06-09,3.27,3.31,3.26,3.27,231780237.0,1199941141.0,269612212539.0,0.0008596800375519802
2560,2017-06-12,3.27,3.29,3.25,3.26,160685574.0,830351448.0,269612212539.0,0.0005959877428651586
2561,2017-06-13,3.26,3.27,3.24,3.26,93243486.0,479603365.0,269612212539.0,0.000345842961347725
2562,2017-06-14,3.26,3.27,3.24,3.26,73448903.0,377537388.0,269612212539.0,0.00027242424335424144
2563,2017-06-15,3.26,3.26,3.19,3.2,197601299.0,1004445224.0,269612212539.0,0.0007329093038447453
2564,2017-06-16,3.19,3.2,3.17,3.19,138772483.0,697851516.0,269612212539.0,0.0005147114134524831
2565,2017-06-19,3.19,3.2,3.16,3.17,205078202.0,1028985301.0,269612212539.0,0.0007606413673502827
2566,2017-06-20,3.17,3.2,3.15,3.19,196928148.0,989599825.0,269612212539.0,0.0007304125660536015
2567,2017-06-21,3.2,3.2,3.17,3.2,114963498.0,579457178.0,269612212539.0,0.00042640315480282735
2568,2017-06-22,3.2,3.28,3.19,3.23,312153830.0,1598284141.0,269612212539.0,0.0011577881693873428
2569,2017-06-23,3.23,3.26,3.2,3.26,163591643.0,836120176.0,269612212539.0,0.0006067664422891679
2570,2017-06-26,3.25,3.32,3.21,3.24,302039258.0,1554208978.0,269612212539.0,0.0011202729103241544
2571,2017-06-27,3.23,3.24,3.2,3.22,210133173.0,1069298111.0,269612212539.0,0.000779390410475578
2572,2017-06-28,3.22,3.26,3.2,3.21,245079211.0,1252574020.0,269612212539.0,0.0009090063417084593
2573,2017-06-29,3.22,3.29,3.22,3.28,181493451.0,933437347.0,269612212539.0,0.0006731647995127319
2574,2017-06-30,3.27,3.32,3.26,3.32,204193364.0,1066988996.0,269612212539.0,0.0007573594759564647
2575,2017-07-03,3.32,3.34,3.31,3.32,99661565.0,521850457.0,269612212539.0,0.00036964781402690997
2576,2017-07-04,3.32,3.34,3.28,3.32,135732005.0,709171868.0,269612212539.0,0.0005034341869078578
2577,2017-07-05,3.32,3.32,3.29,3.31,104258199.0,544623294.0,269612212539.0,0.00038669687110304333
2578,2017-07-06,3.3,3.33,3.3,3.31,107456856.0,562347817.0,269612212539.0,0.0003985607884303688
2579,2017-07-07,3.31,3.31,3.29,3.3,162110054.0,844999124.0,269612212539.0,0.000601271183057223
2580,2017-07-10,3.3,3.32,3.28,3.31,139879018.0,729039119.0,269612212539.0,0.0005188155858472702
2581,2017-07-11,3.32,3.37,3.3,3.35,248928284.0,1249932391.0,269612212539.0,0.0009232826720117212
2582,2017-07-12,3.35,3.41,3.35,3.37,219835288.0,1122631870.0,269612212539.0,0.0008153758538226466
2583,2017-07-13,3.38,3.44,3.37,3.42,210364710.0,1080716841.0,269612212539.0,0.0007802491883396056
2584,2017-07-14,3.43,3.44,3.41,3.43,91906757.0,474780292.0,269612212539.0,0.000340884992317273
2585,2017-07-17,3.44,3.56,3.43,3.54,317888285.0,1679932657.0,269612212539.0,0.0011790574395958296
2586,2017-07-18,3.51,3.57,3.48,3.5,184737254.0,980266595.0,269612212539.0,0.0006851961647444933
2587,2017-07-19,3.49,3.55,3.47,3.49,240727881.0,1272124086.0,269612212539.0,0.0008928671247233587
2588,2017-07-20,3.49,3.51,3.46,3.51,175480490.0,923684742.0,269612212539.0,0.0006508625419726355
2589,2017-07-21,3.5,3.55,3.49,3.53,126338183.0,672091115.0,269612212539.0,0.0004685922117927982
2590,2017-07-24,3.53,3.61,3.53,3.57,171122778.0,923957625.0,269612212539.0,0.0006346996539529778
2591,2017-07-25,3.58,3.7,3.58,3.63,244455684.0,1343183304.0,269612212539.0,0.0009066936608616679
2592,2017-07-26,3.63,3.75,3.62,3.71,224449400.0,1252080193.0,269612212539.0,0.0008324897373390788
2593,2017-07-27,3.69,3.71,3.63,3.67,182652326.0,1009318855.0,269612212539.0,0.0006774631025795204
2594,2017-07-28,3.65,3.71,3.59,3.68,147287262.0,813887749.0,269612212539.0,0.0005462929910072029
2595,2017-07-31,3.67,3.71,3.65,3.65,122622128.0,680532268.0,269612212539.0,0.00045480924934831145
2596,2017-08-01,3.65,3.69,3.65,3.69,139179506.0,770611801.0,269612212539.0,0.0005162210742952431
2597,2017-08-02,3.69,3.78,3.68,3.78,220963054.0,1251334053.0,269612212539.0,0.0008195587726503198
2598,2017-08-03,3.78,3.83,3.72,3.75,160567260.0,912529257.0,269612212539.0,0.0005955489125952468
2599,2017-08-04,3.73,3.77,3.72,3.76,113675380.0,642953154.0,269612212539.0,0.0004216254854685286
2600,2017-08-07,3.74,3.77,3.69,3.75,110553683.0,623270422.0,269612212539.0,0.00041004701515146746
2601,2017-08-08,3.73,3.79,3.69,3.77,118299803.0,667331920.0,269612212539.0,0.00043877761280152573
2602,2017-08-09,3.75,3.76,3.66,3.67,138563730.0,774263820.0,269612212539.0,0.0005139371421461721
2603,2017-08-10,3.67,3.69,3.6,3.66,155640428.0,854624699.0,269612212539.0,0.00057727514096746
2604,2017-08-11,3.62,3.69,3.57,3.68,222530160.0,1215122180.0,269612212539.0,0.000825371217069073
2605,2017-08-14,3.65,3.68,3.61,3.64,146266383.0,802259124.0,269612212539.0,0.0005425065193545053
2606,2017-08-15,3.64,3.78,3.64,3.72,260186392.0,1465479916.0,269612212539.0,0.0009650393413182775
2607,2017-08-16,3.72,3.78,3.68,3.73,145172010.0,818380832.0,269612212539.0,0.0005384474561922916
2608,2017-08-17,3.73,3.75,3.7,3.73,60567130.0,340043653.0,269612212539.0,0.00022464535055599096
2609,2017-08-18,3.71,3.75,3.68,3.73,91504708.0,512952158.0,269612212539.0,0.0003393937801937056
2610,2017-08-21,3.71,3.75,3.69,3.73,74464483.0,416956132.0,269612212539.0,0.000276191060852737
2611,2017-08-22,3.73,3.78,3.71,3.77,86319066.0,488014186.0,269612212539.0,0.00032016007430491953
2612,2017-08-23,3.77,3.89,3.76,3.88,202140259.0,1170020925.0,269612212539.0,0.0007497444462785972
2613,2017-08-24,3.9,3.94,3.87,3.93,148216336.0,875386355.0,269612212539.0,0.0005497389550874302
2614,2017-08-25,3.91,4.1,3.91,4.08,271353319.0,1648923607.0,269612212539.0,0.0010064578174875818
2615,2017-08-28,4.07,4.1,3.98,4.01,350736230.0,2133696964.0,269612212539.0,0.0013008914792732738
2616,2017-08-29,4.0,4.03,3.96,4.03,171271879.0,1036639115.0,269612212539.0,0.0006352526741540877
2617,2017-08-30,4.03,4.05,3.91,3.96,262925061.0,1577121146.0,269612212539.0,0.0009751971489865924
2618,2017-08-31,3.94,3.96,3.87,3.91,253155276.0,1493536355.0,269612212539.0,0.000938960715525379
2619,2017-09-01,3.89,3.93,3.82,3.84,339965742.0,1987960684.0,269612212539.0,0.0012609434075647563
2620,2017-09-04,3.83,3.91,3.82,3.9,211666394.0,1238614676.0,269612212539.0,0.0007850771743857189
2621,2017-09-05,3.89,3.98,3.89,3.94,233924165.0,1393241003.0,269612212539.0,0.0008676319325340737
2622,2017-09-06,3.93,3.96,3.9,3.91,123343230.0,728517833.0,269612212539.0,0.0004574838388752814
2623,2017-09-07,3.91,3.92,3.87,3.9,115894472.0,679893182.0,269612212539.0,0.00042985616604157204
2624,2017-09-08,3.89,3.94,3.88,3.91,108732818.0,640112794.0,269612212539.0,0.00040329337078627906
2625,2017-09-11,3.93,3.96,3.9,3.91,175642889.0,1041184834.0,269612212539.0,0.0006514648848653058
2626,2017-09-12,3.9,3.94,3.87,3.93,144631718.0,849024158.0,269612212539.0,0.0005364434965240259
2627,2017-09-13,3.92,3.95,3.91,3.93,121844498.0,723510862.0,269612212539.0,0.0004519249957283553
2628,2017-09-14,3.93,3.96,3.89,3.9,176281176.0,1044554338.0,269612212539.0,0.0006538323110066854
2629,2017-09-15,3.89,3.89,3.81,3.83,202403542.0,1172719620.0,269612212539.0,0.0007507209710343588
2630,2017-09-18,3.85,3.85,3.8,3.82,127689033.0,736307003.0,269612212539.0,0.0004736025560471579
2631,2017-09-19,3.81,3.84,3.76,3.83,212680945.0,1219244260.0,269612212539.0,0.0007888401752915226
2632,2017-09-20,3.81,3.85,3.79,3.84,120030200.0,693451293.0,269612212539.0,0.00044519570856842167
2633,2017-09-21,3.83,3.95,3.83,3.94,239030148.0,1410591951.0,269612212539.0,0.0008865701807384699
2634,2017-09-22,3.94,4.01,3.93,3.96,175178547.0,1049237628.0,269612212539.0,0.0006497426260861979
2635,2017-09-25,3.94,4.07,3.94,4.05,208888584.0,1262477863.0,269612212539.0,0.0007747741915429139
2636,2017-09-26,4.04,4.06,4.02,4.02,129564418.0,790098460.0,269612212539.0,0.00048055841677148886
2637,2017-09-27,4.01,4.02,3.96,3.99,170251744.0,1023715524.0,269612212539.0,0.0006314689620203043
2638,2017-09-28,3.98,4.02,3.94,4.01,140886800.0,845388054.0,269612212539.0,0.0005225534803235978
2639,2017-09-29,4.0,4.02,3.95,3.98,137529592.0,825599597.0,269612212539.0,0.0005101014924541151
2640,2017-10-09,4.16,4.2,3.99,4.04,414399190.0,2549794027.0,269612212539.0,0.0015370193586466572
2641,2017-10-10,4.04,4.1,3.97,4.07,316079890.0,1927549818.0,269612212539.0,0.0011723500468447006
2642,2017-10-11,4.05,4.14,4.05,4.11,196126953.0,1211789130.0,269612212539.0,0.0007274409091228752
2643,2017-10-12,4.1,4.14,4.09,4.12,129540549.0,803900184.0,269612212539.0,0.00048046988591535586
2644,2017-10-13,4.11,4.12,4.06,4.07,153843698.0,949335467.0,269612212539.0,0.000570611014060597
2645,2017-10-16,4.06,4.12,4.04,4.12,179952145.0,1110111572.0,269612212539.0,0.000667448048088584
2646,2017-10-17,4.1,4.12,4.07,4.08,145514380.0,899597525.0,269612212539.0,0.0005397173170668262
2647,2017-10-18,4.09,4.17,4.06,4.16,259896911.0,1616782253.0,269612212539.0,0.0009639656473736527
2648,2017-10-19,4.14,4.24,4.14,4.2,225511382.0,1428684400.0,269612212539.0,0.0008364286612846934
2649,2017-10-20,4.19,4.2,4.13,4.14,144158795.0,903955406.0,269612212539.0,0.0005346894105516349
2650,2017-10-23,4.14,4.17,4.09,4.1,154687848.0,962512348.0,269612212539.0,0.0005737419924092795
2651,2017-10-24,4.1,4.14,4.1,4.13,156380629.0,972450630.0,269612212539.0,0.0005800205692736534
2652,2017-10-25,4.12,4.13,4.06,4.08,165866636.0,1022535463.0,269612212539.0,0.0006152044613928867
2653,2017-10-26,4.07,4.08,4.0,4.01,364883204.0,2217286009.0,269612212539.0,0.0013533630415470102
2654,2017-10-27,4.01,4.15,3.99,4.1,456396456.0,2808909770.0,269612212539.0,0.0016927885116998595
2655,2017-10-30,4.1,4.16,4.08,4.14,263233902.0,1641299660.0,269612212539.0,0.000976342649767479
2656,2017-10-31,4.14,4.14,4.04,4.04,202807487.0,1247662867.0,269612212539.0,0.0007522192154803205
2657,2017-11-01,4.05,4.06,4.02,4.04,209096869.0,1272339699.0,269612212539.0,0.0007755467270228112
2658,2017-11-02,4.04,4.04,3.97,4.04,204958070.0,1240297927.0,269612212539.0,0.000760195794062379
2659,2017-11-03,4.02,4.05,3.98,4.04,210266136.0,1273814371.0,269612212539.0,0.0007798835743376592
2660,2017-11-06,4.02,4.03,3.98,4.01,159651203.0,963361047.0,269612212539.0,0.0005921512289689255
2661,2017-11-07,4.0,4.04,3.98,4.02,342152972.0,2069480027.0,269612212539.0,0.001269055910998493
2662,2017-11-08,4.02,4.04,3.98,4.0,310705352.0,1876195231.0,269612212539.0,0.0011524157198741722
2663,2017-11-09,3.99,4.0,3.94,3.94,271419866.0,1622576916.0,269612212539.0,0.0010067046423601399
2664,2017-11-10,3.94,3.94,3.85,3.86,418466273.0,2449725064.0,269612212539.0,0.0015521042947543333
2665,2017-11-13,3.87,3.96,3.87,3.95,406579575.0,2410240641.0,269612212539.0,0.001508016165778052
2666,2017-11-14,3.95,3.96,3.9,3.92,191109921.0,1130754341.0,269612212539.0,0.0007088325829170499
2667,2017-11-15,3.9,3.94,3.89,3.92,169395753.0,1000239409.0,269612212539.0,0.0006282940650379349
2668,2017-11-16,3.91,3.92,3.86,3.88,214623274.0,1257739386.0,269612212539.0,0.0007960443333736386
2669,2017-11-17,3.89,4.0,3.89,4.0,409505367.0,2447884551.0,269612212539.0,0.0015188680184165032
2670,2017-11-20,3.98,4.07,3.96,4.05,379993825.0,2305443629.0,269612212539.0,0.0014094088002227756
2671,2017-11-21,4.03,4.09,4.0,4.06,417291209.0,2549098893.0,269612212539.0,0.0015477459461879454
2672,2017-11-22,4.07,4.17,4.07,4.13,431869596.0,2693415698.0,269612212539.0,0.001601817632565621
2673,2017-11-23,4.13,4.18,4.02,4.06,372566390.0,2305971060.0,269612212539.0,0.001381860215052786
2674,2017-11-24,4.05,4.06,3.96,4.02,306449138.0,1848711911.0,269612212539.0,0.0011366292910625162
2675,2017-11-27,4.0,4.0,3.93,3.96,332282332.0,1982702596.0,269612212539.0,0.0012324454032360817
2676,2017-11-28,3.94,3.96,3.91,3.93,199104727.0,1177612540.0,269612212539.0,0.0007384855646003018
2677,2017-11-29,3.94,3.97,3.9,3.93,185199903.0,1097060365.0,269612212539.0,0.0006869121441344592
2678,2017-11-30,3.93,3.93,3.89,3.93,164818756.0,971396079.0,269612212539.0,0.0006113178421995948
2679,2017-12-01,3.92,3.92,3.89,3.91,163447622.0,960961441.0,269612212539.0,0.0006062322639645151
2680,2017-12-04,3.89,3.93,3.87,3.91,148633125.0,874427309.0,269612212539.0,0.0005512848383249697
2681,2017-12-05,3.91,4.0,3.89,3.98,364860379.0,2176145858.0,269612212539.0,0.001353278382919031
2682,2017-12-06,3.96,3.98,3.92,3.96,205195359.0,1221972375.0,269612212539.0,0.0007610759062715605
2683,2017-12-07,3.94,3.95,3.88,3.91,164665992.0,969897035.0,269612212539.0,0.0006107512358186694
2684,2017-12-08,3.9,3.91,3.89,3.9,155417340.0,913295337.0,269612212539.0,0.0005764477007046501
2685,2017-12-11,3.9,3.91,3.86,3.91,175362071.0,1025706811.0,269612212539.0,0.0006504233222544898
2686,2017-12-12,3.9,3.91,3.87,3.87,122770430.0,719258690.0,269612212539.0,0.0004553593060338132
2687,2017-12-13,3.88,3.92,3.85,3.91,166940195.0,978478214.0,269612212539.0,0.0006191863247880573
2688,2017-12-14,3.91,3.96,3.9,3.91,146937837.0,870053895.0,269612212539.0,0.0005449969629203837
2689,2017-12-15,3.9,3.91,3.87,3.88,116848154.0,684416775.0,269612212539.0,0.0004333934019516926
2690,2017-12-18,3.89,3.93,3.88,3.93,167000651.0,983204991.0,269612212539.0,0.0006194105579540207
2691,2017-12-19,3.91,3.98,3.91,3.96,272821569.0,1628202576.0,269612212539.0,0.0010119036019577035
2692,2017-12-20,3.97,4.0,3.94,3.96,190041016.0,1136206448.0,269612212539.0,0.0007048679813512162
2693,2017-12-21,3.96,3.97,3.94,3.95,146581853.0,874744841.0,269612212539.0,0.0005436766073005562
2694,2017-12-22,3.96,3.96,3.93,3.93,118660402.0,704959350.0,269612212539.0,0.000440115085598489
2695,2017-12-25,3.93,4.0,3.93,3.98,239636448.0,1437036003.0,269612212539.0,0.0008888189661116929
2696,2017-12-26,3.98,4.04,3.96,4.03,216532909.0,1313822197.0,269612212539.0,0.0008031272284028233
2697,2017-12-27,4.04,4.08,3.99,4.01,215140064.0,1310856357.0,269612212539.0,0.0007979611234000741
2698,2017-12-28,4.0,4.07,3.99,4.07,210088644.0,1281417931.0,269612212539.0,0.0007792252510431449
2699,2017-12-29,4.06,4.12,4.06,4.11,216899773.0,1340016987.0,269612212539.0,0.0008044879382777402
2700,2018-01-02,4.1,4.24,4.05,4.1,537466207.0,3356778409.0,269612212539.0,0.0019934787149979505
2701,2018-01-03,4.1,4.19,4.06,4.08,349361124.0,2172614073.0,269612212539.0,0.0012957911687678618
2702,2018-01-04,4.1,4.1,4.02,4.02,435136522.0,2661279489.0,269612212539.0,0.0016139347617165397
2703,2018-01-05,4.04,4.05,4.02,4.03,281784265.0,1715071500.0,269612212539.0,0.0010451465174606631
2704,2018-01-08,4.04,4.04,4.0,4.02,218487604.0,1325134030.0,269612212539.0,0.0008103772523597954
2705,2018-01-09,4.02,4.05,4.0,4.04,167185706.0,1016901409.0,269612212539.0,0.0006200969326484653
2706,2018-01-10,4.03,4.1,4.02,4.08,248738958.0,1528503369.0,269612212539.0,0.0009225804560467355
2707,2018-01-11,4.1,4.14,4.07,4.12,197047306.0,1220745187.0,269612212539.0,0.0007308545267455074
2708,2018-01-12,4.11,4.18,4.11,4.14,218851799.0,1367945833.0,269612212539.0,0.0008117280628315107
2709,2018-01-15,4.14,4.3,4.14,4.26,530209500.0,3390801519.0,269612212539.0,0.001966563365238153
2710,2018-01-16,4.26,4.37,4.23,4.37,382065305.0,2477463823.0,269612212539.0,0.0014170919833415684
2711,2018-01-17,4.4,4.63,4.4,4.46,588536573.0,3985715090.0,269612212539.0,0.002182900275390407
2712,2018-01-18,4.48,4.74,4.48,4.73,586990942.0,4082204721.0,269612212539.0,0.0021771674824080547
2713,2018-01-19,4.73,4.77,4.63,4.72,436655041.0,3090202754.0,269612212539.0,0.0016195669954558786
2714,2018-01-22,4.67,4.87,4.65,4.75,469122140.0,3361424941.0,269612212539.0,0.001739988465589779
2715,2018-01-23,4.74,4.99,4.71,4.97,603055104.0,4451129294.0,269612212539.0,0.0022367499540205983
2716,2018-01-24,4.97,5.08,4.84,4.91,500350785.0,3730795529.0,269612212539.0,0.0018558164716949651
2717,2018-01-25,4.86,4.92,4.73,4.87,387539365.0,2825420229.0,269612212539.0,0.0014373954404752402
2718,2018-01-26,4.83,5.01,4.82,4.89,422149823.0,3128361719.0,269612212539.0,0.0015657666951527098
2719,2018-01-29,4.89,5.1,4.88,4.93,369534182.0,2770750386.0,269612212539.0,0.0013706136621928656
2720,2018-01-30,4.91,4.92,4.78,4.83,246540367.0,1800131407.0,269612212539.0,0.0009144258143140953
2721,2018-01-31,4.83,4.97,4.78,4.96,376775932.0,2761036083.0,269612212539.0,0.0013974735359790075
2722,2018-02-01,4.93,5.11,4.92,5.09,456814017.0,3463752676.0,269612212539.0,0.0016943372583091757
2723,2018-02-02,5.04,5.09,4.93,5.04,332259956.0,2512792373.0,269612212539.0,0.001232362409962931
2724,2018-02-05,4.96,5.15,4.95,5.14,408018969.0,3129790805.0,269612212539.0,0.0015133549224554475
2725,2018-02-06,5.03,5.07,4.91,5.02,679577175.0,5121172363.0,269612212539.0,0.002520572672136273
2726,2018-02-07,5.02,5.09,4.64,4.73,636981742.0,4666865512.0,269612212539.0,0.002362584899257333
2727,2018-02-08,4.67,4.69,4.44,4.52,540920379.0,3715985911.0,269612212539.0,0.0020062903453297934
2728,2018-02-09,4.36,4.46,4.26,4.43,604381155.0,3985698498.0,269612212539.0,0.0022416683180201823
2729,2018-02-12,4.4,4.45,4.32,4.38,354442241.0,2344434626.0,269612212539.0,0.0013146371882124188
2730,2018-02-13,4.42,4.56,4.4,4.51,423909448.0,2865744342.0,269612212539.0,0.0015722931984717887
2731,2018-02-14,4.5,4.57,4.46,4.56,180573419.0,1234093936.0,269612212539.0,0.0006697523724889861
2732,2018-02-22,4.66,4.69,4.61,4.64,254663105.0,1789568288.0,269612212539.0,0.0009445532997254804
2733,2018-02-23,4.66,4.67,4.59,4.65,189504305.0,1324991245.0,269612212539.0,0.0007028773037222407
2734,2018-02-26,4.68,4.75,4.6,4.65,280449642.0,1973958671.0,269612212539.0,0.001040196359649073
2735,2018-02-27,4.64,4.66,4.45,4.5,343745392.0,2345465632.0,269612212539.0,0.0012749622458228835
2736,2018-02-28,4.45,4.49,4.4,4.42,241387193.0,1615860477.0,269612212539.0,0.0008953125332372798
2737,2018-03-01,4.4,4.48,4.37,4.44,190484606.0,1275672236.0,269612212539.0,0.0007065132703231905
2738,2018-03-02,4.38,4.46,4.36,4.43,163677350.0,1089812841.0,269612212539.0,0.000607084332191828
2739,2018-03-05,4.42,4.46,4.33,4.39,205288778.0,1357444336.0,269612212539.0,0.0007614224002197398
2740,2018-03-06,4.41,4.43,4.3,4.34,438606696.0,2875033346.0,269612212539.0,0.0016268057439592228
2741,2018-03-07,4.37,4.46,4.36,4.4,393342635.0,2620109832.0,269612212539.0,0.0014589199476381365
2742,2018-03-08,4.41,4.42,4.32,4.34,230681757.0,1517502717.0,269612212539.0,0.0008556057414002764
2743,2018-03-09,4.36,4.38,4.33,4.34,184256134.0,1209625214.0,269612212539.0,0.0006834116758466457
2744,2018-03-12,4.38,4.39,4.28,4.3,441545632.0,2890852262.0,269612212539.0,0.0016377063480984915
2745,2018-03-13,4.3,4.36,4.3,4.31,293714905.0,1916691862.0,269612212539.0,0.0010893976286682988
2746,2018-03-14,4.28,4.31,4.24,4.27,193481484.0,1245072024.0,269612212539.0,0.0007176287831249946
2747,2018-03-15,4.25,4.29,4.24,4.28,151961987.0,979426517.0,269612212539.0,0.0005636316900074338
2748,2018-03-16,4.28,4.28,4.21,4.22,164228337.0,1051740274.0,269612212539.0,0.0006091279599444851
2749,2018-03-19,4.2,4.25,4.18,4.24,150419962.0,955871368.0,269612212539.0,0.0005579122717901416
2750,2018-03-20,4.21,4.34,4.2,4.33,251477273.0,1628315187.0,269612212539.0,0.0009327369507181476
2751,2018-03-21,4.34,4.36,4.26,4.3,233360795.0,1519914850.0,269612212539.0,0.0008655423758530369
2752,2018-03-22,4.3,4.3,4.22,4.29,196105509.0,1259729602.0,269612212539.0,0.0007273613726664289
2753,2018-03-23,4.2,4.21,4.08,4.18,354471303.0,2219790458.0,269612212539.0,0.0013147449800654893
2754,2018-03-26,4.13,4.16,3.94,3.99,400732853.0,2431016333.0,269612212539.0,0.0014863304938088928
2755,2018-03-27,4.04,4.06,3.93,3.96,370126502.0,2218556532.0,269612212539.0,0.0013728105953155234
2756,2018-03-28,3.93,4.04,3.91,3.96,376239191.0,2261921883.0,269612212539.0,0.0013954827470791078
2757,2018-03-29,3.98,4.14,3.93,4.04,470474062.0,2858443177.0,269612212539.0,0.0017450027859251549
2758,2018-03-30,4.04,4.08,4.02,4.04,236558957.0,1443446371.0,269612212539.0,0.000877404457210117
2759,2018-04-02,4.03,4.06,3.93,3.95,300590845.0,1803979996.0,269612212539.0,0.0011149007018979857
2760,2018-04-03,3.91,3.94,3.87,3.9,234076753.0,1376478110.0,269612212539.0,0.0008681978861255785
2761,2018-04-04,3.91,3.94,3.87,3.89,194517020.0,1146884490.0,269612212539.0,0.0007214696180421081
2762,2018-04-09,3.9,3.92,3.88,3.89,158489870.0,931084508.0,269612212539.0,0.000587843809104434
2763,2018-04-10,3.89,4.06,3.88,4.06,327488892.0,1964939852.0,269612212539.0,0.0012146663866445886
2764,2018-04-11,4.06,4.18,4.05,4.14,338600346.0,2100124358.0,269612212539.0,0.0012558791117483995
2765,2018-04-12,4.12,4.13,4.01,4.03,207472666.0,1273076622.0,269612212539.0,0.0007695225080725474
2766,2018-04-13,4.06,4.08,3.98,4.0,171656102.0,1039652829.0,269612212539.0,0.0006366777690946383
2767,2018-04-16,3.98,3.98,3.83,3.86,392605998.0,2296424132.0,269612212539.0,0.0014561877383177096
2768,2018-04-17,3.86,3.89,3.81,3.84,197605937.0,1147983626.0,269612212539.0,0.0007329265063295894
2769,2018-04-18,3.89,3.93,3.85,3.9,313149170.0,1836848246.0,269612212539.0,0.0011614799161024736
2770,2018-04-19,3.9,3.96,3.9,3.93,214368492.0,1271554923.0,269612212539.0,0.0007950993390886962
2771,2018-04-20,3.91,3.94,3.86,3.93,191946347.0,1129784454.0,269612212539.0,0.0007119349127118436
2772,2018-04-23,3.89,4.01,3.89,3.99,237981113.0,1423659690.0,269612212539.0,0.0008826792776146055
2773,2018-04-24,4.0,4.13,3.98,4.02,534301750.0,3262784574.0,269612212539.0,0.001981741646523939
2774,2018-04-25,4.0,4.01,3.94,3.97,208518195.0,1249453222.0,269612212539.0,0.0007734004073344317
2775,2018-04-26,3.97,3.98,3.91,3.94,205401705.0,1218654222.0,269612212539.0,0.0007618412499407392
2776,2018-04-27,3.94,4.0,3.91,3.98,219741616.0,1307657116.0,269612212539.0,0.0008150284214896753
2777,2018-05-02,4.02,4.04,3.95,3.96,171828553.0,1033807846.0,269612212539.0,0.0006373173951648968
2778,2018-05-03,3.96,3.98,3.92,3.94,149765571.0,892588509.0,269612212539.0,0.0005554851154167806
2779,2018-05-04,3.93,3.95,3.91,3.91,131596952.0,778490615.0,269612212539.0,0.00048809714797679726
2780,2018-05-07,3.92,3.95,3.88,3.94,191685190.0,1132764885.0,269612212539.0,0.0007109662733555599
2781,2018-05-08,3.94,4.03,3.92,3.96,322841980.0,1938029640.0,269612212539.0,0.0011974308469179607
2782,2018-05-09,3.97,3.98,3.94,3.97,146117186.0,872576939.0,269612212539.0,0.0005419531430864387
2783,2018-05-10,3.98,4.0,3.94,3.98,152542817.0,914792868.0,269612212539.0,0.0005657860063662152
2784,2018-05-11,3.98,4.04,3.97,4.02,278778998.0,1690257018.0,269612212539.0,0.0010339998895994892
2785,2018-05-14,4.04,4.08,4.0,4.02,249877029.0,1520366403.0,269612212539.0,0.0009268015964367887
2786,2018-05-15,4.03,4.07,4.01,4.04,204386692.0,1244723970.0,269612212539.0,0.0007580765354627065
2787,2018-05-16,4.02,4.02,3.96,3.98,160206385.0,964628887.0,269612212539.0,0.000594210416105783
2788,2018-05-17,3.98,3.98,3.94,3.96,140092333.0,835994403.0,269612212539.0,0.0005196067777520847
2789,2018-05-18,3.94,4.02,3.93,4.01,144238735.0,865674057.0,269612212539.0,0.0005349859104736791
2790,2018-05-21,4.03,4.03,3.97,4.0,213408051.0,1289062932.0,269612212539.0,0.0007915370338394077
2791,2018-05-22,3.98,3.99,3.94,3.96,185143586.0,1103615932.0,269612212539.0,0.0006867032626469714
2792,2018-05-23,3.94,3.95,3.88,3.88,253164113.0,1489993006.0,269612212539.0,0.0009389934922305467
2793,2018-05-24,3.89,3.9,3.82,3.83,237514453.0,1377893276.0,269612212539.0,0.0008809484213021063
2794,2018-05-25,3.82,3.85,3.81,3.83,179828777.0,1036800692.0,269612212539.0,0.0006669904723770159
2795,2018-05-28,3.82,3.84,3.8,3.82,137607925.0,792088828.0,269612212539.0,0.000510392031963666
2796,2018-05-29,3.81,3.82,3.73,3.81,301485091.0,1713198830.0,269612212539.0,0.0011182174878535576
2797,2018-05-30,3.75,3.78,3.73,3.73,146140094.0,827711227.0,269612212539.0,0.0005420381095639743
2798,2018-05-31,3.75,3.77,3.72,3.75,189198338.0,1068918820.0,269612212539.0,0.0007017424626958693
2799,2018-06-01,3.74,3.78,3.72,3.74,175036189.0,989445886.0,269612212539.0,0.0006492146158797634
2800,2018-06-04,3.75,3.79,3.74,3.78,204134085.0,1161090034.0,269612212539.0,0.0007571396083197513
2801,2018-06-05,3.79,3.8,3.75,3.78,146872294.0,835579978.0,269612212539.0,0.0005447538619147476
2802,2018-06-06,3.77,3.77,3.75,3.75,128001688.0,725281259.0,269612212539.0,0.0004747622030715106
2803,2018-06-07,3.76,3.79,3.75,3.77,163473541.0,929255910.0,269612212539.0,0.0006063283983337854
2804,2018-06-08,3.76,3.77,3.69,3.7,201945561.0,1131400542.0,269612212539.0,0.0007490223054001611
2805,2018-06-11,3.69,3.71,3.66,3.7,122875173.0,682975416.0,269612212539.0,0.0004557478010467565
2806,2018-06-12,3.7,3.72,3.68,3.71,116679996.0,651384560.0,269612212539.0,0.0004327696987506528
2807,2018-06-13,3.7,3.71,3.67,3.7,136399827.0,757652100.0,269612212539.0,0.0005059111592738755
2808,2018-06-14,3.67,3.75,3.67,3.73,140344973.0,785016596.0,269612212539.0,0.0005205438272930563
2809,2018-06-15,3.72,3.8,3.71,3.78,279378392.0,1589976530.0,269612212539.0,0.0010362230604060167
2810,2018-06-19,3.75,3.82,3.72,3.81,473659902.0,2701231480.0,269612212539.0,0.001756819164604734
2811,2018-06-20,3.78,3.79,3.75,3.77,136534786.0,775845309.0,269612212539.0,0.0005064117263614309
2812,2018-06-21,3.77,3.8,3.75,3.77,139483671.0,795973903.0,269612212539.0,0.0005173492316481153
2813,2018-06-22,3.75,3.77,3.73,3.75,124900386.0,705564433.0,269612212539.0,0.00046325937843758795
2814,2018-06-25,3.77,3.79,3.66,3.67,171688498.0,962182102.0,269612212539.0,0.0006367979268563915
2815,2018-06-26,3.65,3.65,3.55,3.59,201327306.0,1092349079.0,269612212539.0,0.0007467291785637402
2816,2018-06-27,3.58,3.59,3.5,3.52,193648758.0,1031488535.0,269612212539.0,0.0007182492075428085
2817,2018-06-28,3.5,3.51,3.43,3.45,158760044.0,831716813.0,269612212539.0,0.0005888458927914292
2818,2018-06-29,3.46,3.53,3.46,3.53,130348533.0,687593339.0,269612212539.0,0.0004834667234561743
2819,2018-07-02,3.51,3.51,3.35,3.37,181553080.0,939745712.0,269612212539.0,0.0006733859653102247
2820,2018-07-03,3.37,3.41,3.35,3.41,221033975.0,1127775219.0,269612212539.0,0.000819821820823591
2821,2018-07-04,3.4,3.45,3.39,3.42,123614502.0,639122725.0,269612212539.0,0.00045848999507809346
2822,2018-07-05,3.43,3.51,3.42,3.47,186518348.0,972388008.0,269612212539.0,0.0006918022972457886
2823,2018-07-06,3.47,3.54,3.43,3.51,192544372.0,1013399712.0,269612212539.0,0.0007141530058552078
2824,2018-07-09,3.52,3.67,3.52,3.67,215545827.0,1174157841.0,269612212539.0,0.0007994661108640278
2825,2018-07-10,3.69,3.69,3.62,3.66,128990044.0,709528373.0,269612212539.0,0.00047842804591554365
2826,2018-07-11,3.59,3.66,3.57,3.63,152044861.0,831407573.0,269612212539.0,0.0005639390722258414
2827,2018-07-12,3.63,3.76,3.62,3.75,213462270.0,1199927563.0,269612212539.0,0.0007917381337802798
2828,2018-07-13,3.77,3.78,3.7,3.71,145876976.0,783719147.0,269612212539.0,0.0005410621967982944
2829,2018-07-16,3.69,3.7,3.61,3.62,173692520.0,912275287.0,269612212539.0,0.0006442309061755687
2830,2018-07-17,3.62,3.63,3.58,3.62,101846779.0,530286625.0,269612212539.0,0.00037775284005455665
2831,2018-07-18,3.63,3.68,3.62,3.62,96369558.0,507877468.0,269612212539.0,0.0003574376586745303
2832,2018-07-19,3.63,3.64,3.56,3.58,108648158.0,563235878.0,269612212539.0,0.0004029793642388651
2833,2018-07-20,3.57,3.82,3.55,3.79,358529446.0,1922223457.0,269612212539.0,0.0013297967574378254
2834,2018-07-23,3.79,3.95,3.76,3.88,392449034.0,2191821315.0,269612212539.0,0.0014556055540074298
2835,2018-07-24,3.89,3.97,3.86,3.88,263334277.0,1486706112.0,269612212539.0,0.0009767149437338938
2836,2018-07-25,3.88,3.91,3.84,3.89,190441457.0,1065617545.0,269612212539.0,0.0007063532293532594
2837,2018-07-26,3.89,3.93,3.81,3.84,199714253.0,1111538907.0,269612212539.0,0.0007407463153068813
2838,2018-07-27,3.83,3.86,3.81,3.84,114240770.0,632774801.0,269612212539.0,0.0004237225343917788
2839,2018-07-30,3.83,3.91,3.82,3.87,171175464.0,956312739.0,269612212539.0,0.0006348950679496356
2840,2018-07-31,3.87,3.93,3.83,3.91,131160880.0,736427123.0,269612212539.0,0.00048647974349836726
2841,2018-08-01,3.91,3.95,3.84,3.84,164804118.0,928819142.0,269612212539.0,0.000611263549406764
2842,2018-08-02,3.82,3.84,3.75,3.77,149822851.0,818683972.0,269612212539.0,0.0005556975687009275
2843,2018-08-03,3.77,3.84,3.76,3.79,161700194.0,889834111.0,269612212539.0,0.0005997509996940873
2844,2018-08-06,3.82,3.88,3.78,3.82,137702265.0,762142310.0,269612212539.0,0.0005107419419292108
2845,2018-08-07,3.82,3.88,3.77,3.88,220754791.0,1216576016.0,269612212539.0,0.0008187863187691
2846,2018-08-08,3.85,3.86,3.81,3.82,121314370.0,671774821.0,269612212539.0,0.00044995873464912726
2847,2018-08-09,3.79,3.86,3.78,3.86,151700625.0,840654618.0,269612212539.0,0.0005626622902998364
2848,2018-08-10,3.84,3.86,3.79,3.81,155905995.0,858992392.0,269612212539.0,0.0005782601371495657
2849,2018-08-13,3.79,3.79,3.68,3.74,219026056.0,1177448310.0,269612212539.0,0.0008123743874113914
2850,2018-08-14,3.72,3.73,3.68,3.73,152036320.0,812656956.0,269612212539.0,0.00056390739339379
2851,2018-08-15,3.71,3.71,3.66,3.66,156096593.0,830116651.0,269612212539.0,0.0005789670710017273
2852,2018-08-16,3.61,3.69,3.6,3.65,197386455.0,1038415577.0,269612212539.0,0.0007321124408318396
2853,2018-08-17,3.67,3.68,3.63,3.64,140129678.0,739626562.0,269612212539.0,0.0005197452915072603
2854,2018-08-20,3.66,3.73,3.64,3.71,152069938.0,810195905.0,269612212539.0,0.0005640320835911791
2855,2018-08-21,3.73,3.76,3.7,3.74,148770275.0,804435697.0,269612212539.0,0.000551793531899005
2856,2018-08-22,3.74,3.77,3.7,3.73,77600967.0,417623000.0,269612212539.0,0.0002878243766082178
2857,2018-08-23,3.73,3.77,3.72,3.74,91150013.0,492518601.0,269612212539.0,0.00033807820551457754
2858,2018-08-24,3.73,3.83,3.7,3.8,171198311.0,933085403.0,269612212539.0,0.0006349798081762924
2859,2018-08-27,3.8,3.84,3.76,3.83,197721635.0,1087290304.0,269612212539.0,0.0007333556337749319
2860,2018-08-28,3.83,3.86,3.8,3.82,120777318.0,667682694.0,269612212539.0,0.00044796679224064933
2861,2018-08-29,3.81,3.82,3.77,3.8,70994778.0,388541937.0,269612212539.0,0.0002633218181454983
2862,2018-08-30,3.79,3.81,3.73,3.74,119103058.0,646696764.0,269612212539.0,0.00044175691033569736
2863,2018-08-31,3.71,3.79,3.71,3.77,215453508.0,1168298958.0,269612212539.0,0.000799123696849727
2864,2018-09-03,3.75,3.79,3.73,3.76,108998662.0,591034971.0,269612212539.0,0.000404279394369916
2865,2018-09-04,3.76,3.79,3.71,3.77,127952361.0,692475397.0,269612212539.0,0.00047457924770930547
2866,2018-09-05,3.75,3.76,3.7,3.7,117641602.0,632498333.0,269612212539.0,0.00043633632502082184
2867,2018-09-06,3.69,3.72,3.67,3.69,85973960.0,458841635.0,269612212539.0,0.00031888006552211975
2868,2018-09-07,3.7,3.73,3.68,3.7,86233317.0,461299835.0,269612212539.0,0.0003198420286229659
2869,2018-09-10,3.7,3.74,3.68,3.7,106481553.0,570727308.0,269612212539.0,0.00039494335956535056
2870,2018-09-11,3.7,3.73,3.68,3.7,93102546.0,497613979.0,269612212539.0,0.00034532021054696293
2871,2018-09-12,3.68,3.69,3.66,3.66,100867736.0,534499953.0,269612212539.0,0.0003741215394143515
2872,2018-09-13,3.7,3.73,3.67,3.72,114816479.0,612783452.0,269612212539.0,0.00042585785680384025
2873,2018-09-14,3.73,3.73,3.7,3.72,68113005.0,365783310.0,269612212539.0,0.00025263323333377303
2874,2018-09-17,3.71,3.72,3.68,3.68,83520949.0,445943662.0,269612212539.0,0.00030978177217368634
2875,2018-09-18,3.69,3.73,3.67,3.73,112659507.0,601913118.0,269612212539.0,0.00041785758122400913
2876,2018-09-19,3.72,3.78,3.71,3.77,176788092.0,959117251.0,269612212539.0,0.0006557124780630151
2877,2018-09-20,3.77,3.82,3.77,3.8,147709102.0,809829138.0,269612212539.0,0.0005478576085593065
2878,2018-09-21,3.82,3.98,3.77,3.98,328518206.0,1848963749.0,269612212539.0,0.001218484143972073
2879,2018-09-25,3.93,3.96,3.91,3.93,211804937.0,1202612205.0,269612212539.0,0.0007855910346396566
2880,2018-09-26,3.94,4.0,3.92,3.95,232712067.0,1331842938.0,269612212539.0,0.0008631362237210887
2881,2018-09-27,3.94,3.95,3.88,3.94,129820626.0,735440798.0,269612212539.0,0.00048150870013435003
2882,2018-09-28,3.94,4.02,3.93,4.0,200009558.0,1149909897.0,269612212539.0,0.0007418416106468774
2883,2018-10-08,3.9,3.91,3.82,3.85,219553229.0,1224027957.0,269612212539.0,0.0008143296883046095
2884,2018-10-09,3.82,3.86,3.81,3.83,147866755.0,818145013.0,269612212539.0,0.0005484423483918064
2885,2018-10-10,3.84,3.86,3.82,3.84,144822935.0,802739697.0,269612212539.0,0.0005371527262662519
2886,2018-10-11,3.75,3.8,3.71,3.74,237131043.0,1286482198.0,269612212539.0,0.0008795263418035949
2887,2018-10-12,3.74,3.84,3.74,3.83,165117581.0,902635315.0,269612212539.0,0.000612426193328002
2888,2018-10-15,3.82,3.82,3.76,3.76,105591949.0,576406049.0,269612212539.0,0.0003916437909307461
2889,2018-10-16,3.76,3.82,3.75,3.77,101667005.0,556342930.0,269612212539.0,0.00037708605275175967
2890,2018-10-17,3.81,3.82,3.73,3.76,186957421.0,1019074792.0,269612212539.0,0.0006934308325256453
2891,2018-10-18,3.75,3.76,3.7,3.7,149785299.0,807226980.0,269612212539.0,0.0005555582871763765
2892,2018-10-19,3.7,3.82,3.66,3.79,248332011.0,1345285816.0,269612212539.0,0.0009210710770903162
2893,2018-10-22,3.81,3.93,3.81,3.9,277270472.0,1556976411.0,269612212539.0,0.001028404720204921
2894,2018-10-23,3.9,3.92,3.77,3.79,204577208.0,1134478169.0,269612212539.0,0.0007587831651743426
2895,2018-10-24,3.78,3.93,3.77,3.89,263417953.0,1474702211.0,269612212539.0,0.0009770253005950019
2896,2018-10-25,3.82,3.93,3.79,3.91,220210580.0,1230959597.0,269612212539.0,0.0008167678234091345
2897,2018-10-26,3.92,3.99,3.86,3.94,199253584.0,1122075310.0,269612212539.0,0.0007390376797978969
2898,2018-10-29,3.93,3.97,3.83,3.86,186281937.0,1046638853.0,269612212539.0,0.0006909254415656483
2899,2018-10-30,3.88,3.93,3.85,3.9,151732506.0,852383405.0,269612212539.0,0.0005627805379107283
2900,2018-10-31,3.88,3.91,3.86,3.9,151616071.0,851804604.0,269612212539.0,0.0005623486769096871
2901,2018-11-01,3.91,3.93,3.84,3.86,194632949.0,1089281160.0,269612212539.0,0.0007218996022735651
2902,2018-11-02,3.9,3.92,3.84,3.91,340529473.0,1910514643.0,269612212539.0,0.0012630343032059117
2903,2018-11-05,3.88,3.89,3.84,3.85,189829231.0,1057512736.0,269612212539.0,0.0007040824642635236
2904,2018-11-06,3.86,3.86,3.81,3.83,158150570.0,873981044.0,269612212539.0,0.0005865853349544511
2905,2018-11-07,3.83,3.86,3.81,3.82,152755809.0,844666274.0,269612212539.0,0.0005665760002540818
2906,2018-11-08,3.83,3.85,3.82,3.83,122291827.0,676676589.0,269612212539.0,0.00045358415276648575
2907,2018-11-09,3.79,3.79,3.67,3.7,409908193.0,2191481176.0,269612212539.0,0.001520362112457001
2908,2018-11-12,3.68,3.72,3.67,3.71,191282653.0,1020680555.0,269612212539.0,0.0007094732512249628
2909,2018-11-13,3.68,3.75,3.67,3.73,196667507.0,1052653345.0,269612212539.0,0.00072944584055721
2910,2018-11-14,3.72,3.72,3.67,3.68,177198818.0,944287680.0,269612212539.0,0.0006572358734468224
2911,2018-11-15,3.68,3.7,3.67,3.7,120825458.0,644050300.0,269612212539.0,0.00044814534498329643
2912,2018-11-16,3.7,3.73,3.69,3.7,139542989.0,747277332.0,269612212539.0,0.0005175692439370297
2913,2018-11-19,3.71,3.75,3.7,3.75,176829125.0,952026363.0,269612212539.0,0.0006558646707237763
2914,2018-11-20,3.73,3.74,3.68,3.7,143149717.0,766521317.0,269612212539.0,0.0005309467091713921
2915,2018-11-21,3.68,3.72,3.68,3.71,98323160.0,526255183.0,269612212539.0,0.00036468362866083945
2916,2018-11-22,3.72,3.73,3.69,3.71,79368533.0,424623560.0,269612212539.0,0.00029438033334086886
2917,2018-11-23,3.71,3.71,3.68,3.69,89781362.0,479130038.0,269612212539.0,0.00033300183680297097
2918,2018-11-26,3.7,3.73,3.69,3.7,87237881.0,466946502.0,269612212539.0,0.00032356798743818344
2919,2018-11-27,3.7,3.7,3.68,3.69,66113948.0,352717518.0,269612212539.0,0.00024521866935251114
2920,2018-11-28,3.69,3.71,3.68,3.7,77960374.0,416929666.0,269612212539.0,0.00028915742824046914
2921,2018-11-29,3.72,3.73,3.68,3.69,81464321.0,435063214.0,269612212539.0,0.0003021536755803152
2922,2018-11-30,3.68,3.7,3.68,3.69,61182737.0,326057560.0,269612212539.0,0.00022692865587885705
2923,2018-12-03,3.75,3.77,3.73,3.75,222347405.0,1203130644.0,269612212539.0,0.0008246933731454652
2924,2018-12-04,3.75,3.76,3.74,3.75,96339272.0,521579413.0,269612212539.0,0.0003573253269677623
2925,2018-12-05,3.73,3.75,3.72,3.74,94894201.0,511551963.0,269612212539.0,0.0003519655141225227
2926,2018-12-06,3.7,3.73,3.69,3.7,112675587.0,602594757.0,269612212539.0,0.00041791722243925144
2927,2018-12-07,3.7,3.72,3.69,3.7,59598321.0,318833133.0,269612212539.0,0.00022105200813697922
2928,2018-12-10,3.68,3.7,3.68,3.69,80875151.0,430647457.0,269612212539.0,0.0002999684259046731
2929,2018-12-11,3.69,3.7,3.68,3.69,60702859.0,323017442.0,269612212539.0,0.00022514877359726128
2930,2018-12-12,3.7,3.7,3.68,3.7,62210327.0,332160888.0,269612212539.0,0.0002307400188372444
2931,2018-12-13,3.7,3.74,3.7,3.73,97639078.0,524792111.0,269612212539.0,0.00036214634745403563
2932,2018-12-14,3.71,3.73,3.7,3.7,75159434.0,402565671.0,269612212539.0,0.00027876865551529134
2933,2018-12-17,3.69,3.72,3.68,3.72,81894870.0,438320427.0,269612212539.0,0.00030375059508164426
2934,2018-12-18,3.7,3.71,3.69,3.7,97696736.0,522120363.0,269612212539.0,0.00036236020275182433
2935,2018-12-19,3.71,3.72,3.68,3.69,98302693.0,526282004.0,269612212539.0,0.00036460771592748345
2936,2018-12-20,3.69,3.7,3.6,3.62,185311587.0,971134825.0,269612212539.0,0.0006873263835301759
2937,2018-12-21,3.6,3.61,3.53,3.59,202141664.0,1037461964.0,269612212539.0,0.0007497496574668692
2938,2018-12-24,3.56,3.62,3.55,3.61,108203925.0,559448435.0,269612212539.0,0.00040133169036008734
2939,2018-12-25,3.57,3.64,3.57,3.62,166255282.0,864574243.0,269612212539.0,0.0006166459613766599
2940,2018-12-26,3.61,3.66,3.61,3.65,89861728.0,472229363.0,269612212539.0,0.0003332999167721355
2941,2018-12-27,3.67,3.68,3.65,3.66,101687485.0,538020359.0,269612212539.0,0.00037716201370251607
2942,2018-12-28,3.67,3.7,3.66,3.66,111531900.0,592871422.0,269612212539.0,0.00041367525213223296
2943,2019-01-02,3.67,3.68,3.58,3.6,113184900.0,589032055.0,269612212539.0,0.00041980628004240555
2944,2019-01-03,3.59,3.62,3.58,3.6,94328427.0,489960755.0,269612212539.0,0.00034986704093144586
2945,2019-01-04,3.59,3.66,3.57,3.65,122442027.0,639955298.0,269612212539.0,0.00045414124919244335
2946,2019-01-07,3.67,3.67,3.62,3.63,99975787.0,525367219.0,269612212539.0,0.00037081327310252416
2947,2019-01-08,3.64,3.64,3.59,3.6,112918431.0,586983187.0,269612212539.0,0.00041881793831451944
2948,2019-01-09,3.61,3.66,3.6,3.64,176193793.0,927673984.0,269612212539.0,0.0006535082047684067
2949,2019-01-10,3.63,3.64,3.6,3.61,83922243.0,438941576.0,269612212539.0,0.0003112701839790008
2950,2019-01-11,3.62,3.64,3.61,3.63,83892180.0,438851591.0,269612212539.0,0.00031115867938610094
2951,2019-01-14,3.64,3.64,3.59,3.6,95145697.0,495446484.0,269612212539.0,0.00035289832053226065
2952,2019-01-15,3.61,3.64,3.59,3.62,118901204.0,620636208.0,269612212539.0,0.0004410082276328661
2953,2019-01-16,3.62,3.63,3.61,3.63,87363957.0,456703388.0,269612212539.0,0.00032403560720515435
2954,2019-01-17,3.64,3.68,3.61,3.64,167314524.0,880743740.0,269612212539.0,0.0006205747225778861
2955,2019-01-18,3.65,3.74,3.64,3.73,251775898.0,1347139882.0,269612212539.0,0.0009338445600403953
2956,2019-01-21,3.75,3.79,3.74,3.77,212618157.0,1155980186.0,269612212539.0,0.0007886072926657368
2957,2019-01-22,3.78,3.78,3.72,3.73,139548630.0,755135234.0,269612212539.0,0.0005175901665797649
2958,2019-01-23,3.74,3.77,3.73,3.77,125388481.0,680815339.0,269612212539.0,0.00046506973782525627
2959,2019-01-24,3.78,3.79,3.75,3.78,88821989.0,484066271.0,269612212539.0,0.0003294434927985753
2960,2019-01-25,3.79,3.86,3.79,3.82,166626976.0,922146109.0,269612212539.0,0.0006180245858703342
2961,2019-01-28,3.88,3.91,3.79,3.81,163948511.0,911337389.0,269612212539.0,0.0006080900766922214
2962,2019-01-29,3.82,3.85,3.79,3.84,130070555.0,717789267.0,269612212539.0,0.00048243569449282645
2963,2019-01-30,3.84,3.86,3.82,3.84,137369658.0,762016503.0,269612212539.0,0.0005095082923223635
2964,2019-01-31,3.86,3.95,3.84,3.92,225105048.0,1270118548.0,269612212539.0,0.0008349215559641537
2965,2019-02-01,3.93,3.95,3.88,3.91,143672442.0,811725290.0,269612212539.0,0.0005328855122956178
2966,2019-02-11,3.89,3.91,3.85,3.91,119563234.0,671400319.0,269612212539.0,0.0004434637172924981
2967,2019-02-12,3.91,3.92,3.87,3.91,84587200.0,476043887.0,269612212539.0,0.0003137365299717804
2968,2019-02-13,3.91,3.97,3.88,3.95,175753881.0,996024200.0,269612212539.0,0.0006518765576117099
2969,2019-02-14,3.94,3.95,3.9,3.91,155418476.0,878284583.0,269612212539.0,0.0005764519141636374
2970,2019-02-15,3.9,3.9,3.79,3.82,213058323.0,1182691504.0,269612212539.0,0.0007902398819162565
2971,2019-02-18,3.84,3.88,3.83,3.88,187401557.0,1043454663.0,269612212539.0,0.0006950781466284356
2972,2019-02-19,3.87,3.91,3.84,3.86,212673098.0,1186283471.0,269612212539.0,0.0007888110705268456
2973,2019-02-20,3.86,3.88,3.84,3.86,106861146.0,595932403.0,269612212539.0,0.0003963512816933035
2974,2019-02-21,3.86,3.88,3.84,3.85,158310223.0,881970594.0,269612212539.0,0.0005871774928485485
2975,2019-02-22,3.84,3.84,3.79,3.84,298324578.0,1643297727.0,269612212539.0,0.0011064950477970158
2976,2019-02-25,3.86,4.09,3.86,4.09,676922545.0,3865185131.0,269612212539.0,0.0025107265677072462
2977,2019-02-26,4.08,4.09,3.97,4.0,458521951.0,2666027060.0,269612212539.0,0.0017006720381172414
2978,2019-02-27,4.0,4.11,3.97,4.02,481514188.0,2799706270.0,269612212539.0,0.0017859509532801594
2979,2019-02-28,4.01,4.04,3.95,3.98,278721181.0,1607625827.0,269612212539.0,0.0010337854445658034
2980,2019-03-01,4.0,4.06,3.95,4.05,337200650.0,1946441855.0,269612212539.0,0.0012506875961756487
2981,2019-03-04,4.09,4.15,4.04,4.06,601826396.0,3548348327.0,269612212539.0,0.0022321926382060475
2982,2019-03-05,4.04,4.04,4.0,4.03,332788498.0,1930794205.0,269612212539.0,0.0012343227885193123
2983,2019-03-06,4.02,4.05,4.01,4.05,326156960.0,1897117848.0,269612212539.0,0.001209726209834878
2984,2019-03-07,4.04,4.04,3.97,3.99,400488819.0,2314378722.0,269612212539.0,0.0014854253641869743
2985,2019-03-08,3.95,3.95,3.86,3.87,357824997.0,2021357634.0,269612212539.0,0.0013271839344007454
2986,2019-03-11,3.86,3.9,3.84,3.88,232063438.0,1296366800.0,269612212539.0,0.0008607304387831895
2987,2019-03-12,3.9,3.93,3.88,3.89,274303942.0,1547955028.0,269612212539.0,0.0010174017690697944
2988,2019-03-13,3.88,3.88,3.84,3.86,306509453.0,1706659371.0,269612212539.0,0.0011368530012551368
2989,2019-03-14,3.86,3.88,3.84,3.86,226395559.0,1262154847.0,269612212539.0,0.0008397081010091536
2990,2019-03-15,3.85,3.89,3.85,3.86,250067344.0,1396909155.0,269612212539.0,0.0009275074806332343
2991,2019-03-18,3.86,3.91,3.85,3.91,363399829.0,2037487807.0,269612212539.0,0.001347861157986059
2992,2019-03-19,3.93,3.93,3.89,3.91,245747081.0,1387001937.0,269612212539.0,0.0009114834921079554
2993,2019-03-20,3.9,3.91,3.87,3.88,236245006.0,1327840234.0,269612212539.0,0.0008762400032818492
2994,2019-03-21,3.88,3.89,3.86,3.87,231573432.0,1296886937.0,269612212539.0,0.0008589129914376649
2995,2019-03-22,3.87,3.88,3.84,3.86,191240061.0,1065810875.0,269612212539.0,0.0007093152761851866
2996,2019-03-25,3.83,3.84,3.78,3.79,321876422.0,1773948858.0,269612212539.0,0.0011938495625580753
2997,2019-03-26,3.8,3.8,3.76,3.77,207940075.0,1134356207.0,269612212539.0,0.0007712561424491148
2998,2019-03-27,3.78,3.84,3.77,3.82,263386947.0,1448761846.0,269612212539.0,0.0009769102983860588
2999,2019-03-28,3.8,3.81,3.77,3.77,192243762.0,1048075591.0,269612212539.0,0.0007130380341068248
3000,2019-03-29,3.79,3.86,3.78,3.86,391603643.0,2167140511.0,269612212539.0,0.001452469972751526
3001,2019-04-01,3.87,3.92,3.87,3.91,487928296.0,2746619007.0,269612212539.0,0.001809741077398043
3002,2019-04-02,3.92,3.95,3.91,3.92,392476036.0,2224158954.0,269612212539.0,0.001455705705257055
3003,2019-04-03,3.88,3.95,3.88,3.95,326286722.0,1849272726.0,269612212539.0,0.0012102075010893725
3004,2019-04-04,3.95,4.04,3.94,4.02,452453954.0,2613628429.0,269612212539.0,0.0016781656503581104
3005,2019-04-08,4.05,4.14,4.0,4.03,429367364.0,2520826723.0,269612212539.0,0.001592536777012247
3006,2019-04-09,4.02,4.03,3.99,4.0,240801573.0,1393045154.0,269612212539.0,0.000893140450620973
3007,2019-04-10,3.98,4.01,3.95,3.98,241236289.0,1382006765.0,269612212539.0,0.00089475282565364
3008,2019-04-11,3.98,4.01,3.95,3.97,217126360.0,1248620756.0,269612212539.0,0.0008053283564393145
3009,2019-04-12,3.96,3.97,3.95,3.97,153613761.0,879599556.0,269612212539.0,0.0005697581706458472
3010,2019-04-15,4.02,4.11,4.02,4.02,473497467.0,2779941677.0,269612212539.0,0.001756216688186955
3011,2019-04-16,4.0,4.18,3.98,4.15,551207242.0,3278481934.0,269612212539.0,0.0020444446370183125
3012,2019-04-17,4.15,4.21,4.13,4.16,364293894.0,2192184239.0,269612212539.0,0.0013511772726070564
3013,2019-04-18,4.16,4.18,4.11,4.11,216478399.0,1291541522.0,269612212539.0,0.0008029250491339888
3014,2019-04-19,4.11,4.16,4.11,4.14,184514226.0,1102589241.0,269612212539.0,0.0006843689470235315
3015,2019-04-22,4.15,4.15,4.02,4.04,273124250.0,1604367134.0,269612212539.0,0.0010130262551088704
3016,2019-04-23,4.04,4.05,4.01,4.02,183104112.0,1064237189.0,269612212539.0,0.0006791387907679204
3017,2019-04-24,4.03,4.04,3.97,4.02,209166808.0,1213023884.0,269612212539.0,0.0007758061329278382
3018,2019-04-25,4.01,4.02,3.95,3.97,225972035.0,1300357961.0,269612212539.0,0.0008381372374491851
3019,2019-04-26,3.95,3.99,3.95,3.95,184000608.0,1053851685.0,269612212539.0,0.0006824639220427891
3020,2019-04-29,3.97,4.04,3.95,4.02,211952969.0,1225789011.0,269612212539.0,0.0007861400898868427
3021,2019-04-30,4.02,4.04,3.97,4.02,185045685.0,1071096005.0,269612212539.0,0.0006863401448227526
3022,2019-05-06,3.94,4.02,3.85,3.96,394210910.0,2231092909.0,269612212539.0,0.0014621404063548365
3023,2019-05-07,3.95,3.95,3.9,3.92,168032614.0,952166816.0,269612212539.0,0.0006232381405040905
3024,2019-05-08,3.88,3.91,3.86,3.87,135587456.0,759565823.0,269612212539.0,0.0005028980502149433
3025,2019-05-09,3.86,3.86,3.81,3.82,167648952.0,927332814.0,269612212539.0,0.0006218151263298179
3026,2019-05-10,3.84,3.92,3.81,3.88,216535905.0,1208207525.0,269612212539.0,0.0008031383406590961
3027,2019-05-13,3.84,3.86,3.83,3.84,116430674.0,645989042.0,269612212539.0,0.00043184495577387115
3028,2019-05-14,3.82,3.85,3.81,3.82,124874548.0,689966955.0,269612212539.0,0.00046316354449981237
3029,2019-05-15,3.84,3.87,3.82,3.86,161565826.0,896828177.0,269612212539.0,0.000599252624643734
3030,2019-05-16,3.84,3.88,3.83,3.87,154620832.0,861855987.0,269612212539.0,0.000573493428001277
3031,2019-05-17,3.88,3.88,3.84,3.86,159408338.0,889465004.0,269612212539.0,0.0005912504352040107
3032,2019-05-20,3.85,3.91,3.84,3.88,241457552.0,1354096098.0,269612212539.0,0.0008955734969352423
3033,2019-05-21,3.88,3.92,3.88,3.91,155797678.0,878069666.0,269612212539.0,0.0005778583860605481
3034,2019-05-22,3.91,3.92,3.87,3.91,120887709.0,681037705.0,269612212539.0,0.0004483762358595434
3035,2019-05-23,3.91,3.92,3.89,3.91,186548600.0,1051733274.0,269612212539.0,0.0006919145028455094
3036,2019-05-24,3.91,3.96,3.91,3.95,140020056.0,796791416.0,269612212539.0,0.0005193387001330505
3037,2019-05-27,3.93,3.94,3.89,3.91,178105539.0,1006664975.0,269612212539.0,0.0006605989295616075
3038,2019-05-28,3.92,3.93,3.89,3.93,189308219.0,1070600877.0,269612212539.0,0.000702150014709056
3039,2019-05-29,3.91,3.93,3.89,3.91,116548599.0,657781033.0,269612212539.0,0.0004322823432308022
3040,2019-05-30,3.91,3.93,3.89,3.93,120565281.0,680596423.0,269612212539.0,0.0004471803404771954
3041,2019-05-31,3.91,3.92,3.88,3.88,148823056.0,837910267.0,269612212539.0,0.0005519892982535886
3042,2019-06-03,3.89,3.95,3.89,3.95,186990203.0,1059369588.0,269612212539.0,0.0006935524219732868
3043,2019-06-04,3.95,3.97,3.93,3.97,164391569.0,939313934.0,269612212539.0,0.0006097333924598107
3044,2019-06-05,3.97,4.03,3.97,3.99,170752119.0,987984988.0,269612212539.0,0.0006333248683061801
3045,2019-06-06,4.0,4.01,3.97,3.97,154309402.0,887887833.0,269612212539.0,0.0005723383245396527
3046,2019-06-10,3.97,4.03,3.97,4.0,185267656.0,1072572133.0,269612212539.0,0.0006871634420981602
3047,2019-06-11,4.0,4.02,3.99,4.01,259893816.0,1502386897.0,269612212539.0,0.000963954167923331
3048,2019-06-12,4.0,4.01,3.97,3.99,190221221.0,1096083193.0,269612212539.0,0.0007055363672462874
3049,2019-06-13,3.98,3.99,3.95,3.97,164052894.0,940707281.0,269612212539.0,0.0006084772364540771
3050,2019-06-14,3.97,4.0,3.96,3.97,148227828.0,851421113.0,269612212539.0,0.0005497815792693683
3051,2019-06-17,3.97,4.0,3.96,3.97,158208221.0,909396131.0,269612212539.0,0.0005867991642890243
3052,2019-06-18,3.97,3.99,3.96,3.97,261102048.0,1497382199.0,269612212539.0,0.0009684355376232485
3053,2019-06-19,4.02,4.04,3.99,4.0,402585845.0,2330013862.0,269612212539.0,0.0014932032982065493
3054,2019-06-20,4.0,4.09,4.0,4.04,587514152.0,3422036508.0,269612212539.0,0.0021791080844122176
3055,2019-06-21,4.04,4.08,4.03,4.05,318381525.0,1863369476.0,269612212539.0,0.001180886881946957
3056,2019-06-24,4.05,4.07,4.04,4.07,178527788.0,1044893557.0,269612212539.0,0.0006621650641073077
3057,2019-06-25,4.06,4.07,4.0,4.04,268493283.0,1565106769.0,269612212539.0,0.000995849855878327
3058,2019-06-26,4.02,4.06,4.02,4.05,137584593.0,803732376.0,269612212539.0,0.0005103054928570718
3059,2019-06-27,4.06,4.1,4.05,4.09,224456916.0,1323644589.0,269612212539.0,0.0008325176144145615
3060,2019-06-28,4.08,4.09,4.04,4.08,156197446.0,917321841.0,269612212539.0,0.0005793411378848638
3061,2019-07-01,4.11,4.13,4.09,4.1,292782968.0,1733983996.0,269612212539.0,0.001085941045632895
3062,2019-07-02,4.09,4.12,4.09,4.11,271356968.0,1608451266.0,269612212539.0,0.001006471351740966
3063,2019-07-03,4.11,4.11,4.08,4.1,209673368.0,1186312926.0,269612212539.0,0.0007776849795692036
3064,2019-07-04,4.1,4.11,4.09,4.11,151690647.0,859960469.0,269612212539.0,0.0005626252815905275
3065,2019-07-05,4.09,4.11,4.09,4.1,128939220.0,729920554.0,269612212539.0,0.0004782395381342329
3066,2019-07-08,4.09,4.09,4.01,4.04,196259034.0,1097056866.0,269612212539.0,0.0007279308016197919
3067,2019-07-09,4.03,4.04,4.02,4.03,119393489.0,666052044.0,269612212539.0,0.0004428341278595808
3068,2019-07-10,4.03,4.04,4.01,4.01,105681805.0,587125216.0,269612212539.0,0.00039197706960218985
3069,2019-07-11,4.02,4.03,4.01,4.03,106293361.0,591679257.0,269612212539.0,0.0003942453496412906
3070,2019-07-12,4.03,4.08,4.02,4.06,141110788.0,790560846.0,269612212539.0,0.0005233842587141264
3071,2019-07-15,4.05,4.06,4.01,4.05,126161157.0,703712105.0,269612212539.0,0.0004679356169066359
3072,2019-07-16,4.05,4.06,4.03,4.06,80880541.0,453192172.0,269612212539.0,0.00029998841758067783
3073,2019-07-17,4.04,4.05,4.01,4.02,144943369.0,806704397.0,269612212539.0,0.0005375994196814568
3074,2019-07-18,4.01,4.03,4.01,4.03,120815069.0,671927101.0,269612212539.0,0.00044810681186232924
3075,2019-07-19,4.02,4.06,4.02,4.05,118948818.0,665457945.0,269612212539.0,0.00044118482942531316
3076,2019-07-22,4.04,4.09,4.04,4.08,160454821.0,903329968.0,269612212539.0,0.0005951318728812771
3077,2019-07-23,4.07,4.09,4.06,4.09,121051176.0,682694451.0,269612212539.0,0.0004489825399971067
3078,2019-07-24,4.09,4.12,4.09,4.11,170176204.0,967315317.0,269612212539.0,0.0006311887818337741
3079,2019-07-25,4.11,4.11,4.09,4.11,116424704.0,660682532.0,269612212539.0,0.00043182281286000316
3080,2019-07-26,4.1,4.12,4.09,4.11,113075070.0,642681828.0,269612212539.0,0.00041939891718978953
3081,2019-07-29,4.11,4.11,4.08,4.09,153249776.0,866677467.0,269612212539.0,0.0005684081390705997
3082,2019-07-30,4.1,4.11,4.08,4.09,134097379.0,759884552.0,269612212539.0,0.0004973713087295796
3083,2019-07-31,4.09,4.09,4.06,4.08,109315049.0,616467314.0,269612212539.0,0.0004054528834972093
3084,2019-08-01,4.06,4.08,4.05,4.06,104169149.0,585216834.0,269612212539.0,0.0003863665819104233
3085,2019-08-02,4.02,4.04,3.98,4.02,163615534.0,908481761.0,269612212539.0,0.0006068550547439785
3086,2019-08-05,4.01,4.01,3.96,3.96,147319156.0,812704127.0,269612212539.0,0.0005464112868354951
3087,2019-08-06,3.93,3.93,3.9,3.91,174138385.0,943338864.0,269612212539.0,0.0006458846331926099
3088,2019-08-07,3.93,3.93,3.89,3.9,112197485.0,605815403.0,269612212539.0,0.00041614392739635405
3089,2019-08-08,3.91,3.94,3.9,3.93,130839572.0,709635128.0,269612212539.0,0.00048528800223051385
3090,2019-08-09,3.93,3.97,3.93,3.95,150976836.0,824562308.0,269612212539.0,0.0005599777346071104
3091,2019-08-12,3.95,4.0,3.94,3.98,113892666.0,625444071.0,269612212539.0,0.00042243140593464464
3092,2019-08-13,3.97,4.0,3.96,3.98,100888918.0,555891366.0,269612212539.0,0.00037420010410472857
3093,2019-08-14,4.01,4.02,4.0,4.0,107570283.0,596398429.0,269612212539.0,0.00039898149266676754
3094,2019-08-15,3.96,4.02,3.95,4.02,102408453.0,566358431.0,269612212539.0,0.000379836106219359
3095,2019-08-16,4.02,4.02,3.98,3.98,115292763.0,637791324.0,269612212539.0,0.00042762440882874563
3096,2019-08-19,3.95,3.98,3.89,3.95,330967957.0,1797812975.0,269612212539.0,0.0012275703458801026
3097,2019-08-20,3.95,3.95,3.91,3.92,234932225.0,1273619748.0,269612212539.0,0.0008713708581209634
3098,2019-08-21,3.91,3.93,3.9,3.93,105821783.0,573831805.0,269612212539.0,0.00039249625231532363
3099,2019-08-22,3.93,3.93,3.89,3.9,164350174.0,887219738.0,269612212539.0,0.0006095798571299005
3100,2019-08-23,3.9,3.93,3.89,3.92,126358267.0,683684532.0,269612212539.0,0.00046866670396735827
3101,2019-08-26,3.88,3.9,3.88,3.89,139079415.0,747568384.0,269612212539.0,0.0005158498336935752
3102,2019-08-27,3.9,3.93,3.89,3.92,218947697.0,1185475198.0,269612212539.0,0.0008120837514670399
3103,2019-08-28,3.91,3.92,3.89,3.9,112578616.0,607677060.0,269612212539.0,0.0004175575540136753
3104,2019-08-29,3.9,3.92,3.89,3.92,128536586.0,694284311.0,269612212539.0,0.0004767461562276483
3105,2019-08-30,3.93,3.93,3.89,3.9,152896391.0,826775233.0,269612212539.0,0.0005670974232218179
3106,2019-09-02,3.9,3.92,3.89,3.9,189270769.0,1020599247.0,269612212539.0,0.0007020111115056465
3107,2019-09-03,3.89,3.9,3.88,3.9,123239749.0,663234360.0,269612212539.0,0.00045710002465920604
3108,2019-09-04,3.9,3.95,3.89,3.95,219854765.0,1193234818.0,269612212539.0,0.000815448094615512
3109,2019-09-05,3.96,4.01,3.95,3.98,295946164.0,1630622336.0,269612212539.0,0.0010976734370190696
3110,2019-09-06,3.98,4.0,3.97,3.99,139879541.0,771476211.0,269612212539.0,0.0005188175256703779
3111,2019-09-09,4.01,4.02,3.97,3.98,197991688.0,1091900683.0,269612212539.0,0.0007343572686692004
3112,2019-09-10,3.98,3.99,3.96,3.98,162130015.0,891826027.0,269612212539.0,0.000601345219020995
3113,2019-09-11,3.99,4.02,3.98,4.01,202682089.0,1121044832.0,269612212539.0,0.000751754110436231
3114,2019-09-12,4.01,4.03,4.0,4.03,132761719.0,736481643.0,269612212539.0,0.0004924173046530514
3115,2019-09-16,4.03,4.03,4.01,4.03,141443207.0,786981778.0,269612212539.0,0.0005246172110231836
3116,2019-09-17,4.02,4.03,3.97,3.98,137255414.0,758429381.0,269612212539.0,0.0005090845578078022
3117,2019-09-18,3.99,4.0,3.97,3.98,93277480.0,513953055.0,269612212539.0,0.0003459690461406944
3118,2019-09-19,3.98,3.98,3.95,3.98,86523907.0,474638527.0,269612212539.0,0.00032091983588274634
3119,2019-09-20,3.98,4.0,3.96,4.0,142258252.0,784177784.0,269612212539.0,0.0005276402380304714
3120,2019-09-23,3.98,3.99,3.94,3.96,152015934.0,832298517.0,269612212539.0,0.0005638317810919286
3121,2019-09-24,3.96,3.99,3.95,3.98,101388591.0,557207488.0,269612212539.0,0.00037605340665098366
3122,2019-09-25,3.97,3.99,3.95,3.97,99909055.0,549254645.0,269612212539.0,0.0003705657620592685
3123,2019-09-26,3.98,4.02,3.98,4.01,211900305.0,1174808257.0,269612212539.0,0.0007859447574888624
3124,2019-09-27,4.01,4.03,3.96,4.01,191022795.0,1056834869.0,269612212539.0,0.0007085094298996866
3125,2019-09-30,4.0,4.05,3.99,4.0,149903294.0,833912971.0,269612212539.0,0.0005559959342654635
3126,2019-10-08,3.98,4.03,3.96,4.02,125317591.0,694816959.0,269612212539.0,0.0004648068046319398
3127,2019-10-09,4.0,4.05,4.0,4.03,123120336.0,686629146.0,269612212539.0,0.00045665711816444656
3128,2019-10-10,4.03,4.03,4.01,4.03,76076742.0,423452590.0,269612212539.0,0.00028217097913914166
3129,2019-10-11,4.02,4.09,4.02,4.08,164320120.0,922238774.0,269612212539.0,0.0006094683859182779
3130,2019-10-14,4.09,4.17,4.08,4.14,219518046.0,1254701740.0,269612212539.0,0.0008141991934740205
3131,2019-10-15,4.13,4.15,4.11,4.14,114343834.0,652994101.0,269612212539.0,0.00042410480194201113
3132,2019-10-16,4.16,4.19,4.1,4.14,141408181.0,810716159.0,269612212539.0,0.00052448729851043
3133,2019-10-17,4.13,4.14,4.11,4.13,70660979.0,403474493.0,269612212539.0,0.0002620837473739389
3134,2019-10-18,4.14,4.16,4.09,4.1,126491558.0,721838808.0,269612212539.0,0.0004691610843915415
3135,2019-10-21,4.11,4.19,4.1,4.19,194104535.0,1116127966.0,269612212539.0,0.000719939698473126
3136,2019-10-22,4.19,4.2,4.16,4.2,110765465.0,640665454.0,269612212539.0,0.0004108325211120677
3137,2019-10-23,4.19,4.26,4.18,4.24,163848710.0,957097644.0,269612212539.0,0.0006077199117094851
3138,2019-10-24,4.24,4.35,4.24,4.28,223028700.0,1325648418.0,269612212539.0,0.0008272203172834332
3139,2019-10-25,4.27,4.33,4.22,4.32,176653086.0,1046629180.0,269612212539.0,0.0006552117366510122
3140,2019-10-28,4.34,4.35,4.27,4.29,170705243.0,1014224887.0,269612212539.0,0.0006331510037784624
3141,2019-10-29,4.29,4.32,4.25,4.27,119801494.0,709827271.0,269612212539.0,0.000444347430970585
3142,2019-10-30,4.28,4.32,4.27,4.3,123356913.0,733775252.0,269612212539.0,0.00045753458954369934
3143,2019-10-31,4.32,4.32,4.24,4.27,96932643.0,572353999.0,269612212539.0,0.00035952615828178957
3144,2019-11-01,4.27,4.32,4.21,4.29,133179414.0,785011338.0,269612212539.0,0.0004939665482724946
3145,2019-11-04,4.29,4.32,4.27,4.27,112164213.0,664293605.0,269612212539.0,0.0004160205205236213
3146,2019-11-05,4.27,4.34,4.26,4.28,202185218.0,1202831879.0,269612212539.0,0.0007499112005942737
3147,2019-11-06,4.27,4.34,4.27,4.32,156620423.0,932669708.0,269612212539.0,0.0005809099726049855
3148,2019-11-07,4.32,4.33,4.29,4.3,110257031.0,657380180.0,269612212539.0,0.0004089467237469856
3149,2019-11-08,4.32,4.33,4.24,4.24,170420398.0,1006735310.0,269612212539.0,0.0006320945049006203
3150,2019-11-11,4.22,4.23,4.16,4.17,135637022.0,785921491.0,269612212539.0,0.0005030818920355093
3151,2019-11-12,4.17,4.21,4.16,4.19,87512554.0,506219092.0,269612212539.0,0.0003245867580547417
3152,2019-11-13,4.19,4.21,4.15,4.18,106618266.0,616839590.0,269612212539.0,0.00039545043229292676
3153,2019-11-14,4.17,4.19,4.15,4.16,78018538.0,449636131.0,269612212539.0,0.0002893731603078419
3154,2019-11-15,4.16,4.2,4.16,4.19,93017906.0,537829174.0,269612212539.0,0.00034500627818016496
3155,2019-11-18,4.18,4.21,4.16,4.21,83883782.0,486225054.0,269612212539.0,0.00031112753094545385
3156,2019-11-19,4.2,4.23,4.19,4.23,101075835.0,589556586.0,269612212539.0,0.00037489338501452027
3157,2019-11-20,4.22,4.23,4.19,4.19,70773995.0,411396344.0,269612212539.0,0.0002625029271986794
3158,2019-11-21,4.17,4.18,4.13,4.14,142098283.0,814571213.0,269612212539.0,0.0005270469080826417
3159,2019-11-22,4.14,4.16,4.13,4.13,111508737.0,639050192.0,269612212539.0,0.00041358933985184373
3160,2019-11-25,4.14,4.23,4.13,4.22,191630520.0,1112388234.0,269612212539.0,0.0007107635006417977
3161,2019-11-26,4.23,4.26,4.22,4.23,153679230.0,900597531.0,269612212539.0,0.0005700009971832043
3162,2019-11-27,4.24,4.26,4.22,4.25,86381862.0,506920677.0,269612212539.0,0.0003203929866029517
3163,2019-11-28,4.24,4.25,4.21,4.22,75497665.0,441313058.0,269612212539.0,0.00028002316471135037
3164,2019-11-29,4.21,4.25,4.19,4.19,103218913.0,601912619.0,269612212539.0,0.00038284212732043495
3165,2019-12-02,4.19,4.22,4.19,4.2,85003834.0,493980584.0,269612212539.0,0.0003152818383095462
3166,2019-12-03,4.19,4.21,4.16,4.19,74795477.0,433027810.0,269612212539.0,0.00027741872779290616
3167,2019-12-04,4.19,4.19,4.15,4.16,92944879.0,535386415.0,269612212539.0,0.0003447354187880318
3168,2019-12-05,4.18,4.19,4.16,4.17,79021395.0,456172044.0,269612212539.0,0.0002930927878074862
3169,2019-12-06,4.17,4.19,4.14,4.16,109604045.0,629666588.0,269612212539.0,0.00040652477856189666
3170,2019-12-09,4.15,4.16,4.12,4.15,110498201.0,632087933.0,269612212539.0,0.00040984123070469665
3171,2019-12-10,4.14,4.14,4.11,4.12,97765765.0,557745079.0,269612212539.0,0.00036261623343882454
3172,2019-12-11,4.13,4.16,4.11,4.16,112880754.0,646313686.0,269612212539.0,0.0004186781931611186
3173,2019-12-12,4.16,4.16,4.14,4.15,90960565.0,522169061.0,269612212539.0,0.00033737553704783443
3174,2019-12-13,4.18,4.21,4.16,4.21,149433687.0,864842609.0,269612212539.0,0.0005542541474392006
3175,2019-12-16,4.2,4.2,4.16,4.18,141157862.0,815376177.0,269612212539.0,0.0005235588576299421
3176,2019-12-17,4.19,4.25,4.16,4.22,238492711.0,1386519848.0,269612212539.0,0.0008845768103531345
3177,2019-12-18,4.22,4.28,4.21,4.24,184446706.0,1083556133.0,269612212539.0,0.0006841185132640064
3178,2019-12-19,4.24,4.3,4.24,4.29,166841719.0,986230754.0,269612212539.0,0.0006188210742711293
3179,2019-12-20,4.28,4.3,4.26,4.29,120161786.0,710919147.0,269612212539.0,0.0004456837650950931
3180,2019-12-23,4.29,4.29,4.24,4.25,119138984.0,702161148.0,269612212539.0,0.00044189016097616974
3181,2019-12-24,4.24,4.25,4.22,4.24,68218761.0,400001440.0,269612212539.0,0.00025302548559491534
3182,2019-12-25,4.24,4.24,4.22,4.22,78147848.0,456919139.0,269612212539.0,0.0002898527750804157
3183,2019-12-26,4.23,4.24,4.21,4.24,89514469.0,523540970.0,269612212539.0,0.0003320119224460262
3184,2019-12-27,4.23,4.29,4.23,4.27,130319442.0,769054268.0,269612212539.0,0.0004833588240412107
3185,2019-12-30,4.25,4.26,4.2,4.26,210666499.0,1233513921.0,269612212539.0,0.0007813685330353002
3186,2019-12-31,4.24,4.27,4.22,4.25,140055936.0,821744258.0,269612212539.0,0.0005194717801581062
3187,2020-01-02,4.28,4.36,4.27,4.32,234949397.0,1404442753.0,269612212539.0,0.0008714345495978379
3188,2020-01-03,4.32,4.35,4.31,4.33,152213047.0,911951562.0,269612212539.0,0.0005645628792797435
3189,2020-01-06,4.31,4.37,4.3,4.32,226509705.0,1359917424.0,269612212539.0,0.0008401314720386966
3190,2020-01-07,4.32,4.37,4.32,4.35,116804353.0,701615827.0,269612212539.0,0.0004332309426936808
3191,2020-01-08,4.31,4.32,4.27,4.27,158559090.0,940552725.0,269612212539.0,0.0005881005482163167
3192,2020-01-09,4.3,4.31,4.25,4.27,137713429.0,813806686.0,269612212539.0,0.000510783349549047
3193,2020-01-10,4.27,4.29,4.24,4.27,97837773.0,576580178.0,269612212539.0,0.0003628833133285739
3194,2020-01-13,4.27,4.29,4.24,4.29,108991003.0,642791834.0,269612212539.0,0.0004042509869030292
3195,2020-01-14,4.28,4.31,4.27,4.29,136770059.0,812389848.0,269612212539.0,0.0005072843611645222
3196,2020-01-15,4.29,4.29,4.24,4.25,128890756.0,759512875.0,269612212539.0,0.00047805978366560704
3197,2020-01-16,4.24,4.26,4.19,4.19,269031351.0,1572007903.0,269612212539.0,0.0009978455666620964
3198,2020-01-17,4.2,4.22,4.19,4.21,103949027.0,605076653.0,269612212539.0,0.0003855501426329623
3199,2020-01-20,4.2,4.24,4.19,4.22,103339962.0,602786615.0,269612212539.0,0.000383291101789581
3200,2020-01-21,4.21,4.22,4.16,4.17,143223669.0,828268482.0,269612212539.0,0.0005312209994170141
3201,2020-01-22,4.16,4.19,4.13,4.19,128370788.0,738870049.0,269612212539.0,0.0004761312063392933
3202,2020-01-23,4.16,4.18,4.12,4.14,200037655.0,1146238550.0,269612212539.0,0.0007419458232852271
3203,2020-02-03,3.83,4.03,3.83,3.92,468039902.0,2524272183.0,269612212539.0,0.0017359744115163069
3204,2020-02-04,3.9,4.0,3.88,3.98,401385261.0,2178867252.0,269612212539.0,0.00148875029517418
3205,2020-02-05,3.97,3.99,3.92,3.97,250853805.0,1374458723.0,269612212539.0,0.0009304244887041734
3206,2020-02-06,3.98,4.0,3.93,3.98,280995429.0,1538957671.0,269612212539.0,0.0010422207004415773
3207,2020-02-07,3.95,3.95,3.9,3.93,237318996.0,1288428158.0,269612212539.0,0.0008802234652692941
3208,2020-02-10,3.91,3.93,3.89,3.92,190238633.0,1027646561.0,269612212539.0,0.0007056009488905535
3209,2020-02-11,3.93,3.95,3.91,3.95,198498450.0,1081002724.0,269612212539.0,0.0007362368645347872
3210,2020-02-12,3.95,3.95,3.92,3.95,203914433.0,1109148701.0,269612212539.0,0.0007563249122867657
3211,2020-02-13,3.94,3.94,3.9,3.91,199565762.0,1082005691.0,269612212539.0,0.0007401955576145586
3212,2020-02-14,3.9,3.93,3.9,3.93,141576448.0,767126663.0,269612212539.0,0.0005251114059958269
3213,2020-02-17,3.92,3.97,3.91,3.97,214194906.0,1169117310.0,269612212539.0,0.0007944555032684814
3214,2020-02-18,3.95,3.96,3.93,3.95,184542440.0,1007061194.0,269612212539.0,0.0006844735936184847
3215,2020-02-19,3.94,3.98,3.94,3.96,204052382.0,1115986859.0,269612212539.0,0.000756836569376409
3216,2020-02-20,3.96,3.99,3.93,3.98,283668091.0,1552477582.0,269612212539.0,0.0010521336861139656
3217,2020-02-21,3.97,3.99,3.95,3.97,223710293.0,1228187059.0,269612212539.0,0.0008297483667125792
3218,2020-02-24,3.96,3.97,3.93,3.93,193329190.0,1053685893.0,269612212539.0,0.0007170639199885446
3219,2020-02-25,3.9,3.92,3.9,3.91,230133275.0,1243466243.0,269612212539.0,0.0008535714047697699
3220,2020-02-26,3.89,3.93,3.88,3.91,257968813.0,1393315557.0,269612212539.0,0.0009568142725088325
3221,2020-02-27,3.9,3.92,3.9,3.9,222555623.0,1202215361.0,269612212539.0,0.0008254656601202991
3222,2020-02-28,3.88,3.89,3.82,3.83,422937146.0,2256218764.0,269612212539.0,0.0015686869004081973
3223,2020-03-02,3.83,3.88,3.82,3.88,239902317.0,1279829481.0,269612212539.0,0.0008898050824210999
3224,2020-03-03,3.88,3.9,3.87,3.89,255403193.0,1374004536.0,269612212539.0,0.0009472983089111936
3225,2020-03-04,3.88,3.9,3.88,3.9,134281589.0,721906815.0,269612212539.0,0.0004980545492929994
3226,2020-03-05,3.9,3.95,3.89,3.95,330539755.0,1794965702.0,269612212539.0,0.0012259821314740582
3227,2020-03-06,3.92,3.93,3.9,3.91,195949873.0,1059304456.0,269612212539.0,0.0007267841139490498
3228,2020-03-09,3.86,3.87,3.83,3.84,288062025.0,1532677429.0,269612212539.0,0.001068430922647212
3229,2020-03-10,3.82,3.88,3.82,3.88,250820767.0,1336201306.0,269612212539.0,0.0009303019497446475
3230,2020-03-11,3.87,3.88,3.85,3.85,169406955.0,904475654.0,269612212539.0,0.0006283356136009415
3231,2020-03-12,3.83,3.85,3.81,3.82,246296488.0,1303003586.0,269612212539.0,0.0009135212595919507
3232,2020-03-13,3.73,3.81,3.71,3.77,299724107.0,1553653695.0,269612212539.0,0.0011116859439616231
3233,2020-03-16,3.77,3.82,3.72,3.74,304466305.0,1586443700.0,269612212539.0,0.0011292749023969317
3234,2020-03-17,3.73,3.78,3.7,3.74,257712932.0,1329255603.0,269612212539.0,0.0009558652019990425
3235,2020-03-18,3.75,3.76,3.69,3.69,202506811.0,1045181428.0,269612212539.0,0.0007511039989359048
3236,2020-03-19,3.69,3.7,3.56,3.61,289884968.0,1452206739.0,269612212539.0,0.0010751922743784
3237,2020-03-20,3.63,3.69,3.62,3.67,212513611.0,1073508058.0,269612212539.0,0.0007882195283318608
3238,2020-03-23,3.62,3.64,3.6,3.61,139989311.0,699169083.0,269612212539.0,0.000519224665981146
3239,2020-03-24,3.63,3.7,3.63,3.7,230331606.0,1166514215.0,269612212539.0,0.0008543070205570975
3240,2020-03-25,3.74,3.75,3.69,3.75,232178619.0,1195478388.0,269612212539.0,0.0008611576486596091
3241,2020-03-26,3.71,3.77,3.69,3.75,155612848.0,805142973.0,269612212539.0,0.0005771728458980331
3242,2020-03-27,3.77,3.8,3.75,3.77,172736492.0,901046977.0,269612212539.0,0.0006406849688791945
3243,2020-03-30,3.75,3.79,3.72,3.77,195388477.0,1016609263.0,269612212539.0,0.0007247018788948095
3244,2020-03-31,3.77,3.79,3.7,3.72,176103197.0,912323378.0,269612212539.0,0.000653172181414172
3245,2020-04-01,3.72,3.75,3.71,3.73,101858447.0,525623743.0,269612212539.0,0.00037779611702591534
3246,2020-04-02,3.72,3.75,3.69,3.75,122885637.0,632366527.0,269612212539.0,0.0004557866123450336
3247,2020-04-03,3.73,3.75,3.7,3.72,109604624.0,564119678.0,269612212539.0,0.0004065269260907291
3248,2020-04-07,3.75,3.75,3.71,3.73,170301628.0,878022933.0,269612212539.0,0.0006316539833126643
3249,2020-04-08,3.72,3.72,3.7,3.72,103474315.0,531023692.0,269612212539.0,0.0003837894212044724
3250,2020-04-09,3.72,3.72,3.7,3.71,73582092.0,377790164.0,269612212539.0,0.00027291824545728317
3251,2020-04-10,3.71,3.72,3.69,3.69,97806890.0,500477715.0,269612212539.0,0.0003627687673304191
3252,2020-04-13,3.69,3.71,3.68,3.69,85508709.0,436405778.0,269612212539.0,0.00031715443523401587
3253,2020-04-14,3.69,3.71,3.69,3.7,88321771.0,451932583.0,269612212539.0,0.0003275881688305349
3254,2020-04-15,3.69,3.71,3.69,3.71,94603541.0,484407191.0,269612212539.0,0.00035088744723058636
3255,2020-04-16,3.69,3.71,3.69,3.7,70063172.0,358394225.0,269612212539.0,0.00025986646279928884
3256,2020-04-17,3.71,3.74,3.69,3.72,138244872.0,710819554.0,269612212539.0,0.0005127544880037753
3257,2020-04-20,3.72,3.72,3.7,3.7,103808722.0,532094032.0,269612212539.0,0.00038502974706675736
3258,2020-04-21,3.69,3.7,3.67,3.67,117604888.0,598287912.0,269612212539.0,0.0004362001516640801
3259,2020-04-22,3.67,3.69,3.65,3.68,87658356.0,445105983.0,269612212539.0,0.0003251275421632469
3260,2020-04-23,3.68,3.68,3.65,3.67,103342243.0,523778033.0,269612212539.0,0.00038329956208883276
3261,2020-04-24,3.66,3.67,3.64,3.65,68795221.0,347600182.0,269612212539.0,0.0002551635934891066
3262,2020-04-27,3.65,3.69,3.65,3.68,117299682.0,596976653.0,269612212539.0,0.00043506813321014657
3263,2020-04-28,3.68,3.7,3.64,3.69,150513612.0,766309872.0,269612212539.0,0.0005582596225244354
3264,2020-04-29,3.69,3.72,3.67,3.72,121079635.0,621183010.0,269612212539.0,0.00044908809530460556
3265,2020-04-30,3.72,3.75,3.72,3.74,104063910.0,537925254.0,269612212539.0,0.0003859762472182039
3266,2020-05-06,3.7,3.7,3.67,3.69,162061217.0,826750780.0,269612212539.0,0.0006010900451201092
3267,2020-05-07,3.69,3.69,3.68,3.69,78898187.0,402339514.0,269612212539.0,0.00029263580554084585
3268,2020-05-08,3.69,3.7,3.68,3.69,114827797.0,586300547.0,269612212539.0,0.0004258998356144194
3269,2020-05-11,3.69,3.72,3.69,3.72,113051885.0,579421726.0,269612212539.0,0.00041931292331072277
3270,2020-05-12,3.71,3.72,3.69,3.71,101632081.0,521289496.0,269612212539.0,0.00037695651856014753
3271,2020-05-13,3.7,3.71,3.69,3.71,55628021.0,284796153.0,269612212539.0,0.00020632604315708912
3272,2020-05-14,3.7,3.71,3.68,3.69,81152500.0,414442713.0,269612212539.0,0.0003009971218876486
3273,2020-05-15,3.69,3.7,3.67,3.68,95906130.0,488458006.0,269612212539.0,0.0003557187899495724
3274,2020-05-18,3.68,3.69,3.67,3.69,93617881.0,476194382.0,269612212539.0,0.00034723160393358655
3275,2020-05-19,3.7,3.71,3.69,3.7,136180096.0,696256254.0,269612212539.0,0.0005050961702274568
3276,2020-05-20,3.69,3.7,3.69,3.7,86764868.0,443325188.0,269612212539.0,0.00032181356765302046
3277,2020-05-21,3.7,3.71,3.69,3.69,81003105.0,414491659.0,269612212539.0,0.0003004430112314839
3278,2020-05-22,3.69,3.69,3.65,3.65,143377084.0,727859693.0,269612212539.0,0.0005317900203769894
3279,2020-05-25,3.66,3.69,3.64,3.68,105506493.0,535413169.0,269612212539.0,0.00039132683199481647
3280,2020-05-26,3.69,3.69,3.67,3.67,92522125.0,471204943.0,269612212539.0,0.00034316741118177826
3281,2020-05-27,3.67,3.71,3.67,3.7,119594005.0,611685990.0,269612212539.0,0.0004435778478792034
3282,2020-05-28,3.7,3.75,3.7,3.74,145728739.0,751332007.0,269612212539.0,0.0005405123811997945
3283,2020-05-29,3.72,3.72,3.69,3.7,125761411.0,644333222.0,269612212539.0,0.00046645294668099777
3284,2020-06-01,3.71,3.73,3.7,3.73,105007887.0,540140879.0,269612212539.0,0.00038947748698442354
3285,2020-06-02,3.72,3.75,3.71,3.75,152829199.0,788749046.0,269612212539.0,0.0005668482060243948
3286,2020-06-03,3.76,3.79,3.75,3.75,134546779.0,700101340.0,269612212539.0,0.000499038147170494
3287,2020-06-04,3.76,3.77,3.74,3.75,76394115.0,396059493.0,269612212539.0,0.00028334812537080244
3288,2020-06-05,3.75,3.77,3.73,3.77,109865757.0,569906514.0,269612212539.0,0.0004074954764302736
3289,2020-06-08,3.77,3.8,3.76,3.79,170929414.0,894672989.0,269612212539.0,0.0006339824609216271
3290,2020-06-09,3.79,3.82,3.78,3.8,118676521.0,624176016.0,269612212539.0,0.0004401748714659325
3291,2020-06-10,3.81,3.82,3.8,3.81,130116167.0,685774219.0,269612212539.0,0.0004826048708056146
3292,2020-06-11,3.81,3.83,3.79,3.81,201954547.0,1065079808.0,269612212539.0,0.0007490556347509178
3293,2020-06-12,3.78,3.85,3.76,3.77,379726025.0,2002673521.0,269612212539.0,0.0014084155217748966
3294,2020-06-15,3.79,3.84,3.78,3.79,216077601.0,1137899837.0,269612212539.0,0.0008014384770079504
3295,2020-06-16,3.81,3.84,3.8,3.83,123037983.0,650847977.0,269612212539.0,0.0004563516683510851
3296,2020-06-17,3.82,3.83,3.8,3.8,87984468.0,463475830.0,269612212539.0,0.00032633710161505703
3297,2020-06-18,3.76,3.77,3.73,3.75,210965506.0,1095065086.0,269612212539.0,0.0007824775592073129
3298,2020-06-19,3.75,3.77,3.72,3.76,198605088.0,1029454851.0,269612212539.0,0.000736632388161094
3299,2020-06-22,3.76,3.77,3.73,3.73,156983957.0,814365099.0,269612212539.0,0.0005822583314073428
3300,2020-06-23,3.73,3.73,3.7,3.72,179893542.0,924358314.0,269612212539.0,0.0006672306877566906
3301,2020-06-24,3.72,3.79,3.72,3.77,194172776.0,1008333086.0,269612212539.0,0.0007201928064438568
3302,2020-06-29,3.82,3.84,3.76,3.8,300096304.0,1574885416.0,269612212539.0,0.0011130664340977892
3303,2020-06-30,3.81,3.83,3.78,3.79,213559908.0,1064429272.0,269612212539.0,0.0007921002761293985
3304,2020-07-01,3.79,3.8,3.74,3.8,195342430.0,968080285.0,269612212539.0,0.0007245310891536239
3305,2020-07-02,3.79,3.86,3.78,3.85,333639508.0,1672846064.0,269612212539.0,0.0012374792108192736
3306,2020-07-03,3.85,3.94,3.85,3.93,349460778.0,1791281772.0,269612212539.0,0.0012961607885230708
3307,2020-07-06,3.96,4.27,3.95,4.26,746359638.0,4044172401.0,269612212539.0,0.002768270884213145
3308,2020-07-07,4.32,4.45,4.23,4.23,622456480.0,3518396225.0,269612212539.0,0.002308710255140836
3309,2020-07-08,4.2,4.25,4.09,4.16,613051056.0,3357353297.0,269612212539.0,0.0022738252478504504
3310,2020-07-09,4.13,4.15,4.07,4.09,569342048.0,3064469064.0,269612212539.0,0.0021117071909999012
3311,2020-07-10,4.08,4.09,3.96,3.97,626079327.0,3302585366.0,269612212539.0,0.002322147506242642
3312,2020-07-13,3.96,4.0,3.93,3.97,608928410.0,3167529369.0,269612212539.0,0.002258534226864509
3313,2020-07-14,3.95,3.96,3.9,3.91,463922050.0,2397441231.0,269612212539.0,0.001720701171624014
3314,2020-07-15,3.93,3.94,3.86,3.87,461149414.0,2355023798.0,269612212539.0,0.0017104173793065613
3315,2020-07-16,3.87,3.9,3.84,3.85,492285809.0,2505984420.0,269612212539.0,0.0018259032273205717
3316,2020-07-17,3.85,3.87,3.83,3.85,297529798.0,1504161297.0,269612212539.0,0.0011035471842988627
3317,2020-07-20,3.86,3.91,3.84,3.9,386592363.0,1974500422.0,269612212539.0,0.0014338829808908547
3318,2020-07-21,3.9,3.91,3.87,3.88,226253759.0,1154453551.0,269612212539.0,0.0008391821604419047
3319,2020-07-22,3.88,3.91,3.86,3.87,292661107.0,1493366737.0,269612212539.0,0.0010854890594307405
3320,2020-07-23,3.86,3.87,3.82,3.83,375136563.0,1890158446.0,269612212539.0,0.0013913930658676513
3321,2020-07-24,3.83,3.83,3.78,3.79,363761006.0,1817042791.0,269612212539.0,0.001349200774602824
3322,2020-07-27,3.79,3.81,3.77,3.78,217634490.0,1082016314.0,269612212539.0,0.0008072130262590338
3323,2020-07-28,3.8,3.81,3.78,3.79,174844591.0,870345478.0,269612212539.0,0.0006485039729968032
3324,2020-07-29,3.78,3.82,3.75,3.82,275856664.0,1375574099.0,269612212539.0,0.0010231608627895396
3325,2020-07-30,3.82,3.82,3.79,3.79,153782861.0,768439793.0,269612212539.0,0.0005703853677538993
3326,2020-07-31,3.79,3.81,3.77,3.78,254967287.0,1268345180.0,269612212539.0,0.0009456815201318761
3327,2020-08-03,3.79,3.81,3.78,3.79,244686781.0,1217707580.0,269612212539.0,0.0009075508067521442
3328,2020-08-04,3.8,3.86,3.78,3.84,401220469.0,2015491478.0,269612212539.0,0.0014881390765708084
3329,2020-08-05,3.82,3.83,3.8,3.81,205232006.0,1027991586.0,269612212539.0,0.0007612118311232386
3330,2020-08-06,3.81,3.83,3.79,3.82,209927052.0,1049299499.0,269612212539.0,0.000778625901338329
3331,2020-08-07,3.81,3.81,3.78,3.79,192143281.0,957716708.0,269612212539.0,0.0007126653469831455
3332,2020-08-10,3.78,3.81,3.78,3.8,200986917.0,1001722875.0,269612212539.0,0.0007454666652792176
3333,2020-08-11,3.79,3.82,3.78,3.79,276724552.0,1383596404.0,269612212539.0,0.0010263798861113206
3334,2020-08-12,3.78,3.8,3.78,3.8,225612404.0,1121910727.0,269612212539.0,0.0008368033549940349
3335,2020-08-13,3.79,3.81,3.78,3.79,116382932.0,580121567.0,269612212539.0,0.00043166787922548186
3336,2020-08-14,3.79,3.82,3.78,3.82,208584453.0,1042149480.0,269612212539.0,0.0007736461602970889
3337,2020-08-17,3.82,3.89,3.82,3.87,548693326.0,2783708791.0,269612212539.0,0.0020351204451490874
3338,2020-08-18,3.87,3.87,3.84,3.84,237195504.0,1199875631.0,269612212539.0,0.0008797654296379069
3339,2020-08-19,3.85,3.86,3.83,3.83,163005140.0,821836841.0,269612212539.0,0.0006045910845986658
3340,2020-08-20,3.82,3.83,3.8,3.81,164245323.0,821731215.0,269612212539.0,0.000609190961541631
3341,2020-08-21,3.81,3.82,3.8,3.81,130184483.0,651086296.0,269612212539.0,0.00048285825695365537
3342,2020-08-24,3.81,3.82,3.8,3.8,120078607.0,600551218.0,269612212539.0,0.00044537525162229204
3343,2020-08-25,3.81,3.81,3.79,3.81,154898745.0,773465195.0,269612212539.0,0.0005745242158776229
3344,2020-08-26,3.81,3.81,3.78,3.79,151462246.0,754742689.0,269612212539.0,0.0005617781352470843
3345,2020-08-27,3.79,3.79,3.78,3.78,141665658.0,703831745.0,269612212539.0,0.0005254422886333747
3346,2020-08-28,3.78,3.81,3.78,3.81,210367849.0,1048187711.0,269612212539.0,0.0007802608309872826
3347,2020-08-31,3.8,3.81,3.78,3.78,263148438.0,1312043186.0,269612212539.0,0.000976025661159303
3348,2020-09-01,3.78,3.78,3.76,3.78,156648375.0,776360132.0,269612212539.0,0.0005810136474338693
3349,2020-09-02,3.78,3.78,3.74,3.74,272900852.0,1345657210.0,269612212539.0,0.001012197665046513
3350,2020-09-03,3.74,3.76,3.72,3.74,183967179.0,903223968.0,269612212539.0,0.000682339932852221
3351,2020-09-04,3.72,3.74,3.71,3.73,140939398.0,689451433.0,269612212539.0,0.0005227485679255453
3352,2020-09-07,3.72,3.74,3.71,3.73,152562738.0,748340493.0,269612212539.0,0.0005658598939687551
3353,2020-09-08,3.73,3.78,3.72,3.77,199548082.0,984987767.0,269612212539.0,0.0007401299819500385
3354,2020-09-09,3.75,3.77,3.74,3.76,161334069.0,796614938.0,269612212539.0,0.0005983930307929307
3355,2020-09-10,3.76,3.77,3.73,3.74,144437836.0,710761036.0,269612212539.0,0.0005357243822147216
3356,2020-09-11,3.73,3.77,3.73,3.75,149430213.0,735936771.0,269612212539.0,0.0005542412622662061
3357,2020-09-14,3.75,3.76,3.74,3.75,102757121.0,505351326.0,269612212539.0,0.00038112932656986356
3358,2020-09-15,3.74,3.75,3.74,3.74,82808103.0,407040417.0,269612212539.0,0.00030713780440499007
3359,2020-09-16,3.74,3.76,3.73,3.76,107615627.0,530226172.0,269612212539.0,0.0003991496749593016
3360,2020-09-17,3.76,3.77,3.74,3.76,120886368.0,596571628.0,269612212539.0,0.00044837126204924237
3361,2020-09-18,3.77,3.79,3.75,3.79,260734428.0,1293690927.0,269612212539.0,0.0009670720237210478
3362,2020-09-21,3.78,3.8,3.76,3.78,121766522.0,604081552.0,269612212539.0,0.0004516357803427996
3363,2020-09-22,3.77,3.78,3.74,3.75,109705020.0,542057884.0,269612212539.0,0.0004068992979467906
3364,2020-09-23,3.75,3.76,3.74,3.74,100583616.0,495260688.0,269612212539.0,0.0003730677295838383
3365,2020-09-24,3.74,3.74,3.71,3.73,126596512.0,619885384.0,269612212539.0,0.00046955036200998324
3366,2020-09-25,3.73,3.74,3.71,3.72,108001750.0,528791477.0,269612212539.0,0.00040058181705836975
3367,2020-09-28,3.73,3.76,3.71,3.76,163464701.0,803113059.0,269612212539.0,0.0006062956105015253
3368,2020-09-29,3.76,3.77,3.74,3.74,115613449.0,570003173.0,269612212539.0,0.0004288138430794423
3369,2020-09-30,3.74,3.77,3.74,3.74,151234271.0,745278042.0,269612212539.0,0.0005609325689507616
3370,2020-10-09,3.76,3.76,3.74,3.74,128998422.0,635218844.0,269612212539.0,0.00047845912017557477
3371,2020-10-12,3.74,3.78,3.74,3.78,252543847.0,1248536339.0,269612212539.0,0.0009366929065331897
3372,2020-10-13,3.77,3.78,3.74,3.74,167433669.0,825268306.0,269612212539.0,0.0006210166350523916
3373,2020-10-14,3.74,3.75,3.74,3.74,140848926.0,692484410.0,269612212539.0,0.0005224130044911296
3374,2020-10-15,3.74,3.77,3.73,3.75,201150932.0,992203997.0,269612212539.0,0.0007460750019656587
3375,2020-10-16,3.74,3.82,3.74,3.8,500955753.0,2496968034.0,269612212539.0,0.0018580603166391642
3376,2020-10-19,3.8,3.87,3.79,3.82,345816276.0,1741740680.0,269612212539.0,0.0012826432183593202
3377,2020-10-20,3.81,3.81,3.77,3.79,240689629.0,1197285748.0,269612212539.0,0.0008927252468772486
3378,2020-10-21,3.79,3.86,3.77,3.84,325876182.0,1637539375.0,269612212539.0,0.0012086847955852938
3379,2020-10-22,3.84,3.86,3.82,3.85,191063454.0,963485741.0,269612212539.0,0.0007086602353829289
3380,2020-10-23,3.84,3.87,3.83,3.85,235615563.0,1193368824.0,269612212539.0,0.000873905379808853
3381,2020-10-26,3.85,3.86,3.81,3.82,179783563.0,905802521.0,269612212539.0,0.0006668227722584855
3382,2020-10-27,3.81,3.84,3.81,3.83,159795896.0,801971542.0,269612212539.0,0.0005926878997622749
3383,2020-10-28,3.82,3.83,3.79,3.81,182063873.0,910381917.0,269612212539.0,0.0006752805122789609
3384,2020-10-29,3.79,3.8,3.77,3.78,167446150.0,831255143.0,269612212539.0,0.0006210629274657895
3385,2020-10-30,3.78,3.79,3.74,3.74,210764327.0,1040631799.0,269612212539.0,0.0007817313801002707
3386,2020-11-02,3.74,3.77,3.74,3.76,157226709.0,775279272.0,269612212539.0,0.0005831587060517772
3387,2020-11-03,3.77,3.79,3.76,3.77,135357406.0,671170596.0,269612212539.0,0.0005020447876797133
3388,2020-11-04,3.78,3.79,3.75,3.77,146498496.0,726041151.0,269612212539.0,0.0005433674336202729
3389,2020-11-05,3.78,3.8,3.76,3.77,163734975.0,811620262.0,269612212539.0,0.0006072980650916003
3390,2020-11-06,3.77,3.79,3.75,3.78,165958743.0,822468060.0,269612212539.0,0.0006155460890926582
3391,2020-11-09,3.78,3.8,3.78,3.79,225602124.0,1122494987.0,269612212539.0,0.0008367652261574248
3392,2020-11-10,3.81,3.84,3.81,3.82,259168387.0,1300974713.0,269612212539.0,0.0009612635294200953
3393,2020-11-11,3.81,3.87,3.81,3.86,309611502.0,1564938518.0,269612212539.0,0.001148358596535066
3394,2020-11-12,3.85,3.85,3.81,3.81,139875220.0,702982495.0,269612212539.0,0.0005188014989482969
3395,2020-11-13,3.81,3.81,3.77,3.78,192265408.0,955481766.0,269612212539.0,0.0007131183197874925
3396,2020-11-16,3.78,3.8,3.78,3.79,128241596.0,637821655.0,269612212539.0,0.00047565202923235375
3397,2020-11-17,3.79,3.81,3.78,3.81,122033280.0,608551314.0,269612212539.0,0.00045262519398058654
3398,2020-11-18,3.81,3.84,3.79,3.83,193561819.0,972693582.0,269612212539.0,0.0007179267481142044
3399,2020-11-19,3.82,3.84,3.82,3.84,154569394.0,778151977.0,269612212539.0,0.000573302642875056
3400,2020-11-20,3.84,3.85,3.81,3.83,126572054.0,636625580.0,269612212539.0,0.0004694596465347098
3401,2020-11-23,3.81,3.87,3.81,3.86,282580046.0,1428218316.0,269612212539.0,0.0010480980936986458
3402,2020-11-24,3.86,3.87,3.84,3.84,189318043.0,959879197.0,269612212539.0,0.000702186452227622
3403,2020-11-25,3.87,3.89,3.84,3.84,200292965.0,1017147724.0,269612212539.0,0.0007428927759384311
3404,2020-11-26,3.84,3.88,3.83,3.87,197392278.0,1002567142.0,269612212539.0,0.0007321340385181801
3405,2020-11-27,3.89,4.1,3.89,4.1,929749513.0,4879296144.0,269612212539.0,0.003448469578749181
3406,2020-11-30,4.16,4.29,4.04,4.05,1245663654.0,6850764187.0,269612212539.0,0.0046202048574480355
3407,2020-12-01,4.04,4.19,4.02,4.16,530373631.0,2868661473.0,269612212539.0,0.0019671721321721665
3408,2020-12-02,4.14,4.21,4.07,4.15,351809633.0,1915490212.0,269612212539.0,0.0013048727640596399
3409,2020-12-03,4.15,4.17,4.06,4.09,278801930.0,1502313598.0,269612212539.0,0.0010340849450937639
3410,2020-12-04,4.09,4.09,3.97,4.04,330280502.0,1743943250.0,269612212539.0,0.001225020554112415
3411,2020-12-07,4.03,4.06,3.94,3.95,275402306.0,1438818983.0,269612212539.0,0.0010214756349739256
3412,2020-12-08,3.95,3.97,3.89,3.9,266106433.0,1368985714.0,269612212539.0,0.0009869969557165631
3413,2020-12-09,3.91,3.93,3.87,3.88,243722631.0,1248006372.0,269612212539.0,0.0009039747447076234
3414,2020-12-10,3.88,3.89,3.84,3.85,259472652.0,1313829152.0,269612212539.0,0.0009623920576760473
3415,2020-12-11,3.85,3.87,3.82,3.87,279273263.0,1408322766.0,269612212539.0,0.0010358331337071852
3416,2020-12-14,3.86,3.87,3.83,3.84,272105952.0,1375565026.0,269612212539.0,0.001009249356464664
3417,2020-12-15,3.84,3.84,3.79,3.81,340751820.0,1703696313.0,269612212539.0,0.0012638589950768997
3418,2020-12-16,3.81,3.84,3.8,3.81,266067496.0,1333083487.0,269612212539.0,0.0009868525371843561
3419,2020-12-17,3.81,3.84,3.78,3.83,331127867.0,1653433805.0,269612212539.0,0.0012281634569951154
3420,2020-12-18,3.81,3.83,3.79,3.81,219772170.0,1098952028.0,269612212539.0,0.0008151417472166973
3421,2020-12-21,3.81,3.82,3.79,3.81,205828822.0,1029138053.0,269612212539.0,0.0007634254400483673
3422,2020-12-22,3.8,3.81,3.74,3.76,365749394.0,1813673040.0,269612212539.0,0.001356575766934495
3423,2020-12-23,3.76,3.78,3.75,3.78,219146383.0,1083275738.0,269612212539.0,0.000812820683960301
3424,2020-12-24,3.78,3.79,3.76,3.78,122262763.0,606453338.0,269612212539.0,0.0004534763534953537
3425,2020-12-25,3.78,3.78,3.77,3.78,153283872.0,760124137.0,269612212539.0,0.0005685346021847106
3426,2020-12-28,3.78,3.78,3.75,3.78,231926812.0,1148788802.0,269612212539.0,0.0008602236887412928
3427,2020-12-29,3.78,3.79,3.77,3.79,254202319.0,1262344538.0,269612212539.0,0.0009428442302598925
3428,2020-12-30,3.78,3.79,3.76,3.78,254078489.0,1258737039.0,269612212539.0,0.0009423849409760954
3429,2020-12-31,3.77,3.81,3.77,3.8,310003990.0,1545155692.0,269612212539.0,0.0011498143466151676
3430,2021-01-04,3.78,3.81,3.77,3.81,353951177.0,1762309487.0,269612212539.0,0.0013128158167123093
3431,2021-01-05,3.8,3.8,3.76,3.78,371010370.0,1839470542.0,269612212539.0,0.0013760888889494667
3432,2021-01-06,3.78,3.79,3.77,3.78,346318359.0,1717383498.0,269612212539.0,0.0012845054596697999
3433,2021-01-07,3.78,3.81,3.77,3.81,319047400.0,1587574808.0,269612212539.0,0.0011833566328300097
3434,2021-01-08,3.81,3.83,3.79,3.81,342202983.0,1710555285.0,269612212539.0,0.0012692414033377646
3435,2021-01-11,3.81,3.84,3.79,3.8,495651500.0,2483547360.0,269612212539.0,0.0018383866788983193
3436,2021-01-12,3.8,3.82,3.78,3.82,350495697.0,1745570165.0,269612212539.0,0.0012999993349681815
3437,2021-01-13,3.83,3.85,3.81,3.85,404644202.0,2037164963.0,269612212539.0,0.0015008378077141715
3438,2021-01-14,3.84,3.92,3.84,3.87,388409548.0,1975738477.0,269612212539.0,0.0014406229760227042
3439,2021-01-15,3.88,4.0,3.88,3.92,700663410.0,3629241419.0,269612212539.0,0.002598782167178898
3440,2021-01-18,3.9,3.94,3.87,3.91,398189784.0,2039374953.0,269612212539.0,0.0014768981725647942
3441,2021-01-19,3.91,3.97,3.88,3.96,433069019.0,2239901452.0,269612212539.0,0.001606266329413233
3442,2021-01-20,3.94,4.0,3.9,3.92,314566469.0,1629660426.0,269612212539.0,0.001166736721744373
3443,2021-01-21,3.93,3.94,3.88,3.9,245677513.0,1259494670.0,269612212539.0,0.0009112254622533547
3444,2021-01-22,3.9,3.9,3.83,3.84,277428648.0,1402382795.0,269612212539.0,0.0010289913998605287
3445,2021-01-25,3.83,3.84,3.8,3.84,219055180.0,1097970398.0,269612212539.0,0.0008124824092243714
3446,2021-01-26,3.83,3.86,3.81,3.83,210379385.0,1060814307.0,269612212539.0,0.0007803036183665759
3447,2021-01-27,3.84,3.92,3.83,3.86,370986633.0,1891316030.0,269612212539.0,0.0013760008476853991
3448,2021-01-28,3.84,3.86,3.81,3.83,285079492.0,1432841334.0,269612212539.0,0.0010573686158922146
3449,2021-01-29,3.83,3.9,3.82,3.87,411143704.0,2088594441.0,269612212539.0,0.001524944660808075
3450,2021-02-01,3.87,3.92,3.84,3.91,381322201.0,1949170573.0,269612212539.0,0.0014143357877189665
3451,2021-02-02,3.91,3.94,3.87,3.87,259998588.0,1334133657.0,269612212539.0,0.0009643427704981674
3452,2021-02-03,3.87,3.9,3.83,3.84,337557915.0,1711432806.0,269612212539.0,0.0012520127030639294
3453,2021-02-04,3.84,3.9,3.83,3.86,252444008.0,1280634530.0,269612212539.0,0.000936322600607283
3454,2021-02-05,3.86,3.97,3.85,3.94,593744234.0,3063814604.0,269612212539.0,0.0022022156504283483
3455,2021-02-08,3.94,3.96,3.9,3.93,367126932.0,1896286395.0,269612212539.0,0.0013616850978028093
3456,2021-02-09,3.91,3.92,3.89,3.92,278298845.0,1427909673.0,269612212539.0,0.0010322189873344237
3457,2021-02-10,3.99,4.09,3.97,4.0,664704224.0,3503636815.0,269612212539.0,0.0024654084388104234
3458,2021-02-18,4.06,4.06,3.97,3.99,328400933.0,1729904261.0,269612212539.0,0.0012180491748032226
3459,2021-02-19,3.97,4.03,3.97,3.99,242413124.0,1272825160.0,269612212539.0,0.0008991177429135722
3460,2021-02-22,4.0,4.12,3.99,4.09,602082016.0,3210856211.0,269612212539.0,0.002233140740658799
3461,2021-02-23,4.07,4.15,4.05,4.09,467150523.0,2515406549.0,269612212539.0,0.0017326756774136323
3462,2021-02-24,4.09,4.13,3.99,4.03,385065747.0,2050842778.0,269612212539.0,0.001428220715129139
3463,2021-02-25,4.03,4.17,4.02,4.14,509700217.0,2755175018.0,269612212539.0,0.0018904938029328726
3464,2021-02-26,4.1,4.18,4.07,4.09,435170121.0,2353185888.0,269612212539.0,0.0016140593814423436
3465,2021-03-01,4.08,4.13,4.05,4.06,240663315.0,1289476168.0,269612212539.0,0.0008926276474408129
3466,2021-03-02,4.07,4.07,3.99,4.03,250031265.0,1322171845.0,269612212539.0,0.0009273736625110497
3467,2021-03-03,4.02,4.17,4.0,4.15,446911121.0,2420613521.0,269612212539.0,0.0016576071120493227
3468,2021-03-04,4.13,4.19,4.12,4.15,373419253.0,2041014989.0,269612212539.0,0.0013850235101868173
3469,2021-03-05,4.13,4.25,4.09,4.24,478774356.0,2629997848.0,269612212539.0,0.0017757888320090256
3470,2021-03-08,4.25,4.27,4.19,4.21,429168305.0,2390324693.0,269612212539.0,0.001591798461050498
3471,2021-03-09,4.24,4.29,4.13,4.16,466395021.0,2577277082.0,269612212539.0,0.0017298734972271885
3472,2021-03-10,4.14,4.16,4.07,4.11,306784316.0,1658235909.0,269612212539.0,0.0011378724765875468
3473,2021-03-11,4.15,4.22,4.13,4.17,282422815.0,1547729634.0,269612212539.0,0.0010475149190771428
3474,2021-03-12,4.16,4.19,4.13,4.14,184841636.0,1009519475.0,269612212539.0,0.0006855833207973183
3475,2021-03-15,4.15,4.25,4.13,4.22,303797606.0,1680121698.0,269612212539.0,0.0011267946772109034
3476,2021-03-16,4.23,4.29,4.22,4.26,273079994.0,1529009421.0,269612212539.0,0.0010128621082418452
3477,2021-03-17,4.25,4.26,4.17,4.21,203713443.0,1125314257.0,269612212539.0,0.0007555794341865445
3478,2021-03-18,4.2,4.22,4.16,4.17,224544199.0,1232892978.0,269612212539.0,0.0008328413497497603
3479,2021-03-19,4.18,4.19,4.05,4.08,332530519.0,1790956578.0,269612212539.0,0.0012333659364629067
3480,2021-03-22,4.05,4.15,4.05,4.13,232531340.0,1256741319.0,269612212539.0,0.0008624659017119406
3481,2021-03-23,4.11,4.19,4.07,4.11,325973130.0,1762122172.0,269612212539.0,0.0012090443787031615
3482,2021-03-24,4.09,4.13,4.06,4.12,189983667.0,1023433745.0,269612212539.0,0.0007046552721439443
3483,2021-03-25,4.12,4.16,4.07,4.08,207394817.0,1119656596.0,269612212539.0,0.0007692337637339031
3484,2021-03-26,4.09,4.09,4.03,4.07,247198368.0,1318532528.0,269612212539.0,0.0009168663602886394
3485,2021-03-29,4.09,4.16,4.06,4.16,347949980.0,1883572374.0,269612212539.0,0.0012905571922105282
3486,2021-03-30,4.16,4.17,4.13,4.17,193297381.0,1055760163.0,269612212539.0,0.0007169459394278703
3487,2021-03-31,4.16,4.22,4.14,4.22,242434867.0,1333971679.0,269612212539.0,0.0008991983883702274
3488,2021-04-01,4.19,4.22,4.16,4.19,132476154.0,729322831.0,269612212539.0,0.0004913581352730342
3489,2021-04-02,4.19,4.19,4.11,4.13,184780740.0,1004165175.0,269612212539.0,0.0006853574556578035
3490,2021-04-06,4.13,4.13,4.09,4.13,122894235.0,663506407.0,269612212539.0,0.0004558185025918404
3491,2021-04-07,4.13,4.16,4.11,4.15,175696199.0,954364771.0,269612212539.0,0.000651662613297182
3492,2021-04-08,4.16,4.16,4.12,4.14,123971365.0,673843054.0,269612212539.0,0.000459813610935993
3493,2021-04-09,4.14,4.14,4.11,4.13,131127592.0,710198881.0,269612212539.0,0.00048635627728114175
3494,2021-04-12,4.13,4.19,4.1,4.17,219634806.0,1197623267.0,269612212539.0,0.0008146322599100711
3495,2021-04-13,4.17,4.21,4.15,4.19,173937109.0,955601023.0,269612212539.0,0.0006451380943095803
3496,2021-04-14,4.19,4.2,4.13,4.15,153373910.0,838785290.0,269612212539.0,0.0005688685558997596
3497,2021-04-15,4.13,4.15,4.1,4.15,157215797.0,851588448.0,269612212539.0,0.0005831182331077024
3498,2021-04-16,4.13,4.16,4.12,4.13,110874302.0,602808763.0,269612212539.0,0.00041123620089710065
3499,2021-04-19,4.14,4.16,4.12,4.14,175754330.0,955148031.0,269612212539.0,0.0006518782229665385
3500,2021-04-20,4.13,4.14,4.09,4.1,177071674.0,956571771.0,269612212539.0,0.0006567642924349585
3501,2021-04-21,4.09,4.12,4.09,4.09,135364763.0,729408438.0,269612212539.0,0.000502072075019299
3502,2021-04-22,4.09,4.1,4.04,4.06,211498349.0,1128744302.0,269612212539.0,0.0007844538903051593
3503,2021-04-23,4.04,4.06,4.01,4.03,164898057.0,873476386.0,269612212539.0,0.0006116119720509587
3504,2021-04-26,4.04,4.05,4.0,4.01,170693135.0,901989201.0,269612212539.0,0.0006331060948335523
3505,2021-04-27,4.0,4.01,3.97,3.99,149123770.0,781815670.0,269612212539.0,0.0005531046557411746
3506,2021-04-28,3.99,4.0,3.94,3.96,182976437.0,951527126.0,269612212539.0,0.0006786652402607025
3507,2021-04-29,3.96,3.99,3.94,3.97,188987315.0,984719706.0,269612212539.0,0.0007009597718896453
3508,2021-04-30,3.97,3.97,3.87,3.9,395748728.0,2029640682.0,269612212539.0,0.0014678442206795587
3509,2021-05-06,3.89,3.94,3.88,3.9,216039682.0,1111237174.0,269612212539.0,0.0008012978342690964
3510,2021-05-07,3.9,3.98,3.89,3.97,281997042.0,1463579747.0,269612212539.0,0.001045935713906908
3511,2021-05-10,3.97,4.0,3.94,4.0,207471144.0,1082434696.0,269612212539.0,0.0007695168629276718
3512,2021-05-11,3.99,4.0,3.97,3.98,139252141.0,728865905.0,269612212539.0,0.0005164904797473033
3513,2021-05-12,3.97,4.02,3.97,4.0,150046333.0,788520443.0,269612212539.0,0.0005565264703218718
3514,2021-05-13,4.0,4.02,3.97,3.99,146069572.0,764148328.0,269612212539.0,0.0005417765412939917
3515,2021-05-14,3.99,4.02,3.97,4.02,155000539.0,813767333.0,269612212539.0,0.000574901772958741
3516,2021-05-17,4.0,4.03,3.99,4.01,170881970.0,899549356.0,269612212539.0,0.0006338064896644159
3517,2021-05-18,4.01,4.01,3.98,4.0,101639997.0,533290393.0,269612212539.0,0.00037698587924794966
3518,2021-05-19,4.0,4.0,3.96,3.97,148187187.0,772568444.0,269612212539.0,0.0005496308405486802
3519,2021-05-20,3.96,3.98,3.94,3.98,128233876.0,666829935.0,269612212539.0,0.00047562339551458815
3520,2021-05-21,3.97,3.97,3.93,3.94,151966814.0,787505846.0,269612212539.0,0.0005636495934990989
3521,2021-05-24,3.94,3.96,3.93,3.95,106540901.0,552108955.0,269612212539.0,0.000395163483125189
3522,2021-05-25,3.95,4.0,3.93,4.0,266674619.0,1392450021.0,269612212539.0,0.0009891043750899263
3523,2021-05-26,4.0,4.03,3.98,4.0,205603406.0,1081284307.0,269612212539.0,0.0007625893651618583
3524,2021-05-27,4.0,4.02,3.98,4.0,183117591.0,963010881.0,269612212539.0,0.0006791887847940554
3525,2021-05-28,4.0,4.01,3.98,4.01,170000519.0,892744989.0,269612212539.0,0.0006305371607579129
3526,2021-05-31,4.0,4.0,3.95,3.97,291960761.0,1520925681.0,269612212539.0,0.0010828914545470273
3527,2021-06-01,3.97,3.97,3.94,3.94,224514102.0,1162897689.0,269612212539.0,0.0008327297190498132
3528,2021-06-02,3.94,3.97,3.91,3.95,257745154.0,1330994609.0,269612212539.0,0.0009559847143894366
3529,2021-06-03,3.95,3.96,3.92,3.92,193708944.0,1001184002.0,269612212539.0,0.0007184724392704562
3530,2021-06-04,3.93,3.96,3.92,3.94,239708428.0,1240163844.0,269612212539.0,0.0008890859421485799
3531,2021-06-07,3.94,3.94,3.93,3.94,147696207.0,763427211.0,269612212539.0,0.0005478097806071578
3532,2021-06-08,3.94,3.96,3.93,3.96,196300035.0,1017275136.0,269612212539.0,0.0007280828755915676
3533,2021-06-09,3.95,3.97,3.94,3.95,206147147.0,1071905449.0,269612212539.0,0.0007646061172773483
3534,2021-06-10,3.95,3.97,3.94,3.96,205273227.0,1067542199.0,269612212539.0,0.0007613647210817899
3535,2021-06-11,3.96,3.96,3.94,3.95,173573258.0,899678382.0,269612212539.0,0.0006437885597444598
3536,2021-06-15,3.94,3.95,3.92,3.93,181207362.0,935309205.0,269612212539.0,0.0006721036866005763
3537,2021-06-16,3.93,3.95,3.92,3.94,148655127.0,768523574.0,269612212539.0,0.0005513664444206017
3538,2021-06-17,3.94,3.96,3.92,3.94,195878337.0,1015002289.0,269612212539.0,0.0007265187847218373
3539,2021-06-18,3.94,3.94,3.93,3.94,153248858.0,792203510.0,269612212539.0,0.0005684047341803266
3540,2021-06-21,3.94,3.94,3.92,3.92,199664270.0,1030022536.0,269612212539.0,0.0007405609268204723
3541,2021-06-22,3.93,3.94,3.92,3.93,178934078.0,924193353.0,269612212539.0,0.0006636720062304922
3542,2021-06-23,3.93,3.94,3.91,3.91,252219354.0,1299166847.0,269612212539.0,0.0009354893520022425
3543,2021-06-24,3.91,3.96,3.91,3.96,246529721.0,1275936039.0,269612212539.0,0.0009143863279722128
3544,2021-06-25,3.95,4.0,3.94,3.98,246059460.0,1286463194.0,269612212539.0,0.0009126421154398076
3545,2021-06-28,3.98,3.98,3.93,3.94,257634469.0,1337751545.0,269612212539.0,0.0009555741803154877
3546,2021-06-29,3.94,3.96,3.93,3.94,222693506.0,1151485062.0,269612212539.0,0.0008259770724139096
3547,2021-06-30,3.94,3.94,3.93,3.94,154934253.0,800438588.0,269612212539.0,0.0005746559161432215
3548,2021-07-01,3.94,4.0,3.93,4.0,277013740.0,1441176257.0,269612212539.0,0.0010274524933099214
3549,2021-07-02,3.97,4.01,3.95,4.0,355189284.0,1854458893.0,269612212539.0,0.0013174079937073365
3550,2021-07-05,3.98,3.99,3.94,3.96,276171905.0,1438307913.0,269612212539.0,0.0010243301013675378
3551,2021-07-06,3.98,3.98,3.95,3.97,265763047.0,1314029712.0,269612212539.0,0.000985723326466737
3552,2021-07-07,3.97,3.98,3.95,3.96,177670765.0,877305343.0,269612212539.0,0.0006589863394051541
3553,2021-07-08,3.96,3.97,3.91,3.92,288364812.0,1412588548.0,269612212539.0,0.0010695539689556436
3554,2021-07-09,3.92,3.94,3.87,3.89,273742038.0,1330231107.0,269612212539.0,0.0010153176498279082
3555,2021-07-12,3.91,3.91,3.81,3.83,505677367.0,2426435426.0,269612212539.0,0.0018755729283845132
3556,2021-07-13,3.83,3.83,3.8,3.81,293278041.0,1394984363.0,269612212539.0,0.0010877772866374764
3557,2021-07-14,3.81,3.81,3.75,3.78,302082855.0,1420168143.0,269612212539.0,0.0011204346129398833
3558,2021-07-15,3.78,3.83,3.76,3.81,277590851.0,1316100926.0,269612212539.0,0.0010295930157831626
3559,2021-07-16,3.81,3.81,3.78,3.8,170407398.0,805756077.0,269612212539.0,0.0006320462875002377
3560,2021-07-19,3.79,3.8,3.77,3.79,168375795.0,793714596.0,269612212539.0,0.000624511009402603
3561,2021-07-20,3.78,3.79,3.77,3.78,102552924.0,483183662.0,269612212539.0,0.0003803719536078711
3562,2021-07-21,3.79,3.79,3.76,3.76,164625857.0,773916484.0,269612212539.0,0.0006106023738675655
3563,2021-07-22,3.77,3.79,3.76,3.78,147636965.0,695491005.0,269612212539.0,0.000547590050204584
3564,2021-07-23,3.78,3.79,3.76,3.77,139074561.0,653652762.0,269612212539.0,0.0005158318300580785
3565,2021-07-26,3.76,3.77,3.73,3.75,224591633.0,1047502898.0,269612212539.0,0.0008330172839166635
3566,2021-07-27,3.74,3.75,3.7,3.71,208899200.0,969160413.0,269612212539.0,0.0007748135666138724
3567,2021-07-28,3.7,3.75,3.69,3.75,247993418.0,1154474144.0,269612212539.0,0.0009198152252251081
3568,2021-07-29,3.75,3.75,3.7,3.71,171680634.0,794734066.0,269612212539.0,0.0006367687590381909
3569,2021-07-30,3.71,3.71,3.67,3.68,184747154.0,847608533.0,269612212539.0,0.0006852328841494
3570,2021-08-02,3.67,3.7,3.63,3.69,214322262.0,980307727.0,269612212539.0,0.0007949278705948746
3571,2021-08-03,3.68,3.68,3.65,3.67,135245787.0,617612567.0,269612212539.0,0.0005016307893709986
3572,2021-08-04,3.67,3.67,3.64,3.65,148301902.0,675234462.0,269612212539.0,0.0005500563220167476
3573,2021-08-05,3.65,3.67,3.63,3.64,109747157.0,499522161.0,269612212539.0,0.0004070555853775534
3574,2021-08-06,3.65,3.65,3.62,3.63,158732842.0,717679984.0,269612212539.0,0.0005887449997356442
3575,2021-08-09,3.63,3.67,3.62,3.65,192560063.0,876596527.0,269612212539.0,0.0007142112042574694
3576,2021-08-10,3.65,3.67,3.63,3.66,177389103.0,805586221.0,269612212539.0,0.000657941646372344
3577,2021-08-11,3.67,3.74,3.67,3.73,330727249.0,1532111349.0,269612212539.0,0.0012266775524946206
3578,2021-08-12,3.71,3.75,3.71,3.71,118278136.0,548759520.0,269612212539.0,0.00043869724923121134
3579,2021-08-13,3.71,3.72,3.69,3.7,93542819.0,431809850.0,269612212539.0,0.0003469531966637781
3580,2021-08-16,3.7,3.72,3.69,3.71,116109333.0,536195505.0,269612212539.0,0.0004306530921080013
3581,2021-08-17,3.7,3.72,3.69,3.71,195138306.0,901396444.0,269612212539.0,0.0007237739869508798
3582,2021-08-18,3.7,3.75,3.69,3.75,259846618.0,1206854887.0,269612212539.0,0.0009637791090876961
3583,2021-08-19,3.74,3.75,3.71,3.72,148278726.0,687957237.0,269612212539.0,0.0005499703615189581
3584,2021-08-20,3.72,3.75,3.71,3.74,190342577.0,884926716.0,269612212539.0,0.0007059864803878887
3585,2021-08-23,3.72,3.75,3.71,3.71,117707675.0,546712339.0,269612212539.0,0.0004365813918127812
3586,2021-08-24,3.71,3.73,3.71,3.71,95453098.0,442656393.0,269612212539.0,0.0003540384803087972
3587,2021-08-25,3.72,3.72,3.71,3.71,100384789.0,464385845.0,269612212539.0,0.00037233027411723464
3588,2021-08-26,3.71,3.71,3.69,3.71,117689309.0,542560911.0,269612212539.0,0.00043651327175313315
3589,2021-08-27,3.7,3.72,3.69,3.72,116129716.0,536676655.0,269612212539.0,0.0004307286932827703
3590,2021-08-30,3.71,3.72,3.66,3.67,203426605.0,933775426.0,269612212539.0,0.0007545155432103206
3591,2021-08-31,3.68,3.71,3.67,3.71,191711450.0,880980368.0,269612212539.0,0.0007110636725043326
3592,2021-09-01,3.7,3.76,3.69,3.75,268103361.0,1249115489.0,269612212539.0,0.0009944036231712547
3593,2021-09-02,3.75,3.76,3.74,3.76,146790356.0,686983930.0,269612212539.0,0.0005444499513491676
3594,2021-09-03,3.76,3.81,3.74,3.79,202543720.0,954773062.0,269612212539.0,0.0007512408955536523
3595,2021-09-06,3.77,3.81,3.77,3.79,160536498.0,758568371.0,269612212539.0,0.0005954348153898186
3596,2021-09-07,3.79,3.83,3.77,3.81,194851319.0,921859134.0,269612212539.0,0.0007227095433290668
3597,2021-09-08,3.8,3.83,3.79,3.83,174780048.0,832426920.0,269612212539.0,0.0006482645810219657
3598,2021-09-09,3.82,3.83,3.79,3.81,155311748.0,737594016.0,269612212539.0,0.0005760560567245589
3599,2021-09-10,3.81,3.87,3.8,3.84,250359269.0,1200536537.0,269612212539.0,0.000928590239449131
3600,2021-09-13,3.83,3.83,3.81,3.83,168854899.0,804351061.0,269612212539.0,0.0006262880208943605
3601,2021-09-14,3.82,3.83,3.77,3.78,185420345.0,877628018.0,269612212539.0,0.0006877297703017757
3602,2021-09-15,3.77,3.79,3.74,3.75,175121628.0,820551878.0,269612212539.0,0.0006495315117621694
3603,2021-09-16,3.75,3.78,3.75,3.75,167822042.0,787701858.0,269612212539.0,0.0006224571224707567
3604,2021-09-17,3.75,3.78,3.75,3.77,110257170.0,517329961.0,269612212539.0,0.0004089472393022666
3605,2021-09-22,3.73,3.74,3.71,3.71,217646013.0,1008833745.0,269612212539.0,0.0008072557654209266
3606,2021-09-23,3.73,3.75,3.71,3.74,132515669.0,616352620.0,269612212539.0,0.0004915046976250429
3607,2021-09-24,3.72,3.75,3.71,3.72,109891431.0,510211553.0,269612212539.0,0.00040759070208699823
3608,2021-09-27,3.71,3.73,3.69,3.71,164468354.0,759535614.0,269612212539.0,0.0006100181903896853
3609,2021-09-28,3.71,3.75,3.7,3.74,163379542.0,759632535.0,269612212539.0,0.0006059797531477428
3610,2021-09-29,3.73,3.77,3.71,3.75,243813654.0,1138094980.0,269612212539.0,0.0009043123518180091
3611,2021-09-30,3.75,3.75,3.71,3.74,150413152.0,698898764.0,269612212539.0,0.0005578870132904028
3612,2021-10-08,3.74,3.79,3.73,3.78,185994625.0,872488109.0,269612212539.0,0.0006898597925088258
3613,2021-10-11,3.79,3.83,3.78,3.8,181862463.0,863201212.0,269612212539.0,0.0006745334763858042
3614,2021-10-12,3.8,3.82,3.78,3.81,144930590.0,686903968.0,269612212539.0,0.0005375520219768809
3615,2021-10-13,3.8,3.81,3.78,3.79,112305696.0,530545726.0,269612212539.0,0.00041654528532810705
3616,2021-10-14,3.79,3.79,3.78,3.78,71963708.0,339578661.0,269612212539.0,0.0002669156093572367
3617,2021-10-15,3.79,3.81,3.78,3.81,125558856.0,594356222.0,269612212539.0,0.00046570166394757667
3618,2021-10-18,3.81,3.83,3.78,3.79,117369621.0,555326047.0,269612212539.0,0.0004353275391151735
3619,2021-10-19,3.79,3.8,3.78,3.79,105882612.0,499759095.0,269612212539.0,0.00039272186894977483
3620,2021-10-20,3.79,3.79,3.75,3.77,107459635.0,504948858.0,269612212539.0,0.00039857109582695826
3621,2021-10-21,3.77,3.8,3.76,3.8,135131627.0,637824658.0,269612212539.0,0.0005012073664150243
3622,2021-10-22,3.8,3.82,3.78,3.79,93108629.0,440144708.0,269612212539.0,0.00034534277258131116
3623,2021-10-25,3.78,3.79,3.76,3.79,103342397.0,486689967.0,269612212539.0,0.00038330013327957574
3624,2021-10-26,3.79,3.8,3.76,3.77,118735003.0,559100062.0,269612212539.0,0.0004403917830050993
3625,2021-10-27,3.77,3.78,3.73,3.77,125771216.0,588428870.0,269612212539.0,0.00046648931372797854
3626,2021-10-28,3.75,3.77,3.75,3.75,78300844.0,366506428.0,269612212539.0,0.0002904202419564863
3627,2021-10-29,3.75,3.76,3.74,3.75,114980798.0,537655506.0,269612212539.0,0.000426467321035644
3628,2021-11-01,3.75,3.79,3.75,3.79,187623531.0,881706429.0,269612212539.0,0.0006959014550309357
3629,2021-11-02,3.79,3.79,3.72,3.73,211569300.0,989837390.0,269612212539.0,0.0007847170497493545
3630,2021-11-03,3.75,3.75,3.71,3.72,146029780.0,678038229.0,269612212539.0,0.0005416289515404517
3631,2021-11-04,3.72,3.73,3.71,3.73,100158090.0,464799864.0,269612212539.0,0.00037148944054421094
3632,2021-11-05,3.72,3.75,3.71,3.74,111301684.0,517754657.0,269612212539.0,0.00041282137389789036
3633,2021-11-08,3.73,3.74,3.71,3.71,147350723.0,684049048.0,269612212539.0,0.0005465283698107161
3634,2021-11-09,3.72,3.73,3.71,3.72,86689619.0,402174123.0,269612212539.0,0.00032153446679445265
3635,2021-11-10,3.72,3.72,3.7,3.71,125047530.0,577396261.0,269612212539.0,0.0004638051400654249
3636,2021-11-11,3.71,3.74,3.7,3.74,113105925.0,525090262.0,269612212539.0,0.000419513359335082
3637,2021-11-12,3.74,3.74,3.71,3.73,101683794.0,472333219.0,269612212539.0,0.0003771483236698383
3638,2021-11-15,3.73,3.75,3.72,3.75,90047027.0,419795012.0,269612212539.0,0.00033398719647009497
3639,2021-11-16,3.74,3.75,3.72,3.73,96281473.0,448267809.0,269612212539.0,0.00035711094869663097
3640,2021-11-17,3.72,3.74,3.72,3.73,91233273.0,423989911.0,269612212539.0,0.00033838701941887335
3641,2021-11-18,3.72,3.73,3.71,3.72,76467398.0,354706417.0,269612212539.0,0.0002836199342748201
3642,2021-11-19,3.72,3.75,3.71,3.74,100557257.0,467427071.0,269612212539.0,0.00037296996324101664
3643,2021-11-22,3.73,3.74,3.71,3.71,120582921.0,559173673.0,269612212539.0,0.00044724576778048364
3644,2021-11-23,3.71,3.73,3.71,3.71,87825991.0,406963202.0,269612212539.0,0.000325749305541179
3645,2021-11-24,3.71,3.72,3.71,3.72,69961234.0,324057980.0,269612212539.0,0.0002594883716177358
3646,2021-11-25,3.72,3.72,3.71,3.71,59692352.0,276623127.0,269612212539.0,0.00022140077201200732
3647,2021-11-26,3.71,3.72,3.7,3.7,97887739.0,451910174.0,269612212539.0,0.0003630686387614594
3648,2021-11-29,3.69,3.7,3.66,3.67,182257581.0,836194182.0,269612212539.0,0.0006759989812169063
3649,2021-11-30,3.67,3.68,3.67,3.67,107684186.0,492804575.0,269612212539.0,0.00039940396240182647
3650,2021-12-01,3.67,3.69,3.67,3.69,111305051.0,511084679.0,269612212539.0,0.0004128338622045894
3651,2021-12-02,3.69,3.71,3.67,3.7,178468219.0,820135168.0,269612212539.0,0.0006619441208516628
3652,2021-12-03,3.69,3.7,3.67,3.7,112786648.0,518341585.0,269612212539.0,0.0004183291511087806
3653,2021-12-06,3.7,3.72,3.69,3.71,179570677.0,830641841.0,269612212539.0,0.0006660331715278836
3654,2021-12-07,3.72,3.75,3.71,3.74,205710491.0,956152030.0,269612212539.0,0.0007629865467249319
3655,2021-12-08,3.74,3.74,3.71,3.72,137715679.0,638961849.0,269612212539.0,0.000510791694868344
3656,2021-12-09,3.73,3.75,3.71,3.74,195655482.0,911941954.0,269612212539.0,0.0007256922086632037
3657,2021-12-10,3.73,3.74,3.71,3.74,215420340.0,999479302.0,269612212539.0,0.0007990006757161973
3658,2021-12-13,3.72,3.74,3.71,3.71,134673715.0,625469690.0,269612212539.0,0.0004995089567039518
3659,2021-12-14,3.71,3.72,3.7,3.71,127696943.0,589757693.0,269612212539.0,0.0004736318944807753
3660,2021-12-15,3.7,3.71,3.69,3.7,104159689.0,479973462.0,269612212539.0,0.00038633149447906805
3661,2021-12-16,3.7,3.71,3.68,3.71,145725514.0,671821104.0,269612212539.0,0.000540500419575469
3662,2021-12-17,3.7,3.71,3.69,3.7,124789948.0,575345954.0,269612212539.0,0.0004628497604942464
3663,2021-12-20,3.69,3.71,3.69,3.7,148614561.0,686198264.0,269612212539.0,0.0005512159838772236
3664,2021-12-21,3.7,3.74,3.69,3.73,202972372.0,942740126.0,269612212539.0,0.0007528307790235563
3665,2021-12-22,3.73,3.74,3.71,3.72,141140040.0,655780551.0,269612212539.0,0.0005234927552830485
3666,2021-12-23,3.72,3.73,3.71,3.73,98090990.0,455450242.0,269612212539.0,0.0003638225029803163
3667,2021-12-24,3.73,3.75,3.72,3.73,127908797.0,595172746.0,269612212539.0,0.000474417667491593
3668,2021-12-27,3.72,3.74,3.72,3.74,90503312.0,421103238.0,269612212539.0,0.00033567957158805816
3669,2021-12-28,3.74,3.75,3.73,3.75,200550469.0,936086065.0,269612212539.0,0.0007438478662052073
3670,2021-12-29,3.74,3.75,3.72,3.74,97664653.0,454516937.0,269612212539.0,0.00036224120591671116
3671,2021-12-30,3.73,3.74,3.71,3.72,141275058.0,655490356.0,269612212539.0,0.000523993541203421
3672,2021-12-31,3.71,3.73,3.71,3.71,95902215.0,444544835.0,269612212539.0,0.00035570426909399566
3673,2022-01-04,3.72,3.75,3.71,3.75,168875635.0,785143329.0,269612212539.0,0.0006263649313570014
3674,2022-01-05,3.74,3.79,3.73,3.78,283954621.0,1332859587.0,269612212539.0,0.0010531964347087034
3675,2022-01-06,3.77,3.79,3.75,3.77,190314359.0,894943768.0,269612212539.0,0.0007058818189568123
3676,2022-01-07,3.76,3.81,3.75,3.8,193964955.0,916673916.0,269612212539.0,0.00071942199195425
3677,2022-01-10,3.8,3.82,3.79,3.81,158329303.0,750737778.0,269612212539.0,0.0005872482611561868
3678,2022-01-11,3.79,3.83,3.79,3.81,167026297.0,794398037.0,269612212539.0,0.0006195056797578829
3679,2022-01-12,3.81,3.81,3.77,3.79,185731519.0,876687477.0,269612212539.0,0.0006888839242515157
3680,2022-01-13,3.78,3.83,3.78,3.79,179313500.0,851827613.0,269612212539.0,0.0006650792941141786
3681,2022-01-14,3.8,3.8,3.75,3.75,225197035.0,1057017144.0,269612212539.0,0.0008352627385802293
3682,2022-01-17,3.75,3.77,3.72,3.73,178722662.0,832701574.0,269612212539.0,0.0006628878577751643
3683,2022-01-18,3.73,3.77,3.71,3.76,216950022.0,1011704453.0,269612212539.0,0.0008046743133663417
3684,2022-01-19,3.75,3.78,3.74,3.77,172913175.0,810536135.0,269612212539.0,0.0006413402915677928
3685,2022-01-20,3.77,3.82,3.76,3.81,313127449.0,1482850094.0,269612212539.0,0.001161399352244496
3686,2022-01-21,3.79,3.8,3.76,3.77,173528070.0,816856403.0,269612212539.0,0.0006436209560607303
3687,2022-01-24,3.77,3.79,3.75,3.77,141887130.0,665972927.0,269612212539.0,0.0005262637351024138
3688,2022-01-25,3.76,3.77,3.75,3.75,170383668.0,798145267.0,269612212539.0,0.0006319582721993857
3689,2022-01-26,3.74,3.77,3.74,3.76,118994814.0,557705783.0,269612212539.0,0.000441355430005928
3690,2022-01-27,3.75,3.78,3.74,3.75,143695502.0,672949233.0,269612212539.0,0.0005329710425458347
3691,2022-01-28,3.75,3.79,3.74,3.74,221043880.0,1037472492.0,269612212539.0,0.0008198585587736517
3692,2022-02-07,3.76,3.81,3.75,3.8,257528860.0,1216216070.0,269612212539.0,0.0009551824732818728
3693,2022-02-08,3.8,3.91,3.79,3.89,491972042.0,2367215816.0,269612212539.0,0.0018247394558539708
3694,2022-02-09,3.89,3.93,3.86,3.88,352209536.0,1710473977.0,269612212539.0,0.0013063560166031133
3695,2022-02-10,3.89,3.91,3.85,3.9,252750988.0,1222399402.0,269612212539.0,0.0009374611988818534
3696,2022-02-11,3.88,3.92,3.87,3.91,216813019.0,1055659518.0,269612212539.0,0.0008041661650198339
3697,2022-02-14,3.89,3.9,3.83,3.85,263967446.0,1267336371.0,269612212539.0,0.0009790633870556458
3698,2022-02-15,3.84,3.87,3.81,3.82,195749099.0,935314542.0,269612212539.0,0.0007260394369994811
3699,2022-02-16,3.83,3.86,3.81,3.83,155456701.0,743663746.0,269612212539.0,0.0005765936918659159
3700,2022-02-17,3.83,3.86,3.83,3.83,127575079.0,610866291.0,269612212539.0,0.00047317989715152826
3701,2022-02-18,3.83,3.87,3.82,3.86,159889548.0,766743186.0,269612212539.0,0.0005930352579146303
3702,2022-02-21,3.85,3.87,3.83,3.87,159403365.0,764397601.0,269612212539.0,0.0005912319901938491
3703,2022-02-22,3.85,3.86,3.82,3.83,170843755.0,816340653.0,269612212539.0,0.0006336647490524453
3704,2022-02-23,3.83,3.83,3.8,3.83,235801579.0,1121673859.0,269612212539.0,0.0008745953188818952
3705,2022-02-24,3.81,3.83,3.76,3.77,256626628.0,1211414666.0,269612212539.0,0.000951836067006343
3706,2022-02-25,3.77,3.79,3.74,3.75,250601820.0,1174239875.0,269612212539.0,0.0009294898685783749
3707,2022-02-28,3.75,3.75,3.72,3.74,194926963.0,908084763.0,269612212539.0,0.0007229901092548002
3708,2022-03-01,3.75,3.77,3.73,3.75,194254562.0,906672524.0,269612212539.0,0.0007204961532367554
3709,2022-03-02,3.75,3.78,3.74,3.77,152051440.0,712736651.0,269612212539.0,0.0005639634739394657
3710,2022-03-03,3.76,3.82,3.76,3.8,227331198.0,1075452463.0,269612212539.0,0.000843178414876574
3711,2022-03-04,3.79,3.79,3.75,3.79,162498774.0,764539209.0,269612212539.0,0.0006027129575092752
3712,2022-03-07,3.77,3.79,3.71,3.73,352940972.0,1647036756.0,269612212539.0,0.0013090689352543564
3713,2022-03-08,3.73,3.74,3.69,3.71,281133558.0,1302919792.0,269612212539.0,0.0010427330251567644
3714,2022-03-09,3.7,3.72,3.61,3.66,462058476.0,2116239860.0,269612212539.0,0.001713789118262446
3715,2022-03-10,3.68,3.7,3.65,3.66,230674382.0,1055255232.0,269612212539.0,0.0008555783872981363
3716,2022-03-11,3.65,3.7,3.63,3.7,270787531.0,1233914619.0,269612212539.0,0.001004359292370074
3717,2022-03-14,3.67,3.72,3.66,3.68,229087259.0,1053445742.0,269612212539.0,0.0008496916992098866
3718,2022-03-15,3.67,3.69,3.62,3.64,513013285.0,2327503095.0,269612212539.0,0.0019027820741829027
3719,2022-03-16,3.64,3.67,3.59,3.65,421243243.0,1904496884.0,269612212539.0,0.0015624041620112673
3720,2022-03-17,3.67,3.67,3.62,3.63,309820972.0,1403531229.0,269612212539.0,0.0011491355272164599
3721,2022-03-18,3.63,3.69,3.62,3.65,362779732.0,1650775565.0,269612212539.0,0.001345561199114907
3722,2022-03-21,3.66,3.67,3.63,3.64,206941762.0,940187354.0,269612212539.0,0.0007675533687854197
3723,2022-03-22,3.64,3.69,3.63,3.68,219305460.0,1003988139.0,269612212539.0,0.0008134107054526582
3724,2022-03-23,3.67,3.68,3.65,3.67,206859015.0,945355931.0,269612212539.0,0.0007672464576139235
3725,2022-03-24,3.65,3.69,3.64,3.67,150559056.0,689799168.0,269612212539.0,0.0005584281757200494
3726,2022-03-25,3.67,3.72,3.67,3.71,227781541.0,1051862686.0,269612212539.0,0.0008448487509335317
3727,2022-03-28,3.71,3.77,3.69,3.76,287047605.0,1338663837.0,269612212539.0,0.001064668407624443
3728,2022-03-29,3.76,3.79,3.75,3.79,193958079.0,912905215.0,269612212539.0,0.0007193964886584784
3729,2022-03-30,3.79,3.79,3.74,3.78,233053021.0,1093920777.0,269612212539.0,0.0008644008326080124
3730,2022-03-31,3.77,3.83,3.75,3.83,287690888.0,1367102536.0,269612212539.0,0.0010670543640836925
3731,2022-04-01,3.81,3.86,3.8,3.84,264825048.0,1264764211.0,269612212539.0,0.0009822442592866318
3732,2022-04-06,3.83,3.89,3.83,3.87,349300701.0,1680190640.0,269612212539.0,0.0012955670579999148
3733,2022-04-07,3.87,3.89,3.83,3.87,304543331.0,1467777843.0,269612212539.0,0.0011295605942032287
3734,2022-04-08,3.87,3.87,3.83,3.86,250173255.0,1201783976.0,269612212539.0,0.0009279003077941505
3735,2022-04-11,3.85,3.87,3.82,3.83,272641454.0,1304536360.0,269612212539.0,0.0010112355498754042
3736,2022-04-12,3.83,3.86,3.79,3.83,276116779.0,1319247558.0,269612212539.0,0.0010241256373357311
3737,2022-04-13,3.83,3.87,3.83,3.84,197122360.0,946500715.0,269612212539.0,0.0007311329043430695
3738,2022-04-14,3.85,3.86,3.82,3.83,148414496.0,708983833.0,269612212539.0,0.0005504739366304912
3739,2022-04-15,3.82,3.85,3.82,3.82,193487775.0,924020571.0,269612212539.0,0.000717652116637749
3740,2022-04-18,3.81,3.83,3.78,3.79,182965837.0,866264047.0,269612212539.0,0.0006786259245342367
3741,2022-04-19,3.79,3.8,3.76,3.79,158209354.0,745770596.0,269612212539.0,0.0005868033666209192
3742,2022-04-20,3.79,3.82,3.78,3.8,145331908.0,688799566.0,269612212539.0,0.0005390405227989345
3743,2022-04-21,3.8,3.86,3.79,3.83,329791138.0,1578338095.0,269612212539.0,0.0012232054879646632
3744,2022-04-22,3.82,3.89,3.82,3.88,390437787.0,1885993944.0,269612212539.0,0.0014481457769407323
3745,2022-04-25,3.87,3.9,3.81,3.81,471782613.0,2276075261.0,269612212539.0,0.0017498562418857624
3746,2022-04-26,3.81,3.87,3.79,3.86,363670892.0,1741895884.0,269612212539.0,0.0013488665390014342
3747,2022-04-27,3.85,3.87,3.75,3.78,383545163.0,1821850807.0,269612212539.0,0.0014225808222412008
3748,2022-04-28,3.78,3.83,3.77,3.83,295997069.0,1401689370.0,269612212539.0,0.001097862245231875
3749,2022-04-29,3.82,3.85,3.79,3.83,263941660.0,1258379971.0,269612212539.0,0.0009789677459874717
3750,2022-05-05,3.83,3.85,3.79,3.81,240204834.0,1143770289.0,269612212539.0,0.0008909271272912159
3751,2022-05-06,3.8,3.83,3.78,3.8,169044734.0,800177342.0,269612212539.0,0.0006269921247560227
3752,2022-05-09,3.79,3.83,3.78,3.82,161351638.0,766272587.0,269612212539.0,0.0005984581947550323
3753,2022-05-10,3.81,3.83,3.79,3.79,194205706.0,919233037.0,269612212539.0,0.0007203149448280564
3754,2022-05-11,3.79,3.8,3.74,3.74,353406095.0,1656391757.0,269612212539.0,0.0013107940907865182
3755,2022-05-12,3.74,3.75,3.72,3.73,144694424.0,673675865.0,269612212539.0,0.0005366760750092863
3756,2022-05-13,3.74,3.77,3.73,3.77,175411195.0,822079154.0,269612212539.0,0.0006506055246834428
3757,2022-05-16,3.77,3.77,3.73,3.75,166826315.0,779376703.0,269612212539.0,0.0006187639403607068
3758,2022-05-17,3.76,3.76,3.73,3.74,216889033.0,1012483465.0,269612212539.0,0.0008044481032869627
3759,2022-05-18,3.74,3.75,3.7,3.71,226008427.0,1045435059.0,269612212539.0,0.0008382722164980097
3760,2022-05-19,3.7,3.71,3.68,3.7,169155629.0,778801637.0,269612212539.0,0.0006274034377264393
3761,2022-05-20,3.71,3.71,3.68,3.71,240691632.0,1111835552.0,269612212539.0,0.0008927326760659383
3762,2022-05-23,3.71,3.72,3.71,3.71,173224351.0,801421866.0,269612212539.0,0.0006424944529355944
3763,2022-05-24,3.71,3.75,3.71,3.75,243774864.0,1133742350.0,269612212539.0,0.0009041684785133293
3764,2022-05-25,3.75,3.75,3.73,3.74,152315656.0,710288253.0,269612212539.0,0.0005649434592209624
3765,2022-05-26,3.74,3.75,3.71,3.73,191767089.0,892015484.0,269612212539.0,0.0007112700392689388
3766,2022-05-27,3.74,3.75,3.72,3.75,124999758.0,582773258.0,269612212539.0,0.00046362795224611165
3767,2022-05-30,3.75,3.76,3.72,3.73,158827431.0,740859756.0,269612212539.0,0.000589095833249858
3768,2022-05-31,3.72,3.75,3.71,3.74,251365747.0,1171009193.0,269612212539.0,0.0009323232973492972
3769,2022-06-01,3.73,3.75,3.71,3.73,140067661.0,651076588.0,269612212539.0,0.0005195152685442204
3770,2022-06-02,3.72,3.73,3.71,3.71,152163807.0,704972367.0,269612212539.0,0.0005643802466032178
3771,2022-06-06,3.71,3.72,3.67,3.69,295433437.0,1359071286.0,269612212539.0,0.0010957717167847689
3772,2022-06-07,3.69,3.71,3.68,3.7,187312009.0,863790898.0,269612212539.0,0.0006947460103384779
3773,2022-06-08,3.71,3.72,3.7,3.72,173630219.0,803663719.0,269612212539.0,0.0006439998298477819
3774,2022-06-09,3.71,3.75,3.71,3.74,219361973.0,1020144722.0,269612212539.0,0.0008136203139101824
3775,2022-06-10,3.74,3.76,3.73,3.76,264709044.0,1236607464.0,269612212539.0,0.000981813996877865
3776,2022-06-13,3.75,3.76,3.71,3.75,228241127.0,1062970281.0,269612212539.0,0.0008465533695621611
3777,2022-06-14,3.74,3.79,3.73,3.79,227148853.0,1065769460.0,269612212539.0,0.0008425020916555938
3778,2022-06-15,3.79,3.83,3.77,3.79,298135889.0,1413770158.0,269612212539.0,0.001105795194484649
3779,2022-06-16,3.79,3.8,3.76,3.77,210148840.0,989353107.0,269612212539.0,0.0007794485198611005
3780,2022-06-17,3.77,3.81,3.76,3.81,181063822.0,857162918.0,269612212539.0,0.0006715712923197377
3781,2022-06-20,3.81,3.81,3.77,3.77,186411517.0,879332783.0,269612212539.0,0.0006914060577765377
3782,2022-06-21,3.78,3.83,3.77,3.82,209405397.0,992313781.0,269612212539.0,0.000776691066877058
3783,2022-06-22,3.81,3.84,3.8,3.81,156720149.0,746302086.0,269612212539.0,0.0005812798594104118
3784,2022-06-23,3.82,3.83,3.81,3.83,175436211.0,836115739.0,269612212539.0,0.000650698309797902
3785,2022-06-24,3.82,3.83,3.79,3.8,183853897.0,872916586.0,269612212539.0,0.000681919766425288
3786,2022-06-27,3.8,3.81,3.77,3.78,231519067.0,1092328379.0,269612212539.0,0.0008587113499782962
3787,2022-06-28,3.78,3.8,3.76,3.79,170737101.0,805395280.0,269612212539.0,0.0006332691660816459
3788,2022-06-29,3.79,3.83,3.79,3.83,215549058.0,1023870244.0,269612212539.0,0.0007994780947425382
3789,2022-06-30,3.82,3.83,3.8,3.83,178325535.0,849607081.0,269612212539.0,0.0006614149015011879
3790,2022-07-01,3.83,3.83,3.8,3.83,134935817.0,642345557.0,269612212539.0,0.0005004811010943403
3791,2022-07-04,3.83,3.84,3.81,3.83,130612061.0,622821601.0,269612212539.0,0.0004844441569244816
3792,2022-07-05,3.83,3.86,3.83,3.85,203672006.0,975769265.0,269612212539.0,0.0007554257430773408
3793,2022-07-06,3.85,3.86,3.82,3.83,176855107.0,844420041.0,269612212539.0,0.0006559610387619868
3794,2022-07-07,3.83,3.84,3.82,3.82,161603898.0,771362416.0,269612212539.0,0.0005993938348643003
3795,2022-07-08,3.83,3.83,3.8,3.83,162028879.0,771025598.0,269612212539.0,0.0006009701024821425
3796,2022-07-11,3.83,3.85,3.81,3.84,331908902.0,1588548779.0,269612212539.0,0.0012310603398649408
3797,2022-07-12,3.86,3.87,3.85,3.85,313447842.0,1415371773.0,269612212539.0,0.0011625876997491688
3798,2022-07-13,3.85,3.85,3.77,3.78,339361224.0,1509312922.0,269612212539.0,0.0012587012316844165
3799,2022-07-14,3.78,3.78,3.69,3.73,343023331.0,1493674363.0,269612212539.0,0.0012722840993353776
3800,2022-07-15,3.73,3.74,3.7,3.7,218886260.0,953165921.0,269612212539.0,0.000811855879741863
3801,2022-07-18,3.71,3.73,3.71,3.73,177053974.0,771591237.0,269612212539.0,0.0006566986425898224
3802,2022-07-19,3.73,3.77,3.72,3.75,174735865.0,766493792.0,269612212539.0,0.0006481007049141888
3803,2022-07-20,3.76,3.8,3.75,3.79,162958037.0,721830507.0,269612212539.0,0.0006044163781209568
3804,2022-07-21,3.8,3.8,3.75,3.75,148655038.0,655999435.0,269612212539.0,0.0005513661143168606
3805,2022-07-22,3.75,3.79,3.75,3.77,143873736.0,634607518.0,269612212539.0,0.0005336321179412018
3806,2022-07-25,3.77,3.79,3.76,3.79,131520370.0,582040207.0,269612212539.0,0.00048781310298017487
3807,2022-07-26,3.79,3.8,3.78,3.78,138224601.0,612318085.0,269612212539.0,0.0005126793022404558
3808,2022-07-27,3.78,3.79,3.75,3.75,125974061.0,553990999.0,269612212539.0,0.0004672416720803312
3809,2022-07-28,3.75,3.78,3.75,3.75,119858370.0,527011553.0,269612212539.0,0.00044455838580628916
3810,2022-07-29,3.76,3.78,3.73,3.74,143301779.0,629578816.0,269612212539.0,0.0005315107118126968
3811,2022-08-01,3.73,3.76,3.73,3.73,133647435.0,585326909.0,269612212539.0,0.0004957024525759107
3812,2022-08-02,3.73,3.73,3.7,3.72,180306667.0,782945384.0,269612212539.0,0.0006687629811053838
3813,2022-08-03,3.71,3.73,3.69,3.69,141581450.0,614187517.0,269612212539.0,0.0005251299585678818
3814,2022-08-04,3.71,3.74,3.69,3.73,185863244.0,809091671.0,269612212539.0,0.0006893724963334681
3815,2022-08-05,3.74,3.76,3.73,3.75,122691518.0,537331729.0,269612212539.0,0.00045506661899542996
3816,2022-08-08,3.75,3.75,3.71,3.72,129470948.0,564029561.0,269612212539.0,0.0004802117336627388
3817,2022-08-09,3.72,3.73,3.71,3.71,82021225.0,356859073.0,269612212539.0,0.000304219249668208
3818,2022-08-10,3.71,3.72,3.69,3.7,90758527.0,393451050.0,269612212539.0,0.00033662617188333626
3819,2022-08-11,3.71,3.73,3.7,3.73,152653308.0,664667705.0,269612212539.0,0.000566195820888189
3820,2022-08-12,3.73,3.73,3.71,3.73,112627134.0,490393040.0,269612212539.0,0.0004177375087699643
3821,2022-08-15,3.72,3.73,3.7,3.71,119388944.0,518417996.0,269612212539.0,0.0004428172703146009
3822,2022-08-16,3.71,3.72,3.7,3.7,129259534.0,561093999.0,269612212539.0,0.0004794275926254725
3823,2022-08-17,3.71,3.72,3.69,3.71,173707762.0,752698402.0,269612212539.0,0.0006442874392230017
3824,2022-08-18,3.71,3.71,3.69,3.69,107977056.0,467337830.0,269612212539.0,0.0004004902262518278
3825,2022-08-19,3.7,3.72,3.69,3.7,106555720.0,462040416.0,269612212539.0,0.00039521844725259425
3826,2022-08-22,3.7,3.72,3.69,3.7,102298346.0,443494667.0,269612212539.0,0.00037942771596521176
3827,2022-08-23,3.7,3.71,3.69,3.69,106212820.0,459477326.0,269612212539.0,0.0003939466205917363
3828,2022-08-24,3.7,3.71,3.69,3.69,110218503.0,476974353.0,269612212539.0,0.0004088038222083751
3829,2022-08-25,3.7,3.71,3.69,3.71,116466910.0,504127533.0,269612212539.0,0.0004319793562138911
3830,2022-08-26,3.71,3.72,3.7,3.72,98104572.0,426084963.0,269612212539.0,0.0003638728790366236
3831,2022-08-29,3.71,3.72,3.69,3.7,102906353.0,445969001.0,269612212539.0,0.0003816828326540081
3832,2022-08-30,3.71,3.73,3.7,3.73,134022525.0,582803339.0,269612212539.0,0.0004970936729381773
3833,2022-08-31,3.72,3.74,3.71,3.74,259239209.0,1132180169.0,269612212539.0,0.0009615262103993174
3834,2022-09-01,3.73,3.73,3.72,3.73,105691815.0,460792946.0,269612212539.0,0.00039201419700048433
3835,2022-09-02,3.72,3.73,3.71,3.72,129784655.0,565116180.0,269612212539.0,0.0004813752825874917
3836,2022-09-05,3.72,3.73,3.7,3.73,125909116.0,547119545.0,269612212539.0,0.0004670007890751127
3837,2022-09-06,3.73,3.74,3.71,3.73,184580231.0,805772141.0,269612212539.0,0.0006846137616013966
3838,2022-09-07,3.73,3.73,3.71,3.72,118912921.0,517187728.0,269612212539.0,0.000441051686346734
3839,2022-09-08,3.73,3.73,3.71,3.72,108674240.0,472815830.0,269612212539.0,0.0004030761031801556
3840,2022-09-09,3.73,3.74,3.72,3.73,162795022.0,710715972.0,269612212539.0,0.0006038117504653145
3841,2022-09-13,3.73,3.75,3.73,3.74,207622855.0,908320747.0,269612212539.0,0.0007700795636991662
3842,2022-09-14,3.73,3.74,3.73,3.73,119521547.0,521881472.0,269612212539.0,0.0004433090989255946
3843,2022-09-15,3.73,3.76,3.73,3.75,299407017.0,1312876135.0,269612212539.0,0.0011105098473856785
3844,2022-09-16,3.75,3.76,3.73,3.73,242717138.0,1062487993.0,269612212539.0,0.0009002453402027938
3845,2022-09-19,3.73,3.75,3.73,3.74,216720703.0,948114394.0,269612212539.0,0.0008038237621326255
3846,2022-09-20,3.75,3.75,3.73,3.73,148524942.0,650364279.0,269612212539.0,0.0005508835842460791
3847,2022-09-21,3.73,3.75,3.72,3.73,157848349.0,689565518.0,269612212539.0,0.0005854643879574516
3848,2022-09-22,3.73,3.76,3.72,3.75,285730508.0,1248539894.0,269612212539.0,0.00105978325428663
3849,2022-09-23,3.74,3.77,3.73,3.76,281224160.0,1237026682.0,269612212539.0,0.0010430690707651838
3850,2022-09-26,3.75,3.76,3.72,3.72,262698303.0,1147676709.0,269612212539.0,0.0009743560965807515
3851,2022-09-27,3.72,3.73,3.7,3.71,190035823.0,825325572.0,269612212539.0,0.0007048487203542788
3852,2022-09-28,3.71,3.73,3.7,3.72,180577277.0,784503628.0,269612212539.0,0.0006697666819298072
3853,2022-09-29,3.73,3.73,3.7,3.7,175882532.0,763036787.0,269612212539.0,0.0006523537281329873
3854,2022-09-30,3.71,3.73,3.7,3.72,157862846.0,686074089.0,269612212539.0,0.0005855181577769397
3855,2022-10-10,3.72,3.74,3.7,3.73,317778153.0,1385758856.0,269612212539.0,0.0011786489566159126
3856,2022-10-11,3.73,3.74,3.71,3.73,207120632.0,903371612.0,269612212539.0,0.0007682168031243746
3857,2022-10-12,3.73,3.76,3.73,3.76,259239180.0,1135992155.0,269612212539.0,0.0009615261028374242
3858,2022-10-13,3.75,3.75,3.71,3.72,270034847.0,1174850511.0,269612212539.0,0.0010015675642324209
3859,2022-10-14,3.72,3.73,3.7,3.71,262969290.0,1142713536.0,269612212539.0,0.000975361195709786
3860,2022-10-17,3.71,3.74,3.7,3.72,256254527.0,1115347729.0,269612212539.0,0.0009504559329371336
3861,2022-10-18,3.73,3.73,3.71,3.72,153338179.0,666628309.0,269612212539.0,0.000568736028520293
3862,2022-10-19,3.71,3.73,3.71,3.71,167922586.0,730221419.0,269612212539.0,0.0006228300432633764
3863,2022-10-20,3.72,3.73,3.71,3.72,171289785.0,745032525.0,269612212539.0,0.0006353190880595684
3864,2022-10-21,3.72,3.73,3.71,3.72,184623959.0,802815210.0,269612212539.0,0.00068477595010016
3865,2022-10-24,3.72,3.73,3.7,3.73,398276420.0,1731708676.0,269612212539.0,0.0014772195081570662
3866,2022-10-25,3.72,3.73,3.71,3.71,205983443.0,895581873.0,269612212539.0,0.0007639989340994857
3867,2022-10-26,3.71,3.72,3.66,3.66,430515147.0,1859606050.0,269612212539.0,0.0015967939395094169
3868,2022-10-27,3.66,3.67,3.62,3.63,261456957.0,1114168572.0,269612212539.0,0.0009697519060349675
3869,2022-10-28,3.64,3.65,3.62,3.63,232238617.0,989014765.0,269612212539.0,0.0008613801830894666
3870,2022-10-31,3.63,3.64,3.54,3.55,313680862.0,1315941980.0,269612212539.0,0.0011634519781058708
3871,2022-11-01,3.55,3.55,3.43,3.49,642844780.0,2617808617.0,269612212539.0,0.0023843310877730032
3872,2022-11-02,3.46,3.48,3.43,3.48,345062679.0,1394694899.0,269612212539.0,0.0012798481038765479
3873,2022-11-03,3.46,3.47,3.45,3.47,156467237.0,634051041.0,269612212539.0,0.000580341801013063
3874,2022-11-04,3.46,3.52,3.46,3.49,338099345.0,1382391650.0,269612212539.0,0.0012540208836092437
3875,2022-11-07,3.49,3.49,3.47,3.49,242076334.0,986337817.0,269612212539.0,0.000897868578430894
3876,2022-11-08,3.49,3.49,3.48,3.49,126671007.0,517079540.0,269612212539.0,0.00046982666625932886
3877,2022-11-09,3.49,3.51,3.49,3.5,136875257.0,560691180.0,269612212539.0,0.0005076745437864789
3878,2022-11-10,3.49,3.51,3.49,3.51,142397457.0,582648249.0,269612212539.0,0.0005281565536627978
3879,2022-11-11,3.52,3.55,3.51,3.55,276835288.0,1144895641.0,269612212539.0,0.0010267906093458401
3880,2022-11-14,3.55,3.58,3.55,3.55,270815058.0,1129702478.0,269612212539.0,0.0010044613908608683
3881,2022-11-15,3.55,3.57,3.55,3.56,156414010.0,651544034.0,269612212539.0,0.0005801443804307432
3882,2022-11-16,3.56,3.57,3.55,3.55,113277031.0,472113067.0,269612212539.0,0.0004201479967589162
3883,2022-11-17,3.55,3.56,3.54,3.56,168171659.0,698816838.0,269612212539.0,0.0006237538626914892
3884,2022-11-18,3.56,3.58,3.55,3.56,178548149.0,745303163.0,269612212539.0,0.0006622405836833991
3885,2022-11-21,3.56,3.58,3.55,3.57,180523196.0,753341792.0,269612212539.0,0.0006695660938351853
3886,2022-11-22,3.57,3.63,3.56,3.61,270255318.0,1140835266.0,269612212539.0,0.0010023852979616306
3887,2022-11-23,3.61,3.67,3.61,3.64,321090657.0,1369621339.0,269612212539.0,0.0011909351359725721
3888,2022-11-24,3.65,3.66,3.62,3.63,141365386.0,602139323.0,269612212539.0,0.0005243285705374017
3889,2022-11-25,3.63,3.7,3.63,3.69,369825416.0,1591516138.0,269612212539.0,0.0013716938580684802
3890,2022-11-28,3.67,3.67,3.61,3.62,292727124.0,1241390938.0,269612212539.0,0.0010857339185169751
3891,2022-11-29,3.63,3.71,3.62,3.69,411695633.0,1769804553.0,269612212539.0,0.0015269917824677446
3892,2022-11-30,3.67,3.7,3.66,3.67,312182307.0,1342258893.0,269612212539.0,0.001157893791457396
3893,2022-12-01,3.69,3.7,3.62,3.63,352708371.0,1508271593.0,269612212539.0,0.0013082062109815592
3894,2022-12-02,3.63,3.64,3.61,3.62,199898123.0,848573118.0,269612212539.0,0.0007414282947998295
3895,2022-12-05,3.64,3.69,3.63,3.67,349731692.0,1499555627.0,269612212539.0,0.001297165616892857
3896,2022-12-06,3.67,3.69,3.67,3.68,259751549.0,1117747056.0,269612212539.0,0.0009634264952386991
3897,2022-12-07,3.68,3.69,3.66,3.67,222335763.0,956706139.0,269612212539.0,0.0008246501926089072
3898,2022-12-08,3.67,3.68,3.66,3.67,196600646.0,845283418.0,269612212539.0,0.0007291978510489813
3899,2022-12-09,3.67,3.69,3.67,3.67,256490365.0,1103145219.0,269612212539.0,0.0009513306633426263
3900,2022-12-12,3.67,3.67,3.65,3.65,196708131.0,843407173.0,269612212539.0,0.0007295965162243744
3901,2022-12-13,3.66,3.68,3.65,3.67,164073577.0,704235151.0,269612212539.0,0.0006085539503380856
3902,2022-12-14,3.67,3.68,3.65,3.67,197505351.0,845926525.0,269612212539.0,0.0007325534297576762
3903,2022-12-15,3.66,3.67,3.63,3.64,179303937.0,763572928.0,269612212539.0,0.000665043824652651
3904,2022-12-16,3.64,3.67,3.62,3.67,198217166.0,846358171.0,269612212539.0,0.000735193573515619
3905,2022-12-19,3.66,3.68,3.63,3.64,164783722.0,704842464.0,269612212539.0,0.0006111879000145948
3906,2022-12-20,3.63,3.65,3.61,3.61,176970742.0,751668831.0,269612212539.0,0.000656389932538389
3907,2022-12-21,3.61,3.64,3.61,3.63,118893037.0,504895105.0,269612212539.0,0.0004409779359783335
3908,2022-12-22,3.64,3.66,3.63,3.65,129688869.0,553757271.0,269612212539.0,0.000481020009363412
3909,2022-12-23,3.65,3.65,3.63,3.63,90459786.0,385322879.0,269612212539.0,0.00033551813231351603
3910,2022-12-26,3.64,3.66,3.62,3.64,147070124.0,626352011.0,269612212539.0,0.0005454876194776451
3911,2022-12-27,3.65,3.68,3.64,3.67,184963329.0,793633877.0,269612212539.0,0.0006860346838822987
3912,2022-12-28,3.67,3.7,3.67,3.69,175591554.0,757611069.0,269612212539.0,0.0006512744817692571
3913,2022-12-29,3.68,3.69,3.64,3.67,188566553.0,809605996.0,269612212539.0,0.0006993991526727427
3914,2022-12-30,3.68,3.72,3.67,3.71,298338666.0,1293431442.0,269612212539.0,0.0011065473006229073
3915,2023-01-03,3.71,3.71,3.67,3.68,242880970.0,1047725002.0,269612212539.0,0.0009008529981365986
3916,2023-01-04,3.69,3.73,3.68,3.73,235147735.0,1022070423.0,269612212539.0,0.0008721701913483811
3917,2023-01-05,3.73,3.74,3.7,3.7,201779778.0,877204366.0,269612212539.0,0.0007484074111472681
3918,2023-01-06,3.7,3.72,3.68,3.71,168713802.0,731034157.0,269612212539.0,0.000625764687775763
3919,2023-01-09,3.72,3.73,3.7,3.7,166679160.0,723302384.0,269612212539.0,0.000618218137933531
3920,2023-01-10,3.71,3.71,3.67,3.67,175125873.0,755033290.0,269612212539.0,0.0006495472565979097
3921,2023-01-11,3.67,3.69,3.67,3.68,134949638.0,581583428.0,269612212539.0,0.0005005323636090084
3922,2023-01-12,3.68,3.69,3.67,3.67,109553061.0,471371597.0,269612212539.0,0.0004063356773356582
3923,2023-01-13,3.67,3.71,3.67,3.71,131055643.0,566908490.0,269612212539.0,0.0004860894162242095
3924,2023-01-16,3.71,3.73,3.7,3.71,223950053.0,972719257.0,269612212539.0,0.0008306376439368641
3925,2023-01-17,3.71,3.72,3.68,3.7,134839646.0,583427985.0,269612212539.0,0.000500124399893403
3926,2023-01-18,3.7,3.72,3.7,3.71,129040220.0,559746084.0,269612212539.0,0.0004786141502448968
3927,2023-01-19,3.7,3.71,3.68,3.7,131115398.0,566876473.0,269612212539.0,0.00048631104935958295
3928,2023-01-20,3.7,3.71,3.69,3.7,142323356.0,615310375.0,269612212539.0,0.0005278817107715869
3929,2023-01-30,3.71,3.72,3.68,3.69,245108379.0,1060660579.0,269612212539.0,0.0009091145267187945
3930,2023-01-31,3.69,3.7,3.68,3.69,168763524.0,729242573.0,269612212539.0,0.0006259491082051336
3931,2023-02-01,3.69,3.7,3.67,3.68,172925259.0,745664750.0,269612212539.0,0.0006413851114959638
3932,2023-02-02,3.69,3.69,3.67,3.67,202073628.0,870185102.0,269612212539.0,0.0007494973098474522
3933,2023-02-03,3.67,3.68,3.67,3.67,197419101.0,848654204.0,269612212539.0,0.0007322335258512924
3934,2023-02-06,3.67,3.67,3.66,3.67,216213750.0,926939859.0,269612212539.0,0.0008019434578421562
3935,2023-02-07,3.67,3.68,3.66,3.67,158352142.0,680140869.0,269612212539.0,0.0005873329717105972
3936,2023-02-08,3.67,3.68,3.67,3.67,129492829.0,556550720.0,269612212539.0,0.00048029289096564415
3937,2023-02-09,3.67,3.68,3.67,3.67,130765909.0,562487646.0,269612212539.0,0.0004850147838947927
3938,2023-02-10,3.68,3.68,3.67,3.68,120237620.0,517287828.0,269612212539.0,0.00044596503573667815
3939,2023-02-13,3.67,3.68,3.67,3.67,190254036.0,817263325.0,269612212539.0,0.0007056580790919452
3940,2023-02-14,3.67,3.68,3.67,3.67,106455757.0,457865981.0,269612212539.0,0.0003948476814068685
3941,2023-02-15,3.67,3.68,3.66,3.67,204044617.0,875087611.0,269612212539.0,0.0007568077687522575
3942,2023-02-16,3.67,3.67,3.66,3.66,189424699.0,812550640.0,269612212539.0,0.0007025820426164831
3943,2023-02-17,3.66,3.67,3.66,3.66,178639516.0,766064990.0,269612212539.0,0.0006625794667003796
3944,2023-02-20,3.67,3.68,3.66,3.68,233984407.0,1004838515.0,269612212539.0,0.0008678553719674462
3945,2023-02-21,3.67,3.69,3.67,3.69,167893037.0,724398198.0,269612212539.0,0.000622720445112307
3946,2023-02-22,3.69,3.69,3.67,3.67,93751993.0,404187271.0,269612212539.0,0.0003477290294720554
3947,2023-02-23,3.68,3.69,3.67,3.67,121562807.0,523722564.0,269612212539.0,0.0004508801951336521
3948,2023-02-24,3.68,3.68,3.67,3.67,139118256.0,597341180.0,269612212539.0,0.0005159938961588257
3949,2023-02-27,3.67,3.67,3.66,3.67,120180177.0,515168670.0,269612212539.0,0.00044575197788051114
3950,2023-02-28,3.67,3.67,3.66,3.67,158050125.0,677615166.0,269612212539.0,0.0005862127813558805
3951,2023-03-01,3.67,3.68,3.67,3.67,257556670.0,1107847947.0,269612212539.0,0.0009552856214283834
3952,2023-03-02,3.67,3.69,3.67,3.69,220929425.0,952727208.0,269612212539.0,0.0008194340416535919
3953,2023-03-03,3.69,3.73,3.69,3.73,322251125.0,1399659368.0,269612212539.0,0.0011952393475254228
3954,2023-03-06,3.73,3.74,3.71,3.72,321861178.0,1401037315.0,269612212539.0,0.0011937930220925807
3955,2023-03-07,3.72,3.83,3.71,3.75,677093404.0,2992988030.0,269612212539.0,0.002511360289000473
3956,2023-03-08,3.73,3.77,3.72,3.76,251397716.0,1098665504.0,269612212539.0,0.0009324418713548993
3957,2023-03-09,3.76,3.79,3.74,3.74,241087853.0,1062348001.0,269612212539.0,0.0008942022719580112
3958,2023-03-10,3.73,3.74,3.71,3.71,222125432.0,968749011.0,269612212539.0,0.0008238700684519959
3959,2023-03-13,3.71,3.77,3.7,3.76,249191240.0,1092169163.0,269612212539.0,0.0009242579839144117
3960,2023-03-14,3.75,3.79,3.74,3.77,254264476.0,1122413927.0,269612212539.0,0.0009430747724872443
3961,2023-03-15,3.79,3.82,3.77,3.81,289683079.0,1288387303.0,269612212539.0,0.001074443461859491
3962,2023-03-16,3.8,3.9,3.79,3.86,587394744.0,2655044111.0,269612212539.0,0.0021786651964626124
3963,2023-03-17,3.87,3.91,3.84,3.86,342858062.0,1553254966.0,269612212539.0,0.001271671111524315
3964,2023-03-20,3.86,3.93,3.85,3.85,338644615.0,1541399770.0,269612212539.0,0.001256043306832825
3965,2023-03-21,3.86,3.89,3.79,3.8,273510246.0,1222842097.0,269612212539.0,0.001014457926161027
3966,2023-03-22,3.81,3.86,3.8,3.86,221808782.0,998009990.0,269612212539.0,0.0008226956038496026
3967,2023-03-23,3.85,3.87,3.83,3.86,189847348.0,855390079.0,269612212539.0,0.0007041496607745028
3968,2023-03-24,3.85,3.85,3.82,3.83,161952887.0,726293380.0,269612212539.0,0.0006006882458136913
3969,2023-03-27,3.82,3.83,3.77,3.81,212695930.0,944911324.0,269612212539.0,0.0007888957551180404
3970,2023-03-28,3.82,3.85,3.79,3.84,171859069.0,768256378.0,269612212539.0,0.0006374305799487484
3971,2023-03-29,3.85,3.87,3.81,3.85,215332456.0,969916345.0,269612212539.0,0.0007986747112534885
3972,2023-03-30,3.85,3.89,3.83,3.86,181026632.0,816555471.0,269612212539.0,0.0006714333534643357
3973,2023-03-31,3.86,3.86,3.8,3.81,234562482.0,1050304784.0,269612212539.0,0.0008699994699463773
3974,2023-04-03,3.81,3.82,3.79,3.8,200518609.0,892555875.0,269612212539.0,0.0007437296964839622
3975,2023-04-04,3.8,3.86,3.79,3.86,306159133.0,1376907554.0,269612212539.0,0.0011355536535857529
3976,2023-04-06,3.85,3.88,3.84,3.87,195821608.0,884878223.0,269612212539.0,0.0007263083751136606
3977,2023-04-07,3.86,3.88,3.85,3.87,124734768.0,564750744.0,269612212539.0,0.0004626450961747767
3978,2023-04-10,3.87,3.9,3.85,3.89,240344917.0,1090106743.0,269612212539.0,0.0008914466994525835
3979,2023-04-11,3.89,3.9,3.87,3.89,185217653.0,843163088.0,269612212539.0,0.0006869779794311352
3980,2023-04-12,3.9,3.96,3.89,3.94,319851803.0,1472027339.0,269612212539.0,0.0011863401883315384
3981,2023-04-13,3.93,3.97,3.91,3.96,218734268.0,1012149962.0,269612212539.0,0.0008112921367327143
3982,2023-04-14,3.97,3.97,3.94,3.96,151496089.0,701396460.0,269612212539.0,0.0005619036599764032
3983,2023-04-17,3.96,4.05,3.95,4.04,355629181.0,1666156219.0,269612212539.0,0.0013190395852285715
3984,2023-04-18,4.04,4.11,4.03,4.08,395257434.0,1882106553.0,269612212539.0,0.0014660219961023656
3985,2023-04-19,4.08,4.1,4.06,4.07,269921378.0,1288443209.0,269612212539.0,0.0010011467042167286
3986,2023-04-20,4.07,4.09,4.0,4.05,318001341.0,1502667180.0,269612212539.0,0.0011794767677818022
3987,2023-04-21,4.05,4.09,4.01,4.02,315854005.0,1496588900.0,269612212539.0,0.0011715122324227468
3988,2023-04-24,4.02,4.06,4.0,4.03,306206810.0,1443750723.0,269612212539.0,0.0011357304890471404
3989,2023-04-25,4.02,4.08,4.02,4.06,391567475.0,1857660019.0,269612212539.0,0.0014523358245256005
3990,2023-04-26,4.05,4.08,3.97,4.06,400961115.0,1891851111.0,269612212539.0,0.0014871771245970548
3991,2023-04-27,4.05,4.06,4.02,4.06,265707962.0,1256636714.0,269612212539.0,0.0009855190145051933
3992,2023-04-28,4.05,4.08,4.02,4.03,250324400.0,1185262424.0,269612212539.0,0.0009284609092542127
3993,2023-05-04,4.02,4.24,4.0,4.23,728970842.0,3541568882.0,269612212539.0,0.0027037753042976594
3994,2023-05-05,4.22,4.36,4.22,4.26,682881000.0,3428249976.0,269612212539.0,0.002532826660814631
3995,2023-05-08,4.29,4.58,4.28,4.53,1048861302.0,5490372106.0,269612212539.0,0.0038902588726327813
3996,2023-05-09,4.59,4.67,4.46,4.5,933498615.0,4986593624.0,269612212539.0,0.0034623751135344706
3997,2023-05-10,4.46,4.49,4.26,4.3,751635446.0,3815734476.0,269612212539.0,0.0027878390185729226
3998,2023-05-11,4.3,4.37,4.26,4.27,403736261.0,2028244040.0,269612212539.0,0.001497470226581812
3999,2023-05-12,4.26,4.32,4.23,4.26,365183927.0,1822660939.0,269612212539.0,0.0013544784324158734
4000,2023-05-15,4.26,4.32,4.14,4.31,512125141.0,2529284812.0,269612212539.0,0.0018994879207332642
4001,2023-05-16,4.31,4.39,4.26,4.28,323857900.0,1638354828.0,269612212539.0,0.0012011989254869279
4002,2023-05-17,4.26,4.31,4.21,4.26,261539551.0,1303973179.0,269612212539.0,0.0009700582497247514
4003,2023-05-18,4.27,4.43,4.26,4.37,440289321.0,2247012011.0,269612212539.0,0.0016330466519068054
4004,2023-05-19,4.37,4.39,4.31,4.31,308225032.0,1566953441.0,269612212539.0,0.0011432161366036584
4005,2023-05-22,4.31,4.4,4.29,4.33,257869576.0,1312745930.0,269612212539.0,0.0009564461994194665
4006,2023-05-23,4.32,4.37,4.2,4.21,441179999.0,2195648031.0,269612212539.0,0.0016363502040404878
4007,2023-05-24,4.23,4.24,4.06,4.07,522754145.0,2512302395.0,269612212539.0,0.001938911223928265
4008,2023-05-25,4.04,4.08,4.02,4.05,346134735.0,1637454759.0,269612212539.0,0.0012838243925984282
4009,2023-05-26,4.05,4.14,4.03,4.1,234693092.0,1123359457.0,269612212539.0,0.0008704839064589893
4010,2023-05-29,4.11,4.17,4.1,4.14,298055948.0,1441539230.0,269612212539.0,0.001105498690853574
4011,2023-05-30,4.14,4.17,4.09,4.12,268917549.0,1298717694.0,269612212539.0,0.0009974234715391481
4012,2023-05-31,4.11,4.16,4.08,4.13,251354153.0,1215088902.0,269612212539.0,0.0009322802948462176
4013,2023-06-01,4.12,4.2,4.1,4.15,270866017.0,1316044948.0,269612212539.0,0.001004650399361337
4014,2023-06-02,4.15,4.19,4.14,4.17,159486842.0,775899590.0,269612212539.0,0.0005915416089578282
4015,2023-06-05,4.17,4.26,4.15,4.24,196182025.0,969318119.0,269612212539.0,0.0007276451728670185
4016,2023-06-06,4.24,4.32,4.22,4.24,250176490.0,1251780679.0,269612212539.0,0.0009279123065087841
4017,2023-06-07,4.25,4.32,4.25,4.28,219296442.0,1099411845.0,269612212539.0,0.000813377257412916
4018,2023-06-08,4.28,4.36,4.26,4.35,241381683.0,1219117768.0,269612212539.0,0.0008952920964775793
4019,2023-06-09,4.34,4.37,4.32,4.33,211425548.0,1075351684.0,269612212539.0,0.0007841838691539866
4020,2023-06-12,4.34,4.35,4.23,4.25,270665625.0,1353794292.0,269612212539.0,0.0010039071392615334
4021,2023-06-13,4.24,4.28,4.23,4.27,162239381.0,809442490.0,269612212539.0,0.0006017508608833204
4022,2023-06-14,4.26,4.29,4.15,4.16,350457716.0,1728125975.0,269612212539.0,0.001299858462269418
4023,2023-06-15,4.19,4.24,4.16,4.2,225251916.0,1105624109.0,269612212539.0,0.0008354662938994902
4024,2023-06-16,4.2,4.2,4.17,4.17,217723833.0,1066214514.0,269612212539.0,0.0008075444021976778
4025,2023-06-19,4.17,4.18,4.11,4.13,229411514.0,1110369621.0,269612212539.0,0.0008508943709915036
4026,2023-06-20,4.13,4.16,4.1,4.13,175480258.0,847809825.0,269612212539.0,0.0006508616814774902
4027,2023-06-21,4.12,4.21,4.11,4.14,273608767.0,1333802300.0,269612212539.0,0.001014823343584341
4028,2023-06-26,4.14,4.15,4.06,4.08,298983796.0,1430494631.0,269612212539.0,0.001108940107662042
4029,2023-06-27,4.08,4.12,4.04,4.11,212921448.0,1020036538.0,269612212539.0,0.0007897322083256909
4030,2023-06-28,4.1,4.14,4.08,4.12,191402617.0,921642614.0,269612212539.0,0.0007099182013956923
4031,2023-06-29,4.11,4.12,4.08,4.08,176864700.0,848123797.0,269612212539.0,0.0006559966194944382
4032,2023-06-30,4.09,4.14,4.09,4.12,178939386.0,861972306.0,269612212539.0,0.0006636916937659714
4033,2023-07-03,4.14,4.18,4.1,4.17,288517237.0,1401397653.0,269612212539.0,0.0010701193179751282
4034,2023-07-04,4.16,4.17,4.12,4.13,223608129.0,1083994704.0,269612212539.0,0.0008293694372900656
4035,2023-07-05,4.13,4.14,4.09,4.12,165050824.0,795131316.0,269612212539.0,0.0006121785895589764
4036,2023-07-06,4.1,4.13,4.07,4.08,240267818.0,1150747048.0,269612212539.0,0.0008911607368870381
4037,2023-07-07,4.07,4.11,4.06,4.07,220464340.0,1052383642.0,269612212539.0,0.0008177090270646006
4038,2023-07-10,4.08,4.09,4.06,4.08,125939340.0,600869277.0,269612212539.0,0.0004671128908219712
4039,2023-07-11,4.09,4.14,4.08,4.13,181036138.0,872812383.0,269612212539.0,0.0006714686115111077
4040,2023-07-12,4.13,4.15,4.1,4.11,186267315.0,899237410.0,269612212539.0,0.0006908712081173104
4041,2023-07-13,4.12,4.18,4.12,4.16,258113339.0,1252501956.0,269612212539.0,0.0009573503238940385
4042,2023-07-14,4.17,4.19,4.14,4.16,305679951.0,1490328854.0,269612212539.0,0.001133776352789593
4043,2023-07-17,4.19,4.2,4.15,4.16,287292576.0,1313140480.0,269612212539.0,0.0010655770126082197
4044,2023-07-18,4.16,4.17,4.12,4.14,210410278.0,955282786.0,269612212539.0,0.0007804182014550387
4045,2023-07-19,4.13,4.16,4.12,4.16,145154682.0,659323287.0,269612212539.0,0.0005383831861066125
4046,2023-07-20,4.16,4.19,4.16,4.17,144410538.0,661920422.0,269612212539.0,0.00053562313309198
4047,2023-07-21,4.16,4.18,4.16,4.17,130322632.0,596118856.0,269612212539.0,0.0004833706558494584
4048,2023-07-24,4.16,4.18,4.14,4.16,115890583.0,528908860.0,269612212539.0,0.0004298417416207961
4049,2023-07-25,4.18,4.22,4.17,4.21,192450760.0,887398435.0,269612212539.0,0.0007138057960640843
4050,2023-07-26,4.21,4.23,4.19,4.22,115433768.0,533491432.0,269612212539.0,0.00042814740071650965
4051,2023-07-27,4.22,4.33,4.22,4.28,240424094.0,1130511654.0,269612212539.0,0.0008917403693841285
4052,2023-07-28,4.26,4.37,4.26,4.36,258504518.0,1229649771.0,269612212539.0,0.0009588012188528247
4053,2023-07-31,4.37,4.43,4.32,4.35,282209705.0,1351064410.0,269612212539.0,0.0010467244875236419
4054,2023-08-01,4.35,4.37,4.33,4.36,184994817.0,883177021.0,269612212539.0,0.0006861514738440867
4055,2023-08-02,4.33,4.34,4.24,4.26,301643561.0,1414477098.0,269612212539.0,0.00111880525796422
4056,2023-08-03,4.26,4.32,4.23,4.3,211053335.0,991496643.0,269612212539.0,0.0007828033196733277
4057,2023-08-04,4.32,4.36,4.28,4.32,235955082.0,1118833388.0,269612212539.0,0.0008751646662365808
4058,2023-08-07,4.31,4.31,4.26,4.29,189989034.0,892038939.0,269612212539.0,0.0007046751785122407
4059,2023-08-08,4.28,4.29,4.26,4.26,129297486.0,605700032.0,269612212539.0,0.00047956835776234296
4060,2023-08-09,4.26,4.29,4.26,4.29,127589157.0,599028493.0,269612212539.0,0.0004732321128871117
4061,2023-08-10,4.28,4.29,4.26,4.27,125126326.0,586262307.0,269612212539.0,0.0004640973968562355
4062,2023-08-11,4.27,4.27,4.2,4.2,206555365.0,958427435.0,269612212539.0,0.0007661202104119126
4063,2023-08-14,4.18,4.18,4.14,4.16,206290437.0,940677037.0,269612212539.0,0.0007651375843004873
4064,2023-08-15,4.16,4.25,4.16,4.23,190195741.0,876696048.0,269612212539.0,0.0007054418611415378
4065,2023-08-16,4.21,4.24,4.19,4.23,131958720.0,610777724.0,269612212539.0,0.0004894389566307642
4066,2023-08-17,4.22,4.22,4.16,4.19,177738013.0,816332097.0,269612212539.0,0.0006592357643083019
4067,2023-08-18,4.18,4.26,4.17,4.2,210684420.0,975878347.0,269612212539.0,0.0007814350025762429
4068,2023-08-21,4.2,4.22,4.16,4.16,200805966.0,919967016.0,269612212539.0,0.0007447955124471707
4069,2023-08-22,4.16,4.23,4.15,4.21,259120096.0,1189461330.0,269612212539.0,0.0009610844166137976
4070,2023-08-23,4.2,4.26,4.18,4.23,251984855.0,1170788998.0,269612212539.0,0.0009346195879889893
4071,2023-08-24,4.24,4.25,4.18,4.18,211778809.0,976867240.0,269612212539.0,0.0007854941250829494
4072,2023-08-25,4.17,4.26,4.17,4.25,267093185.0,1238221615.0,269612212539.0,0.0009906568492751952
4073,2023-08-28,4.37,4.37,4.26,4.31,433547377.0,2047848273.0,269612212539.0,0.0016080405739680149
4074,2023-08-29,4.29,4.3,4.2,4.22,380580667.0,1766953944.0,269612212539.0,0.0014115854152747186
4075,2023-08-30,4.22,4.22,4.16,4.18,325421081.0,1492263143.0,269612212539.0,0.0012069968119597962
4076,2023-08-31,4.17,4.23,4.16,4.21,289427934.0,1328761084.0,269612212539.0,0.0010734971211963688
4077,2023-09-01,4.18,4.2,4.15,4.16,296828399.0,1357727426.0,269612212539.0,0.0011009456738057188
4078,2023-09-04,4.17,4.2,4.16,4.19,251176029.0,1153387625.0,269612212539.0,0.0009316196274442383
4079,2023-09-05,4.18,4.19,4.17,4.18,166532913.0,764627604.0,269612212539.0,0.0006176757033063206
4080,2023-09-06,4.17,4.21,4.17,4.2,156562216.0,721190246.0,269612212539.0,0.0005806940810492882
4081,2023-09-07,4.2,4.23,4.19,4.21,211028480.0,975710530.0,269612212539.0,0.0007827111317128272
4082,2023-09-08,4.21,4.21,4.17,4.18,122821874.0,563775965.0,269612212539.0,0.00045555011341421914
4083,2023-09-11,4.18,4.2,4.17,4.18,173410368.0,796563541.0,269612212539.0,0.0006431843957176673
4084,2023-09-12,4.18,4.19,4.17,4.19,126071489.0,578873994.0,269612212539.0,0.00046760303553298235
4085,2023-09-13,4.19,4.22,4.18,4.21,206287857.0,951230236.0,269612212539.0,0.0007651280150010267
4086,2023-09-14,4.22,4.26,4.21,4.26,351170670.0,1638629281.0,269612212539.0,0.0013025028306134403
4087,2023-09-15,4.26,4.28,4.22,4.22,239732357.0,1116627267.0,269612212539.0,0.000889174695546561
4088,2023-09-18,4.23,4.24,4.2,4.23,166125786.0,768769281.0,269612212539.0,0.0006161656567243575
4089,2023-09-19,4.23,4.26,4.22,4.26,206613320.0,963619723.0,269612212539.0,0.0007663351672918486
4090,2023-09-20,4.26,4.29,4.25,4.27,284415941.0,1334624084.0,269612212539.0,0.0010549074847967378
4091,2023-09-21,4.27,4.32,4.26,4.27,298161943.0,1401644984.0,269612212539.0,0.001105891829573077
4092,2023-09-22,4.27,4.32,4.26,4.32,309988640.0,1460209787.0,269612212539.0,0.0011497574129924085
4093,2023-09-25,4.32,4.34,4.3,4.31,237222711.0,1124713307.0,269612212539.0,0.0008798663412388459
4094,2023-09-26,4.32,4.33,4.26,4.28,214847545.0,1011746717.0,269612212539.0,0.0007968761614198831
4095,2023-09-27,4.28,4.29,4.24,4.24,225802862.0,1054101377.0,269612212539.0,0.0008375097695818846
4096,2023-09-28,4.26,4.28,4.25,4.26,156971696.0,734762892.0,269612212539.0,0.0005822128549807205
4097,2023-10-09,4.24,4.28,4.22,4.26,214806559.0,1002756576.0,269612212539.0,0.0007967241430835696
4098,2023-10-10,4.27,4.3,4.26,4.26,186035624.0,873180320.0,269612212539.0,0.0006900118590625398
4099,2023-10-11,4.27,4.31,4.27,4.3,269205011.0,1269006831.0,269612212539.0,0.0009984896769505904
4100,2023-10-12,4.37,4.42,4.36,4.41,567765757.0,2734640605.0,269612212539.0,0.0021058606791332624
4101,2023-10-13,4.38,4.5,4.37,4.46,428227331.0,2094706164.0,269612212539.0,0.001588308359503767
4102,2023-10-16,4.45,4.5,4.42,4.48,282349473.0,1381506632.0,269612212539.0,0.001047242891340308
4103,2023-10-17,4.47,4.49,4.46,4.48,190043865.0,932409041.0,269612212539.0,0.0007048785483799616
4104,2023-10-18,4.47,4.54,4.47,4.49,275779040.0,1360530618.0,269612212539.0,0.0010228729529828252
4105,2023-10-19,4.47,4.48,4.38,4.4,363163394.0,1759426129.0,269612212539.0,0.0013469842132891796
4106,2023-10-20,4.37,4.41,4.34,4.36,274782494.0,1317398881.0,269612212539.0,0.001019176733176551
4107,2023-10-23,4.36,4.42,4.35,4.39,268713543.0,1295265514.0,269612212539.0,0.0009966668070020381
4108,2023-10-24,4.39,4.4,4.31,4.34,335548267.0,1596617824.0,269612212539.0,0.001244558856737479
4109,2023-10-25,4.35,4.36,4.29,4.29,348926020.0,1648499684.0,269612212539.0,0.001294177354631245
4110,2023-10-26,4.29,4.37,4.29,4.36,306531320.0,1460187893.0,269612212539.0,0.0011369341066316111
4111,2023-10-27,4.37,4.4,4.33,4.35,292963333.0,1401153452.0,269612212539.0,0.001086610024972894
4112,2023-10-30,4.33,4.34,4.25,4.27,468611543.0,2199149845.0,269612212539.0,0.0017380946455910794
4113,2023-10-31,4.27,4.32,4.26,4.31,241111606.0,1136787730.0,269612212539.0,0.0008942903725665716
4114,2023-11-01,4.32,4.36,4.28,4.35,216678245.0,1029343589.0,269612212539.0,0.0008036662841029763
4115,2023-11-02,4.36,4.39,4.35,4.36,213221716.0,1023208913.0,269612212539.0,0.0007908459115855406
4116,2023-11-03,4.36,4.36,4.31,4.32,199554443.0,948809750.0,269612212539.0,0.0007401535750949487
4117,2023-11-06,4.32,4.34,4.28,4.29,315553562.0,1487054517.0,269612212539.0,0.0011703978800825074
4118,2023-11-07,4.29,4.33,4.27,4.3,176268114.0,831535432.0,269612212539.0,0.0006537838636463933
4119,2023-11-08,4.29,4.32,4.27,4.29,230797803.0,1088088168.0,269612212539.0,0.0008560361595883368
4120,2023-11-09,4.28,4.36,4.28,4.36,277464405.0,1319361414.0,269612212539.0,0.001029124023674796
4121,2023-11-10,4.35,4.39,4.32,4.36,215701907.0,1030812616.0,269612212539.0,0.0008000450163910815
4122,2023-11-13,4.36,4.36,4.3,4.34,178447223.0,845699968.0,269612212539.0,0.0006618662460410143
4123,2023-11-14,4.33,4.36,4.31,4.36,206539273.0,983406086.0,269612212539.0,0.0007660605246883008
4124,2023-11-15,4.36,4.37,4.35,4.36,151014482.0,722371077.0,269612212539.0,0.0005601173647805565
4125,2023-11-16,4.36,4.39,4.35,4.37,178304921.0,856430948.0,269612212539.0,0.0006613384435403043
4126,2023-11-17,4.37,4.38,4.34,4.36,173374518.0,828856950.0,269612212539.0,0.0006430514269635357
4127,2023-11-20,4.36,4.39,4.35,4.38,173724426.0,833340524.0,269612212539.0,0.0006443492465122306
4128,2023-11-21,4.38,4.41,4.37,4.38,185578621.0,893722004.0,269612212539.0,0.0006883168208604633
4129,2023-11-22,4.37,4.4,4.36,4.37,142623261.0,685928359.0,269612212539.0,0.0005289940676532568
4130,2023-11-23,4.38,4.38,4.35,4.37,171301515.0,820169689.0,269612212539.0,0.0006353625949908365
4131,2023-11-24,4.37,4.39,4.36,4.37,186232446.0,895099924.0,269612212539.0,0.0006907418779223923
4132,2023-11-27,4.36,4.37,4.33,4.36,218371003.0,1041992127.0,269612212539.0,0.0008099447756596417
4133,2023-11-28,4.36,4.37,4.35,4.36,133351104.0,638025597.0,269612212539.0,0.0004946033517703152
4134,2023-11-29,4.36,4.36,4.34,4.35,160800736.0,767506443.0,269612212539.0,0.0005964148822699929
4135,2023-11-30,4.35,4.38,4.34,4.38,214640258.0,1027384355.0,269612212539.0,0.0007961073275527228
4136,2023-12-01,4.37,4.4,4.36,4.38,250046651.0,1202312573.0,269612212539.0,0.0009274307296589178
4137,2023-12-04,4.38,4.4,4.37,4.37,153186134.0,736651082.0,269612212539.0,0.0005681720889325119
4138,2023-12-05,4.37,4.38,4.34,4.34,198198879.0,948472231.0,269612212539.0,0.0007351257464694041
4139,2023-12-06,4.34,4.34,4.28,4.28,295296499.0,1394679540.0,269612212539.0,0.001095263809525263
4140,2023-12-07,4.28,4.33,4.26,4.31,234775811.0,1108498604.0,269612212539.0,0.0008707907137776229
4141,2023-12-08,4.32,4.35,4.3,4.31,198378401.0,940179674.0,269612212539.0,0.0007357915990964397
4142,2023-12-11,4.3,4.33,4.24,4.31,279616194.0,1313136708.0,269612212539.0,0.0010371050753479978
4143,2023-12-12,4.3,4.37,4.28,4.36,276903714.0,1320664344.0,269612212539.0,0.001027044403487269
4144,2023-12-13,4.36,4.38,4.35,4.36,249030427.0,1194973334.0,269612212539.0,0.000923661523544588
4145,2023-12-14,4.36,4.38,4.34,4.35,152173810.0,727096831.0,269612212539.0,0.0005644173480382968
4146,2023-12-15,4.35,4.36,4.31,4.31,195390487.0,929151542.0,269612212539.0,0.0007247093340467147
4147,2023-12-18,4.31,4.37,4.29,4.35,238076215.0,1134338057.0,269612212539.0,0.000883032013861619
4148,2023-12-19,4.35,4.37,4.34,4.36,175394013.0,840048362.0,269612212539.0,0.0006505417961162604
4149,2023-12-20,4.37,4.4,4.35,4.36,221981982.0,1066878030.0,269612212539.0,0.0008233380079839292
4150,2023-12-21,4.36,4.37,4.31,4.36,246534466.0,1174701829.0,269612212539.0,0.0009144039273233524
4151,2023-12-22,4.36,4.37,4.34,4.36,221855554.0,1060976699.0,269612212539.0,0.0008228690826381172
4152,2023-12-25,4.35,4.38,4.35,4.37,109480935.0,524989286.0,269612212539.0,0.00040606815978027456
4153,2023-12-26,4.37,4.39,4.36,4.39,148737176.0,715555035.0,269612212539.0,0.0005516707666886004
4154,2023-12-27,4.39,4.41,4.36,4.4,184318820.0,886215652.0,269612212539.0,0.00068364418015129
4155,2023-12-28,4.4,4.42,4.35,4.35,346516202.0,1664753044.0,269612212539.0,0.0012852392654500978
4156,2023-12-29,4.36,4.37,4.35,4.36,180047763.0,861564197.0,269612212539.0,0.0006678026981954896
4157,2024-01-02,4.36,4.4,4.35,4.36,207181111.0,995101442.0,269612212539.0,0.0007684411215980463
4158,2024-01-03,4.36,4.42,4.36,4.41,248895427.0,1201719346.0,269612212539.0,0.0009231608043867699
4159,2024-01-04,4.41,4.47,4.4,4.46,286567559.0,1396443521.0,269612212539.0,0.001062887902225673
4160,2024-01-05,4.46,4.5,4.43,4.44,286074720.0,1403610998.0,269612212539.0,0.001061059947195896
4161,2024-01-08,4.44,4.47,4.42,4.45,325225728.0,1588242673.0,269612212539.0,0.001206272241666187
4162,2024-01-09,4.45,4.46,4.4,4.45,225734456.0,1097994737.0,269612212539.0,0.000837256049621072
4163,2024-01-10,4.44,4.47,4.4,4.42,234243492.0,1138531555.0,269612212539.0,0.000868816326211915
4164,2024-01-11,4.41,4.42,4.35,4.36,330666851.0,1587950047.0,269612212539.0,0.0012264535344524436
4165,2024-01-12,4.35,4.4,4.34,4.38,230066493.0,1105695049.0,269612212539.0,0.0008533237082749743
4166,2024-01-15,4.37,4.43,4.36,4.43,181048290.0,874409887.0,269612212539.0,0.000671513683653373
4167,2024-01-16,4.41,4.47,4.41,4.46,248039913.0,1207827031.0,269612212539.0,0.0009199876766120915
4168,2024-01-17,4.45,4.47,4.41,4.41,276631705.0,1349034066.0,269612212539.0,0.0010260355137287581
4169,2024-01-18,4.4,4.45,4.3,4.42,523277295.0,2503424284.0,269612212539.0,0.00194085160339058
4170,2024-01-19,4.4,4.46,4.36,4.46,386721535.0,1875529373.0,269612212539.0,0.0014343620838171782
4171,2024-01-22,4.44,4.5,4.43,4.46,442063513.0,2173336066.0,269612212539.0,0.0016396271846775285
4172,2024-01-23,4.46,4.48,4.41,4.46,310748810.0,1515560674.0,269612212539.0,0.00115257690693462
4173,2024-01-24,4.47,4.54,4.45,4.53,334847464.0,1650534905.0,269612212539.0,0.0012419595568266908
4174,2024-01-25,4.54,4.6,4.53,4.57,343758376.0,1721285077.0,269612212539.0,0.0012750104038787731
4175,2024-01-26,4.57,4.66,4.55,4.64,389936754.0,1970826387.0,269612212539.0,0.001446287430112591
4176,2024-01-29,4.63,4.74,4.63,4.7,384404139.0,1981081369.0,269612212539.0,0.0014257667906805041
4177,2024-01-30,4.68,4.72,4.64,4.67,291481662.0,1498554326.0,269612212539.0,0.0010811144616004237
4178,2024-01-31,4.67,4.73,4.65,4.71,296385863.0,1525456799.0,269612212539.0,0.0010993042941522062
4179,2024-02-01,4.69,4.74,4.67,4.68,299371509.0,1544401622.0,269612212539.0,0.00111037814712008
4180,2024-02-02,4.68,4.74,4.64,4.71,407597819.0,2103998356.0,269612212539.0,0.0015117928641345951
4181,2024-02-05,4.71,4.83,4.7,4.82,615938832.0,3242203982.0,269612212539.0,0.00228453609797406
4182,2024-02-06,4.82,4.9,4.8,4.85,564913691.0,3006603608.0,269612212539.0,0.0020952822784994726
4183,2024-02-07,4.84,4.84,4.63,4.77,775335496.0,4010563947.0,269612212539.0,0.0028757432339525275
4184,2024-02-08,4.7,4.71,4.64,4.7,465369343.0,2383629316.0,269612212539.0,0.0017260692259356883
4185,2024-02-19,4.7,4.81,4.65,4.8,479714386.0,2503180356.0,269612212539.0,0.001779275432230683
4186,2024-02-20,4.8,4.88,4.77,4.88,305978096.0,1626681256.0,269612212539.0,0.0011348821817770572
4187,2024-02-21,4.87,4.98,4.86,4.93,346734893.0,1875270275.0,269612212539.0,0.001286050397104486
4188,2024-02-22,4.92,4.95,4.88,4.94,223127868.0,1204599969.0,269612212539.0,0.0008275881344496739
4189,2024-02-23,4.93,5.03,4.93,4.99,358318546.0,1967299036.0,269612212539.0,0.0013290145228423895
4190,2024-02-26,4.99,4.99,4.83,4.85,367717860.0,1977747711.0,269612212539.0,0.0013638768679545953
4191,2024-02-27,4.83,4.88,4.78,4.83,294099947.0,1560959829.0,269612212539.0,0.0010908257613050736
4192,2024-02-28,4.83,4.89,4.77,4.86,380609395.0,2021720033.0,269612212539.0,0.0014116919683115022
4193,2024-02-29,4.84,4.88,4.83,4.86,252077765.0,1342717318.0,269612212539.0,0.0009349641940404922
4194,2024-03-01,4.85,4.88,4.82,4.87,247751146.0,1317310136.0,269612212539.0,0.000918916630915457
4195,2024-03-04,4.85,4.87,4.81,4.85,255757275.0,1359409110.0,269612212539.0,0.000948611609954442
4196,2024-03-05,4.85,4.99,4.83,4.98,429846712.0,2323265996.0,269612212539.0,0.0015943146935075195
4197,2024-03-06,4.97,5.0,4.88,4.88,352787155.0,1910626811.0,269612212539.0,0.0013084984232640002
4198,2024-03-07,4.88,4.92,4.87,4.9,307459409.0,1650760690.0,269612212539.0,0.0011403764173165017
4199,2024-03-08,4.89,4.92,4.87,4.91,247200399.0,1328152980.0,269612212539.0,0.0009168738933301915
4200,2024-03-11,4.9,4.91,4.86,4.89,224302648.0,1200710433.0,269612212539.0,0.0008319454296513149
4201,2024-03-12,4.88,4.88,4.73,4.74,511714772.0,2688688960.0,269612212539.0,0.001897965849473452
4202,2024-03-13,4.73,4.75,4.68,4.71,300360721.0,1555083541.0,269612212539.0,0.0011140471648944765
4203,2024-03-14,4.7,4.77,4.68,4.73,241311421.0,1253072994.0,269612212539.0,0.0008950314925556044
4204,2024-03-15,4.73,4.78,4.73,4.75,225861420.0,1177297474.0,269612212539.0,0.0008377269630073922
4205,2024-03-18,4.75,4.76,4.71,4.72,191173451.0,991424880.0,269612212539.0,0.0007090682176436883
4206,2024-03-19,4.72,4.74,4.69,4.69,202804619.0,1048062766.0,269612212539.0,0.0007522085779799899
4207,2024-03-20,4.69,4.76,4.67,4.74,245397599.0,1270999033.0,269612212539.0,0.0009101872526063807
4208,2024-03-21,4.74,4.78,4.72,4.76,205106253.0,1069468123.0,269612212539.0,0.0007607454093732157
4209,2024-03-22,4.77,4.8,4.72,4.78,265784434.0,1390667475.0,269612212539.0,0.0009858026515084278
4210,2024-03-25,4.78,4.82,4.78,4.82,237408100.0,1252612475.0,269612212539.0,0.0008805539547495772
4211,2024-03-26,4.82,4.86,4.79,4.86,243359624.0,1289061751.0,269612212539.0,0.0009026283405644969
4212,2024-03-27,4.85,4.91,4.83,4.88,290707855.0,1558334370.0,269612212539.0,0.0010782443876052109
4213,2024-03-28,4.87,4.88,4.76,4.78,397889768.0,2091220999.0,269612212539.0,0.0014757854039807057
4214,2024-03-29,4.78,4.86,4.77,4.81,229812271.0,1217142787.0,269612212539.0,0.0008523807910472792
4215,2024-04-01,4.81,4.85,4.8,4.82,201919927.0,1069899178.0,269612212539.0,0.0007489272281046684
4216,2024-04-02,4.82,4.88,4.81,4.87,314250134.0,1675629707.0,269612212539.0,0.0011655634254866814
4217,2024-04-03,4.87,4.88,4.83,4.86,218224133.0,1164487633.0,269612212539.0,0.0008094000303062437
4218,2024-04-08,4.86,4.93,4.84,4.92,307046883.0,1649825520.0,269612212539.0,0.0011388463456772568
4219,2024-04-09,4.92,4.96,4.85,4.86,313915016.0,1683877064.0,269612212539.0,0.0011643204625034983
4220,2024-04-10,4.87,4.91,4.85,4.87,244947247.0,1311190477.0,269612212539.0,0.000908516883168146
4221,2024-04-11,4.85,4.87,4.8,4.85,200263755.0,1064148840.0,269612212539.0,0.0007427844351488025
4222,2024-04-12,4.85,4.88,4.82,4.85,248394369.0,1321908574.0,269612212539.0,0.0009213023648328586
4223,2024-04-15,4.86,4.95,4.86,4.94,401243940.0,2162688286.0,269612212539.0,0.0014882261312326836
4224,2024-04-16,4.94,5.01,4.9,4.98,400069253.0,2183179673.0,269612212539.0,0.001483869180970907
4225,2024-04-17,4.97,5.03,4.91,5.01,332204161.0,1811875418.0,269612212539.0,0.0012321554645895203
4226,2024-04-18,5.0,5.13,4.99,5.03,387972759.0,2153809249.0,269612212539.0,0.0014390029121691915
4227,2024-04-19,5.01,5.09,5.01,5.06,255940597.0,1421250834.0,269612212539.0,0.0009492915568985127
4228,2024-04-22,5.08,5.14,4.98,4.99,327521249.0,1813431121.0,269612212539.0,0.0012147863997541406
4229,2024-04-23,5.0,5.08,4.98,5.01,330912967.0,1827802629.0,269612212539.0,0.0012273663862764849
4230,2024-04-24,5.01,5.03,4.98,4.98,236025975.0,1292875949.0,269612212539.0,0.0008754276105569896
4231,2024-04-25,4.99,5.01,4.97,5.0,165074556.0,903595425.0,269612212539.0,0.00061226661227789
4232,2024-04-26,5.0,5.05,4.91,4.92,471033131.0,2563059301.0,269612212539.0,0.0017470763900647268
4233,2024-04-29,4.91,4.96,4.87,4.9,349015064.0,1882123563.0,269612212539.0,0.0012945076215696801
4234,2024-04-30,4.89,4.97,4.88,4.95,260174383.0,1410153799.0,269612212539.0,0.0009649947995674165
4235,2024-05-06,4.97,4.98,4.88,4.89,405871400.0,2189241442.0,269612212539.0,0.0015053895228922163
4236,2024-05-07,4.89,4.93,4.88,4.92,278163143.0,1495708240.0,269612212539.0,0.001031715664436985
4237,2024-05-08,4.92,4.97,4.9,4.93,296767233.0,1608594647.0,269612212539.0,0.0011007188072278884
4238,2024-05-09,4.92,4.93,4.89,4.9,240195598.0,1293993946.0,269612212539.0,0.0008908928706827595
4239,2024-05-10,4.91,4.94,4.9,4.92,264686114.0,1429642027.0,269612212539.0,0.000981728948801652
4240,2024-05-13,4.92,4.95,4.88,4.93,239093956.0,1289851740.0,269612212539.0,0.0008868068465756703
4241,2024-05-14,4.93,4.93,4.88,4.89,257866693.0,1387229378.0,269612212539.0,0.0009564355062836741
4242,2024-05-15,4.89,4.91,4.88,4.9,142708145.0,766846437.0,269612212539.0,0.0005293089050235696
4243,2024-05-16,4.89,4.94,4.88,4.93,297188855.0,1603335346.0,269612212539.0,0.0011022826162112778
4244,2024-05-17,4.93,4.98,4.91,4.98,383001626.0,2079470080.0,269612212539.0,0.0014205648267679935
4245,2024-05-20,4.98,5.04,4.96,4.98,331820267.0,1817190585.0,269612212539.0,0.0012307315899201022
4246,2024-05-21,4.98,5.02,4.96,5.01,273676042.0,1498524386.0,269612212539.0,0.0010150728686313204
4247,2024-05-22,5.01,5.05,5.0,5.02,245844077.0,1356650240.0,269612212539.0,0.0009118432532593015
4248,2024-05-23,5.03,5.04,4.98,5.0,224162538.0,1231956387.0,269612212539.0,0.0008314257573461157
4249,2024-05-24,5.0,5.02,4.96,4.96,226186085.0,1238699584.0,269612212539.0,0.0008389311554916366
4250,2024-05-27,4.97,5.0,4.96,4.99,215568186.0,1178996874.0,269612212539.0,0.0007995490410836549
4251,2024-05-28,4.99,5.02,4.98,5.0,195724015.0,1074148916.0,269612212539.0,0.0007259463996709277
4252,2024-05-29,5.0,5.02,4.97,4.98,227719946.0,1247889692.0,269612212539.0,0.0008446202931814887
4253,2024-05-30,4.98,4.99,4.94,4.96,223985068.0,1219754897.0,269612212539.0,0.0008307675156502789
4254,2024-05-31,4.97,4.98,4.95,4.95,203742314.0,1110323552.0,269612212539.0,0.0007556865176147324
4255,2024-06-03,4.95,4.97,4.93,4.96,215772721.0,1171716314.0,269612212539.0,0.0008003076676980572
4256,2024-06-04,4.96,4.98,4.96,4.98,175628796.0,958146651.0,269612212539.0,0.0006514126134942605
4257,2024-06-05,4.98,4.99,4.97,4.98,188997545.0,1031778716.0,269612212539.0,0.0007009977152747155
4258,2024-06-06,4.98,5.0,4.97,4.98,237521446.0,1298076592.0,269612212539.0,0.0008809743585544813
4259,2024-06-07,4.98,5.03,4.97,5.03,297294346.0,1633744047.0,269612212539.0,0.0011026738855792586
4260,2024-06-11,5.03,5.05,4.96,4.96,333761444.0,1829863373.0,269612212539.0,0.001237931475198738
4261,2024-06-12,4.96,4.97,4.88,4.92,323476183.0,1745522080.0,269612212539.0,0.0011997831253775587
4262,2024-06-13,4.92,4.96,4.91,4.95,180474450.0,977764799.0,269612212539.0,0.0006693852934198742
4263,2024-06-14,4.95,5.03,4.94,5.01,369814097.0,2027587055.0,269612212539.0,0.0013716518755488704
4264,2024-06-17,5.0,5.01,4.92,4.95,273785828.0,1489815818.0,269612212539.0,0.0010154800682865813
4265,2024-06-18,4.94,4.98,4.91,4.97,201065032.0,1091725781.0,269612212539.0,0.0007457563962200544
4266,2024-06-19,4.96,5.01,4.96,5.01,247937006.0,1360484560.0,269612212539.0,0.0009196059913796945
4267,2024-06-20,5.01,5.03,4.99,5.03,213376662.0,1175329569.0,269612212539.0,0.0007914206110716687
4268,2024-06-21,5.02,5.04,4.99,5.02,224827378.0,1239151678.0,269612212539.0,0.0008338916693822919
4269,2024-06-24,5.02,5.08,5.01,5.08,331721147.0,1839293338.0,269612212539.0,0.0012303639507873399
4270,2024-06-25,5.07,5.11,5.06,5.1,292474147.0,1633949389.0,269612212539.0,0.0010847956190326244
4271,2024-06-26,5.1,5.16,5.09,5.13,252470534.0,1420409162.0,269612212539.0,0.0009364209863582481
4272,2024-06-27,5.12,5.2,5.1,5.19,315653580.0,1788966261.0,269612212539.0,0.0011707688499249269
4273,2024-06-28,5.19,5.21,5.15,5.19,268553336.0,1525746420.0,269612212539.0,0.0009960725943048785
4274,2024-07-01,5.19,5.33,5.18,5.3,320284626.0,1854826332.0,269612212539.0,0.0011879455421689035
4275,2024-07-02,5.3,5.45,5.29,5.44,377040533.0,2234061030.0,269612212539.0,0.0013984549492373616
4276,2024-07-03,5.43,5.45,5.33,5.37,274371879.0,1619018146.0,269612212539.0,0.0010176537494951624
4277,2024-07-04,5.37,5.45,5.36,5.43,261898011.0,1556909212.0,269612212539.0,0.0009713877889048363
4278,2024-07-05,5.43,5.47,5.29,5.31,399311982.0,2341435825.0,269612212539.0,0.0014810604395089804
4279,2024-07-08,5.3,5.41,5.29,5.37,288364882.0,1699967172.0,269612212539.0,0.0010695542285877996
4280,2024-07-09,5.37,5.41,5.33,5.41,295534319.0,1746477244.0,269612212539.0,0.0010961458912297985
4281,2024-07-10,5.41,5.48,5.41,5.47,287630133.0,1720936653.0,269612212539.0,0.0010668290219175204
4282,2024-07-11,5.47,5.47,5.34,5.4,376798473.0,2229396343.0,269612212539.0,0.0013975571412422397
4283,2024-07-12,5.39,5.56,5.39,5.54,400967281.0,2418946581.0,269612212539.0,0.0014871999944809592
4284,2024-07-15,5.55,5.69,5.52,5.65,428958260.0,2640918177.0,269612212539.0,0.001591019397676395
4285,2024-07-16,5.68,5.72,5.59,5.65,503559121.0,2966243649.0,269612212539.0,0.0018677162887313907
4286,2024-07-17,5.64,5.69,5.6,5.67,321899185.0,1898464088.0,269612212539.0,0.001193933991226145
4287,2024-07-18,5.66,5.68,5.62,5.67,255386418.0,1505808655.0,269612212539.0,0.0009472360899195462
4288,2024-07-19,5.66,5.68,5.58,5.67,360143972.0,2112440788.0,269612212539.0,0.0013357850840970506
4289,2024-07-22,5.64,5.65,5.52,5.6,323060657.0,1879506552.0,269612212539.0,0.0011982419266459176
4290,2024-07-23,5.58,5.81,5.57,5.76,508143809.0,3034821327.0,269612212539.0,0.0018847210377256032
4291,2024-07-24,5.75,5.86,5.74,5.81,318449785.0,1929595590.0,269612212539.0,0.001181140060389273
4292,2024-07-25,5.8,5.87,5.72,5.81,411478668.0,2488088460.0,269612212539.0,0.001526187052600515
4293,2024-07-26,5.8,5.82,5.62,5.68,415945631.0,2462785200.0,269612212539.0,0.0015427551559439561
4294,2024-07-29,5.68,5.73,5.6,5.73,261893127.0,1555917031.0,269612212539.0,0.0009713696739984157
4295,2024-07-30,5.72,5.78,5.67,5.74,249533509.0,1490211571.0,269612212539.0,0.0009255274701768356
4296,2024-07-31,5.73,5.76,5.59,5.61,461472959.0,2712777024.0,269612212539.0,0.0017116174176763114
4297,2024-08-01,5.59,5.67,5.49,5.64,373139397.0,2178941279.0,269612212539.0,0.0013839855156636295
4298,2024-08-02,5.61,5.68,5.59,5.64,281415849.0,1655728285.0,269612212539.0,0.0010437800511699468
4299,2024-08-05,5.64,5.7,5.59,5.63,319544631.0,1883504218.0,269612212539.0,0.0011852008779230545
4300,2024-08-06,5.64,5.65,5.54,5.56,275470037.0,1604677490.0,269612212539.0,0.0010217268513389491
4301,2024-08-07,5.58,5.64,5.56,5.58,227015219.0,1326499665.0,269612212539.0,0.0008420064390338466
4302,2024-08-08,5.59,5.64,5.57,5.63,187175943.0,1095813858.0,269612212539.0,0.0006942413373538284
4303,2024-08-09,5.63,5.68,5.6,5.68,185078805.0,1091650499.0,269612212539.0,0.0006864629879228039
4304,2024-08-12,5.68,5.77,5.67,5.74,225847836.0,1350053507.0,269612212539.0,0.0008376765795330232
4305,2024-08-13,5.74,5.83,5.68,5.75,240418694.0,1445004523.0,269612212539.0,0.0008917203406178157
4306,2024-08-14,5.73,5.79,5.72,5.77,188044815.0,1129757322.0,269612212539.0,0.0006974640103619153
4307,2024-08-15,5.77,5.81,5.75,5.8,206740074.0,1247677390.0,269612212539.0,0.0007668053017817009
4308,2024-08-16,5.8,5.9,5.78,5.89,270194042.0,1647386714.0,269612212539.0,0.0010021580233904124
4309,2024-08-19,5.89,6.03,5.85,6.01,338863514.0,2104346757.0,269612212539.0,0.0012568552099656192
4310,2024-08-20,6.0,6.14,5.99,6.13,399597420.0,2534261643.0,269612212539.0,0.0014821191378420863
4311,2024-08-21,6.09,6.1,5.99,6.04,331588320.0,2088630842.0,269612212539.0,0.0012298712913534472
4312,2024-08-22,6.03,6.17,6.03,6.15,350230155.0,2236501392.0,269612212539.0,0.0012990144315118456
4313,2024-08-23,6.15,6.21,6.09,6.19,265657420.0,1706372380.0,269612212539.0,0.0009853315526705678
4314,2024-08-26,6.17,6.2,6.09,6.16,267311089.0,1712684370.0,269612212539.0,0.0009914650619223448
4315,2024-08-27,6.15,6.28,6.14,6.26,323249644.0,2103729870.0,269612212539.0,0.0011989428852494626
4316,2024-08-28,6.26,6.3,6.17,6.22,314722513.0,2043853154.0,269612212539.0,0.0011673154937463179
4317,2024-08-29,6.21,6.22,5.94,5.96,557314746.0,3505246234.0,269612212539.0,0.002067097557457206
4318,2024-08-30,5.92,5.98,5.71,5.73,880782347.0,5320880799.0,269612212539.0,0.0032668488519324505
4319,2024-09-02,5.66,5.75,5.64,5.69,568240173.0,3379236044.0,269612212539.0,0.002107620302688636
4320,2024-09-03,5.68,5.7,5.45,5.52,648640129.0,3742967424.0,269612212539.0,0.002405826215702943
4321,2024-09-04,5.48,5.54,5.43,5.47,392331435.0,2240822277.0,269612212539.0,0.0014551693756945391
4322,2024-09-05,5.46,5.49,5.37,5.4,383530775.0,2163978358.0,269612212539.0,0.0014225274567060697
4323,2024-09-06,5.4,5.49,5.39,5.41,290696812.0,1651910319.0,269612212539.0,0.0010782034287781014
4324,2024-09-09,5.4,5.42,5.28,5.38,282126704.0,1576623851.0,269612212539.0,0.001046416634258323
4325,2024-09-10,5.38,5.48,5.37,5.44,368343232.0,2088218472.0,269612212539.0,0.0013661963919632102
4326,2024-09-11,5.43,5.44,5.27,5.31,359763384.0,1999982571.0,269612212539.0,0.001334373471483453
4327,2024-09-12,5.28,5.33,5.22,5.31,286853563.0,1582711061.0,269612212539.0,0.0010639486998702107
4328,2024-09-13,5.31,5.35,5.29,5.33,234048696.0,1301691998.0,269612212539.0,0.0008680938218484607
4329,2024-09-18,5.34,5.45,5.34,5.45,246839404.0,1391412407.0,269612212539.0,0.0009155349517570319
4330,2024-09-19,5.45,5.47,5.35,5.42,280996806.0,1583072175.0,269612212539.0,0.0010422258077769871
4331,2024-09-20,5.43,5.45,5.39,5.44,282832321.0,1602117689.0,269612212539.0,0.0010490337894433757
4332,2024-09-23,5.43,5.5,5.39,5.48,227037687.0,1292978895.0,269612212539.0,0.0008420897735378308
4333,2024-09-24,5.51,5.75,5.49,5.75,605204899.0,3559231107.0,269612212539.0,0.0022447236098863876
4334,2024-09-25,5.84,5.96,5.72,5.79,629820829.0,3830867833.0,269612212539.0,0.002336024852393862
4335,2024-09-26,5.79,5.95,5.75,5.94,521674373.0,3190823779.0,269612212539.0,0.0019349063163247424
4336,2024-09-27,5.99,6.08,5.68,5.76,687209271.0,4133669632.0,269612212539.0,0.0025488803512585456
4337,2024-09-30,5.76,6.05,5.59,5.92,1616174183.0,9720369051.0,269612212539.0,0.005994439820734073
4338,2024-10-08,6.23,6.38,5.79,5.87,1688226172.0,10602986873.0,269612212539.0,0.006261682867039246
4339,2024-10-09,5.81,5.91,5.73,5.79,1009071781.0,6133595303.0,269612212539.0,0.0037426783137801505
4340,2024-10-10,5.8,6.14,5.79,6.01,1091528147.0,6791738966.0,269612212539.0,0.004048511514819115
4341,2024-10-11,5.99,6.13,5.94,6.01,529952828.0,3337751104.0,269612212539.0,0.0019656113608850015
4342,2024-10-14,6.06,6.23,6.06,6.2,789921118.0,5078881017.0,269612212539.0,0.0029298417551680313
4343,2024-10-15,6.16,6.18,6.0,6.0,492769157.0,3131385265.0,269612212539.0,0.0018276959799390388
4344,2024-10-16,5.97,6.14,5.96,6.1,414614580.0,2634359939.0,269612212539.0,0.001537818246790379
4345,2024-10-17,6.09,6.14,6.03,6.03,328081317.0,2079129206.0,269612212539.0,0.0012168637092154805
4346,2024-10-18,6.03,6.1,5.95,6.06,514452181.0,3236239707.0,269612212539.0,0.0019081189837629605
4347,2024-10-21,6.03,6.03,5.89,5.91,568464907.0,3510955376.0,269612212539.0,0.00210845384801614
4348,2024-10-22,5.91,5.95,5.86,5.89,431271479.0,2648200619.0,269612212539.0,0.0015995991981914233
4349,2024-10-23,5.89,5.91,5.86,5.89,306854479.0,1883772583.0,269612212539.0,0.0011381327133154727
4350,2024-10-24,5.88,5.94,5.87,5.91,288789477.0,1778302541.0,269612212539.0,0.0010711290645197533
4351,2024-10-25,5.9,5.91,5.85,5.87,284528999.0,1742297128.0,269612212539.0,0.001055326820400772
4352,2024-10-28,5.86,5.86,5.78,5.82,329536371.0,1995022237.0,269612212539.0,0.001222260549315183
4353,2024-10-29,5.82,5.86,5.8,5.81,293860704.0,1785953207.0,269612212539.0,0.0010899384016497117
4354,2024-10-30,5.8,5.83,5.75,5.76,305412004.0,1839999984.0,269612212539.0,0.0011327825291141864
4355,2024-10-31,5.79,5.85,5.76,5.79,305287998.0,1844805161.0,269612212539.0,0.0011323225870409688
4356,2024-11-01,5.79,5.9,5.78,5.9,451237925.0,2760339812.0,269612212539.0,0.0016736553613450557
4357,2024-11-04,5.9,5.9,5.8,5.88,318060458.0,1937583730.0,269612212539.0,0.0011796960345555262
4358,2024-11-05,5.85,5.9,5.84,5.9,312510781.0,1914855699.0,269612212539.0,0.0011591121116399526
4359,2024-11-06,5.88,5.9,5.82,5.84,345023115.0,2106283783.0,269612212539.0,0.0012797013597820302
4360,2024-11-07,5.83,5.9,5.81,5.9,379448763.0,2318559913.0,269612212539.0,0.0014073871484776006
4361,2024-11-08,5.9,5.91,5.85,5.86,330042436.0,2021389761.0,269612212539.0,0.0012241375599863031
4362,2024-11-11,5.83,5.84,5.77,5.79,398730171.0,2410772377.0,269612212539.0,0.0014789024845909856
4363,2024-11-12,5.79,5.82,5.75,5.75,329274155.0,1984275396.0,269612212539.0,0.0012212879820952835
4364,2024-11-13,5.75,5.82,5.73,5.79,343885792.0,2075207458.0,269612212539.0,0.0012754829937470142
4365,2024-11-14,5.78,5.85,5.76,5.82,373526484.0,2271181110.0,269612212539.0,0.0013854212332683876
4366,2024-11-15,5.81,5.86,5.78,5.8,384523275.0,2337086119.0,269612212539.0,0.0014262086697737323
4367,2024-11-18,5.83,5.98,5.82,5.93,693242480.0,4282442406.0,269612212539.0,0.0025712577092542534
4368,2024-11-19,5.92,5.96,5.82,5.9,429498710.0,2648795351.0,269612212539.0,0.0015930239433715268
4369,2024-11-20,5.88,5.92,5.87,5.89,268242057.0,1649596256.0,269612212539.0,0.0009949180509069046
4370,2024-11-21,5.88,5.9,5.86,5.88,180910703.0,1107466761.0,269612212539.0,0.0006710033692328787
4371,2024-11-22,5.89,5.9,5.8,5.8,297820281.0,1814510786.0,269612212539.0,0.0011046245946923477
4372,2024-11-25,5.81,5.88,5.8,5.82,290372207.0,1770698664.0,269612212539.0,0.0010769994588357048
4373,2024-11-26,5.82,5.92,5.8,5.91,330004149.0,2021400613.0,269612212539.0,0.0012239955523241151
4374,2024-11-27,5.9,5.96,5.89,5.94,288317376.0,1783808194.0,269612212539.0,0.0010693780273706788
4375,2024-11-28,5.93,5.96,5.9,5.93,201840011.0,1248696415.0,269612212539.0,0.0007486308171993633
4376,2024-11-29,5.93,5.97,5.89,5.9,290646513.0,1796519084.0,269612212539.0,0.0010780168682379598
4377,2024-12-02,5.91,5.91,5.85,5.88,241747989.0,1480654067.0,269612212539.0,0.0008966507367133105
4378,2024-12-03,5.88,5.95,5.87,5.95,338517203.0,2090169390.0,269612212539.0,0.001255570731800707
4379,2024-12-04,5.95,6.02,5.91,6.0,357231531.0,2228037037.0,269612212539.0,0.0013249827507287922
4380,2024-12-05,5.99,6.07,5.97,6.0,264528322.0,1659231378.0,269612212539.0,0.0009811436934138709
4381,2024-12-06,6.0,6.08,5.99,6.06,311963037.0,1968098516.0,269612212539.0,0.0011570805122741756
4382,2024-12-09,6.04,6.11,6.02,6.06,312743296.0,1982868640.0,269612212539.0,0.0011599745169361014
4383,2024-12-10,6.09,6.18,6.07,6.15,437294605.0,2792561332.0,269612212539.0,0.001621939158029588
4384,2024-12-11,6.14,6.18,6.04,6.05,387000336.0,2461585210.0,269612212539.0,0.0014353961653128734
4385,2024-12-12,6.06,6.15,6.05,6.15,290184474.0,1851706028.0,269612212539.0,0.0010763031513567813
4386,2024-12-13,6.14,6.18,6.1,6.13,389098441.0,2494595254.0,269612212539.0,0.0014431781013766803
4387,2024-12-16,6.13,6.31,6.12,6.26,471572594.0,3074595963.0,269612212539.0,0.0017490772749464603
4388,2024-12-17,6.25,6.32,6.24,6.24,313847722.0,2053036753.0,269612212539.0,0.0011640708669849338
4389,2024-12-18,6.27,6.37,6.26,6.32,348942453.0,2301576369.0,269612212539.0,0.0012942383051343593
4390,2024-12-19,6.3,6.34,6.21,6.22,361528511.0,2360581313.0,269612212539.0,0.0013409203818899862
4391,2024-12-20,6.23,6.34,6.23,6.26,376548842.0,2467195131.0,269612212539.0,0.0013966312521749415
4392,2024-12-23,6.26,6.48,6.26,6.42,487110027.0,3253676275.0,269612212539.0,0.0018067060924754604
4393,2024-12-24,6.43,6.51,6.37,6.5,464147368.0,3126875532.0,269612212539.0,0.0017215368830255048
4394,2024-12-25,6.49,6.75,6.48,6.65,636090132.0,4411842457.0,269612212539.0,0.0023592778903069466
4395,2024-12-26,6.65,6.65,6.51,6.64,487252264.0,3343500772.0,269612212539.0,0.0018072336538891682
4396,2024-12-27,6.61,6.65,6.48,6.63,510704060.0,3503590982.0,269612212539.0,0.0018942170875368843
4397,2024-12-30,6.6,6.71,6.59,6.66,482330317.0,3342787449.0,269612212539.0,0.001788978000876833
4398,2024-12-31,6.65,6.74,6.61,6.63,520980174.0,3632600718.0,269612212539.0,0.0019323315108533486
4399,2025-01-02,6.62,6.69,6.48,6.52,531482465.0,3636887200.0,269612212539.0,0.0019712848316287596
4400,2025-01-03,6.53,6.55,6.35,6.43,521073986.0,3493034297.0,269612212539.0,0.0019326794624506317
4401,2025-01-06,6.43,6.5,6.32,6.47,474224652.0,3180308148.0,269612212539.0,0.001758913839748273
4402,2025-01-07,6.47,6.57,6.43,6.55,382021777.0,2534162279.0,269612212539.0,0.0014169305366489647
4403,2025-01-08,6.55,6.7,6.53,6.62,399684284.0,2703647491.0,269612212539.0,0.0014824413190933803
4404,2025-01-09,6.62,6.63,6.52,6.57,236723419.0,1589593952.0,269612212539.0,0.000878014451833325
4405,2025-01-10,6.58,6.6,6.46,6.53,262025788.0,1748468963.0,269612212539.0,0.0009718617177331958
4406,2025-01-13,6.52,6.53,6.36,6.46,330603282.0,2177310840.0,269612212539.0,0.001226217755073604
4407,2025-01-14,6.45,6.51,6.43,6.47,341885264.0,2259932309.0,269612212539.0,0.0012680629737814475
4408,2025-01-15,6.46,6.59,6.44,6.49,307598274.0,2046662181.0,269612212539.0,0.0011408914718783565
4409,2025-01-16,6.5,6.55,6.43,6.54,267468138.0,1778119565.0,269612212539.0,0.0009920475615002424
4410,2025-01-17,6.53,6.56,6.46,6.47,278134635.0,1846159116.0,269612212539.0,0.001031609927386977
4411,2025-01-20,6.48,6.49,6.43,6.43,227362256.0,1498234582.0,269612212539.0,0.0008432936099551186
4412,2025-01-21,6.44,6.47,6.39,6.42,215743537.0,1417436127.0,269612212539.0,0.0008001994233432294
4413,2025-01-22,6.41,6.43,6.27,6.31,411169363.0,2658494738.0,269612212539.0,0.0015250398308293378
4414,2025-01-23,6.35,6.55,6.35,6.52,544682003.0,3602828423.0,269612212539.0,0.002020242324598744
4415,2025-01-24,6.53,6.58,6.43,6.53,328205211.0,2189475262.0,269612212539.0,0.0012173232358772487
4416,2025-01-27,6.54,6.71,6.54,6.68,371866219.0,2529075691.0,269612212539.0,0.0013792632592494628
4417,2025-02-05,6.68,6.7,6.54,6.55,330540617.0,2222211105.0,269612212539.0,0.0012259853286586066
4418,2025-02-06,6.56,6.62,6.51,6.55,264423725.0,1768795001.0,269612212539.0,0.0009807557399194242
4419,2025-02-07,6.53,6.55,6.47,6.55,367643900.0,2445156830.0,269612212539.0,0.0013636025480367271
4420,2025-02-10,6.52,6.6,6.5,6.53,311926833.0,2088870492.0,269612212539.0,0.001156946230523141
4421,2025-02-11,6.54,6.68,6.54,6.68,394195410.0,2664073222.0,269612212539.0,0.0014620829163774574
4422,2025-02-12,6.67,6.78,6.59,6.76,325781148.0,2231545258.0,269612212539.0,0.0012083323115523747
4423,2025-02-13,6.75,6.85,6.73,6.82,294524426.0,2045526566.0,269612212539.0,0.001092400166989455
4424,2025-02-14,6.82,6.86,6.76,6.85,253157791.0,1759162065.0,269612212539.0,0.0009389700437378376
4425,2025-02-17,6.84,6.86,6.77,6.82,271346003.0,1885698489.0,269612212539.0,0.0010064306822182589
4426,2025-02-18,6.81,6.99,6.8,6.94,397512135.0,2808344232.0,269612212539.0,0.0014743847515531182
4427,2025-02-19,6.93,6.97,6.89,6.91,322072343.0,2274371586.0,269612212539.0,0.0011945762395811782
4428,2025-02-20,6.9,6.94,6.86,6.93,251326656.0,1772394388.0,269612212539.0,0.000932178307626347
4429,2025-02-21,6.91,6.92,6.77,6.79,577209800.0,4021172959.0,269612212539.0,0.002140888925484061
4430,2025-02-24,6.76,6.8,6.68,6.75,437330985.0,3008552846.0,269612212539.0,0.001622074092570043
4431,2025-02-25,6.75,6.79,6.69,6.72,313984475.0,2159709477.0,269612212539.0,0.001164578088073742
4432,2025-02-26,6.72,6.8,6.7,6.74,329370010.0,2269557031.0,269612212539.0,0.0012216435112424884
4433,2025-02-27,6.72,6.81,6.62,6.79,439190234.0,3015352621.0,269612212539.0,0.0016289701043734068
4434,2025-02-28,6.76,6.84,6.73,6.73,431589620.0,2985870129.0,269612212539.0,0.0016007791929587374
4435,2025-03-03,6.73,6.75,6.64,6.71,396401925.0,2705652927.0,269612212539.0,0.0014702669484701462
4436,2025-03-04,6.68,6.7,6.64,6.64,343656171.0,2336781175.0,269612212539.0,0.0012746313223859968
4437,2025-03-05,6.63,6.76,6.59,6.73,459912360.0,3147082337.0,269612212539.0,0.001705829107920965
4438,2025-03-06,6.71,6.72,6.65,6.69,365671205.0,2495349517.0,269612212539.0,0.0013562857615253793
4439,2025-03-07,6.69,6.71,6.65,6.66,322375578.0,2195284348.0,269612212539.0,0.0011957009475354076
4440,2025-03-10,6.65,6.66,6.58,6.6,324211647.0,2186689995.0,269612212539.0,0.0012025109840048587
4441,2025-03-11,6.58,6.64,6.58,6.64,268000241.0,1809114543.0,269612212539.0,0.0009940211479152977
4442,2025-03-12,6.62,6.63,6.56,6.58,317770218.0,2135384159.0,269612212539.0,0.0011786195254565252
4443,2025-03-13,6.58,6.63,6.56,6.59,257295017.0,1734795847.0,269612212539.0,0.0009543151423928236
4444,2025-03-14,6.58,6.67,6.58,6.61,489072129.0,3311312295.0,269612212539.0,0.001813983589223558
4445,2025-03-17,6.61,6.69,6.6,6.67,358619828.0,2436756611.0,269612212539.0,0.0013301319870594691
4446,2025-03-18,6.69,6.7,6.63,6.66,236952810.0,1611444863.0,269612212539.0,0.0008788652701172587
4447,2025-03-19,6.67,6.74,6.66,6.73,303269420.0,2077764026.0,269612212539.0,0.0011248356190694865
4448,2025-03-20,6.73,6.78,6.67,6.7,300845241.0,2058985286.0,269612212539.0,0.0011158442644970397
4449,2025-03-21,6.68,6.71,6.61,6.62,308799123.0,2096634446.0,269612212539.0,0.0011453454578038876
4450,2025-03-24,6.62,6.71,6.62,6.68,306040169.0,2084392843.0,269612212539.0,0.001135112412445822
4451,2025-03-25,6.69,6.73,6.67,6.71,231805672.0,1587419428.0,269612212539.0,0.000859774376750344
4452,2025-03-26,6.72,6.74,6.67,6.69,233780088.0,1598912190.0,269612212539.0,0.0008670975465036963
4453,2025-03-27,6.68,6.75,6.68,6.73,258027810.0,1771784348.0,269612212539.0,0.0009570330941988606
4454,2025-03-28,6.72,6.74,6.69,6.74,212838148.0,1458086737.0,269612212539.0,0.0007894232460601632
4455,2025-03-31,6.74,6.8,6.66,6.75,407133779.0,2804461039.0,269612212539.0,0.0015100717254827884
4456,2025-04-01,6.73,6.76,6.64,6.66,428429119.0,2917602553.0,269612212539.0,0.0015890567974105652
4457,2025-04-02,6.65,6.72,6.64,6.71,309974434.0,2116421300.0,269612212539.0,0.0011497047225008828
4458,2025-04-03,6.68,6.76,6.68,6.75,306166881.0,2102242324.0,269612212539.0,0.001135582391156381
4459,2025-04-07,6.66,6.68,6.46,6.62,849156726.0,5702039106.0,269612212539.0,0.0031495484496169386
4460,2025-04-08,6.56,6.7,6.54,6.68,671267831.0,4544166472.0,269612212539.0,0.0024897530593236744
4461,2025-04-09,6.65,6.75,6.6,6.66,566168770.0,3844424813.0,269612212539.0,0.002099937405165215
4462,2025-04-10,6.66,6.66,6.59,6.61,401337508.0,2710599655.0,269612212539.0,0.001488573177826452
4463,2025-04-11,6.62,6.66,6.58,6.66,347554477.0,2348002468.0,269612212539.0,0.0012890902594025688
4464,2025-04-14,6.64,6.76,6.63,6.73,439404222.0,3007411465.0,269612212539.0,0.001629763792455949
4465,2025-04-15,6.73,6.83,6.72,6.82,384179013.0,2662998736.0,269612212539.0,0.0014249317914129267
4466,2025-04-16,6.82,6.91,6.79,6.91,413240227.0,2892689930.0,269612212539.0,0.0015327207291851584
4467,2025-04-17,6.91,6.93,6.82,6.91,263918835.0,1851782419.0,269612212539.0,0.0009788830873594925
4468,2025-04-18,6.9,7.02,6.89,6.99,388434530.0,2766835232.0,269612212539.0,0.0014407156350301161
4469,2025-04-21,6.98,7.1,6.91,6.91,374298383.0,2668689810.0,269612212539.0,0.0013882842304328367
4470,2025-04-22,6.91,7.01,6.9,7.0,299787096.0,2134511557.0,269612212539.0,0.0011119195721025995
4471,2025-04-23,6.99,7.02,6.92,6.96,256977281.0,1828680838.0,269612212539.0,0.0009531366497829829
4472,2025-04-24,6.94,7.14,6.94,7.09,357610870.0,2578423054.0,269612212539.0,0.0013263897307629223
4473,2025-04-25,7.1,7.16,7.02,7.06,232601976.0,1680542606.0,269612212539.0,0.0008627278928114341
4474,2025-04-28,7.07,7.19,7.07,7.14,285376580.0,2081021042.0,269612212539.0,0.0010584705244341245
4475,2025-04-29,7.15,7.18,7.09,7.12,217973789.0,1585106865.0,269612212539.0,0.0008084714966999858
4476,2025-04-30,7.07,7.08,6.83,6.87,644997131.0,4547350160.0,269612212539.0,0.0023923142239215137
4477,2025-05-06,6.87,6.89,6.79,6.84,366374062.0,2553328289.0,269612212539.0,0.0013588926797854276
4478,2025-05-07,6.87,6.96,6.83,6.96,433645624.0,3063562853.0,269612212539.0,0.0016084049751168901
4479,2025-05-08,6.94,7.02,6.93,6.96,283712076.0,2017330424.0,269612212539.0,0.0010522968278336444
4480,2025-05-09,6.95,7.08,6.95,7.02,312196548.0,2237795766.0,269612212539.0,0.0011579466117649997
4481,2025-05-12,7.0,7.03,6.96,7.01,270276988.0,1932351708.0,269612212539.0,0.0010024656726590373
4482,2025-05-13,7.01,7.1,6.97,7.08,276745946.0,1994786847.0,269612212539.0,0.001026459237116227
4483,2025-05-14,7.08,7.13,7.05,7.08,286869706.0,2076209237.0,269612212539.0,0.0010640085747543936
4484,2025-05-15,7.08,7.14,7.07,7.12,270262063.0,1961219204.0,269612212539.0,0.0010024103153743675
4485,2025-05-16,7.11,7.15,6.97,7.01,393514131.0,2821005777.0,269612212539.0,0.0014595560315839823
4486,2025-05-19,7.01,7.05,6.96,6.97,256669058.0,1835179445.0,269612212539.0,0.0009519934411831299
4487,2025-05-20,6.99,7.01,6.95,6.98,197691246.0,1409121067.0,269612212539.0,0.0007332429200379917
4488,2025-05-21,6.98,7.04,6.96,6.99,254071278.0,1817575023.0,269612212539.0,0.0009423581951550063
4489,2025-05-22,7.0,7.01,6.95,6.97,294075911.0,2095825511.0,269612212539.0,0.0010907366110407973
4490,2025-05-23,6.97,7.0,6.92,6.93,316918822.0,2250187441.0,269612212539.0,0.0011754616714706758
4491,2025-05-26,6.93,6.95,6.89,6.91,287644999.0,2031163197.0,269612212539.0,0.001066884160369373
4492,2025-05-27,6.91,6.94,6.9,6.91,182520233.0,1290694507.0,269612212539.0,0.000676973165574234
4493,2025-05-28,6.91,6.93,6.88,6.91,171017546.0,1204153102.0,269612212539.0,0.000634309345223974
4494,2025-05-29,6.91,6.92,6.88,6.9,193469856.0,1361048215.0,269612212539.0,0.0007175856545148679
4495,2025-05-30,6.91,6.97,6.88,6.92,346759935.0,2453474445.0,269612212539.0,0.0012861432786537457
4496,2025-06-03,6.91,6.98,6.9,6.96,272811811.0,1935871377.0,269612212539.0,0.0010118674092351701
4497,2025-06-04,6.96,6.97,6.91,6.93,211897550.0,1501300431.0,269612212539.0,0.0007859345391090122
4498,2025-06-05,6.93,6.97,6.92,6.94,225574217.0,1598752218.0,269612212539.0,0.0008366617182349268
4499,2025-06-06,6.95,6.97,6.92,6.95,187029962.0,1326482212.0,269612212539.0,0.0006936998893288103
4500,2025-06-09,6.95,6.96,6.9,6.93,291368455.0,2060159019.0,269612212539.0,0.0010806945733508007
4501,2025-06-10,6.93,7.04,6.92,6.95,416132202.0,2968939276.0,269612212539.0,0.0015434471535290917
4502,2025-06-11,6.95,7.0,6.94,6.97,224773372.0,1600489311.0,269612212539.0,0.0008336913594649798
4503,2025-06-12,6.97,6.98,6.94,6.96,231833635.0,1647893541.0,269612212539.0,0.0008598780923785667
4504,2025-06-13,6.96,6.98,6.93,6.94,280894807.0,1993391253.0,269612212539.0,0.0010418474903445554
4505,2025-06-16,6.93,6.99,6.88,6.99,278603977.0,1973414702.0,269612212539.0,0.0010333507313200782
4506,2025-06-17,6.98,7.02,6.97,7.02,227938264.0,1631206054.0,269612212539.0,0.0008454300413673889
4507,2025-06-18,7.02,7.1,7.01,7.1,332132252.0,2399282240.0,269612212539.0,0.0012318887518938198
4508,2025-06-19,7.09,7.15,7.05,7.15,284177966.0,2063441901.0,269612212539.0,0.0010540248281924285
4509,2025-06-20,7.14,7.23,7.13,7.22,310692774.0,2278784786.0,269612212539.0,0.0011523690676847867
4510,2025-06-23,7.21,7.4,7.18,7.37,389737815.0,2904803935.0,269612212539.0,0.001445549559234538
4511,2025-06-24,7.36,7.48,7.35,7.47,356019900.0,2697370670.0,269612212539.0,0.00132048877403319
4512,2025-06-25,7.45,7.55,7.37,7.51,349545155.0,2670562941.0,269612212539.0,0.0012964737454147688
4513,2025-06-26,7.5,7.59,7.46,7.56,293189014.0,2256598292.0,269612212539.0,0.0010874470827525646
4514,2025-06-27,7.56,7.6,7.33,7.35,482051141.0,3654638053.0,269612212539.0,0.0017879425284945882
4515,2025-06-30,7.33,7.45,7.27,7.43,306147245.0,2307954197.0,269612212539.0,0.0011355095606276186
4516,2025-07-01,7.43,7.58,7.42,7.5,268331921.0,2061516556.0,269612212539.0,0.0009952513592505947
4517,2025-07-02,7.52,7.55,7.49,7.52,206829092.0,1588904790.0,269612212539.0,0.0007671354722853355
4518,2025-07-03,7.52,7.56,7.44,7.48,225654126.0,1727134627.0,269612212539.0,0.0008369581031770163
4519,2025-07-04,7.48,7.62,7.47,7.59,289057141.0,2231478827.0,269612212539.0,0.001072121838539444
4520,2025-07-07,7.58,7.61,7.54,7.57,194883425.0,1507334339.0,269612212539.0,0.0007228286254718884
4521,2025-07-08,7.57,7.62,7.54,7.6,198342024.0,1536668535.0,269612212539.0,0.0007356566756830772
4522,2025-07-09,7.6,7.77,7.59,7.69,289827566.0,2281970067.0,269612212539.0,0.0010749793685924957
4523,2025-07-10,7.71,7.96,7.71,7.91,587046649.0,4723382454.0,269612212539.0,0.0021773741013867555
4524,2025-07-11,7.95,8.19,7.85,7.85,888595567.0,7287115483.0,269612212539.0,0.0032958283255490983
4525,2025-07-14,7.9,7.98,7.84,7.84,470693507.0,3718881121.0,269612212539.0,0.0017458167141887653
4526,2025-07-15,7.86,7.88,7.76,7.8,318688110.0,2491230676.0,269612212539.0,0.001182024015154362
4527,2025-07-16,7.77,7.8,7.7,7.8,352498773.0,2727111481.0,269612212539.0,0.0013074288055442231
4528,2025-07-17,7.79,7.81,7.72,7.75,279321672.0,2165167688.0,269612212539.0,0.001036012684179117
4529,2025-07-18,7.74,7.82,7.7,7.77,272785006.0,2118707043.0,269612212539.0,0.0010117679886646124
4530,2025-07-21,7.76,7.77,7.67,7.7,313546593.0,2416554043.0,269612212539.0,0.0011629539702495664
4531,2025-07-22,7.67,7.68,7.56,7.6,477834517.0,3631140814.0,269612212539.0,0.0017723029402122508
4532,2025-07-23,7.59,7.73,7.56,7.65,489105637.0,3743744906.0,269612212539.0,0.0018141078714275594
4533,2025-07-24,7.65,7.67,7.53,7.55,462394830.0,3497603345.0,269612212539.0,0.001715036665607696
4534,2025-07-25,7.53,7.58,7.48,7.49,330891747.0,2491086129.0,269612212539.0,0.0012272876806429375
4535,2025-07-28,7.49,7.54,7.46,7.49,273422683.0,2051369273.0,269612212539.0,0.0010141331522972048
4536,2025-07-29,7.49,7.52,7.43,7.43,292271928.0,2182949359.0,269612212539.0,0.0010840455825335516
4537,2025-07-30,7.43,7.55,7.4,7.49,390727111.0,2927215141.0,269612212539.0,0.0014492188885675216
4538,2025-07-31,7.49,7.59,7.42,7.56,480969617.0,3614613287.0,269612212539.0,0.0017839311226691063
4539,2025-08-01,7.56,7.67,7.48,7.62,514589960.0,3907516134.0,269612212539.0,0.001908630010317368
4540,2025-08-04,7.63,7.78,7.62,7.68,448275076.0,3454575647.0,269612212539.0,0.0016626660631522989
4541,2025-08-05,7.68,7.76,7.63,7.76,340318210.0,2621498587.0,269612212539.0,0.0012622507222322958
4542,2025-08-06,7.75,7.8,7.71,7.76,296778213.0,2301147116.0,269612212539.0,0.0011007595323860575
4543,2025-08-07,7.75,7.87,7.7,7.84,378982097.0,2960611114.0,269612212539.0,0.0014056562699109167
4544,2025-08-08,7.84,7.9,7.77,7.79,273925773.0,2144008142.0,269612212539.0,0.0010159991286016988
4545,2025-08-11,7.78,7.8,7.68,7.7,336839216.0,2599658650.0,269612212539.0,0.0012493470263379685
4546,2025-08-12,7.69,7.81,7.67,7.78,318398082.0,2474883100.0,269612212539.0,0.0011809482923698905
4547,2025-08-13,7.77,7.82,7.7,7.7,336019675.0,2601354456.0,269612212539.0,0.00124630732352821
4548,2025-08-14,7.7,7.76,7.67,7.69,283487282.0,2187318596.0,269612212539.0,0.001051463059964292
4549,2025-08-15,7.7,7.72,7.48,7.55,648005787.0,4882339779.0,269612212539.0,0.0024034734216880644
4550,2025-08-18,7.51,7.54,7.46,7.53,407237249.0,3054805757.0,269612212539.0,0.001510455498899525
4551,2025-08-19,7.53,7.6,7.51,7.57,338524703.0,2560802995.0,269612212539.0,0.001255598549531697
4552,2025-08-20,7.58,7.62,7.56,7.57,331520586.0,2515293334.0,269612212539.0,0.0012296200638613312
4553,2025-08-21,7.57,7.62,7.51,7.6,344302753.0,2609843960.0,269612212539.0,0.001277029514937851
4554,2025-08-22,7.6,7.63,7.53,7.63,383772789.0,2908481745.0,269612212539.0,0.0014234250940857748
4555,2025-08-25,7.6,7.61,7.55,7.59,413159805.0,3129154376.0,269612212539.0,0.0015324224415102692
4556,2025-08-26,7.58,7.62,7.54,7.55,299832827.0,2268338336.0,269612212539.0,0.0011120891897900527
4557,2025-08-27,7.54,7.54,7.41,7.41,515724751.0,3852879694.0,269612212539.0,0.0019128389850864018
4558,2025-08-28,7.41,7.44,7.32,7.38,465468887.0,3436054969.0,269612212539.0,0.0017264384376975094
4559,2025-08-29,7.38,7.53,7.38,7.43,519615100.0,3876595173.0,269612212539.0,0.0019272684093449089
4560,2025-09-01,7.43,7.45,7.36,7.38,384543584.0,2842147961.0,269612212539.0,0.0014262839964802223
4561,2025-09-02,7.37,7.57,7.35,7.57,769065213.0,5756720401.0,269612212539.0,0.00285248656118926
4562,2025-09-03,7.57,7.58,7.42,7.44,491977133.0,3687104656.0,269612212539.0,0.0018247583385297668
4563,2025-09-04,7.4,7.6,7.26,7.54,876005936.0,6522723401.0,269612212539.0,0.003249132996426428
4564,2025-09-05,7.52,7.54,7.4,7.44,441709309.0,3294733880.0,269612212539.0,0.0016383134311325224
4565,2025-09-08,7.41,7.44,7.37,7.4,354276019.0,2623331823.0,269612212539.0,0.0013140206656950051
4566,2025-09-09,7.39,7.46,7.38,7.43,266279392.0,1977586299.0,269612212539.0,0.0009876384659744672
4567,2025-09-10,7.44,7.48,7.38,7.47,288656044.0,2148056693.0,269612212539.0,0.0010706341574131968
4568,2025-09-11,7.46,7.58,7.39,7.51,541515855.0,4047763814.0,269612212539.0,0.002008498984153652
4569,2025-09-12,7.49,7.54,7.45,7.48,299282463.0,2242324705.0,269612212539.0,0.001110047872763583
4570,2025-09-15,7.45,7.51,7.4,7.43,329581921.0,2450259696.0,269612212539.0,0.0012224294956680616
4571,2025-09-16,7.41,7.49,7.41,7.45,289347614.0,2156214466.0,269612212539.0,0.0010731992118426209
4572,2025-09-17,7.42,7.46,7.4,7.46,247584186.0,1840577293.0,269612212539.0,0.000918297371133314
4573,2025-09-18,7.45,7.46,7.28,7.29,529780717.0,3898308494.0,269612212539.0,0.0019649729958852143
4574,2025-09-19,7.28,7.28,7.12,7.2,480709754.0,3461205358.0,269612212539.0,0.001782967282798676
4575,2025-09-22,7.2,7.25,7.15,7.18,275089120.0,1981415047.0,269612212539.0,0.0010203140184542189
4576,2025-09-23,7.16,7.41,7.13,7.4,628825604.0,4616426036.0,269612212539.0,0.002332333532217273
4577,2025-09-24,7.39,7.53,7.37,7.47,514206919.0,3831987701.0,269612212539.0,0.0019072092994512214
4578,2025-09-25,7.44,7.46,7.31,7.38,323722840.0,2381142340.0,269612212539.0,0.0012006979837872619
4579,2025-09-26,7.35,7.43,7.3,7.41,273359298.0,2015436918.0,269612212539.0,0.001013898055380032
4580,2025-09-29,7.38,7.4,7.26,7.33,405003933.0,2967071849.0,269612212539.0,0.0015021720610724014
4581,2025-09-30,7.31,7.33,7.26,7.3,244567627.0,1784123669.0,269612212539.0,0.0009071088608963615
4582,2025-10-09,7.25,7.32,7.2,7.31,297741076.0,2160546979.0,269612212539.0,0.0011043308209079405
4583,2025-10-10,7.29,7.36,7.28,7.31,304869689.0,2232583779.0,269612212539.0,0.0011307710660766151
